Rating,Title,New Desc,Level,BodyPart,Type,Equipment
Bad Good Best,string,string,Beginner Expert Intermediate,Abdominals Abductors Adductors Biceps Calves Chest Forearms Glutes Hamstrings Lats Lower\ Back Middle\ Back Neck Quadriceps Shoulders Traps Triceps,Cardio Olympic\ Weightlifting Plyometrics Powerlifting Strength Stretching Strongman,Bands Barbell Body\ Only Cable Dumbbell E-Z\ Curl\ Bar Exercise\ Ball Foam\ Roll Kettlebells Machine Medicine\ Ball None Other
class,meta,meta,,,,
Bad,Partner plank band row,The partner plank band row is an abdominal exercise where two partners perform single-arm planks while pulling on the opposite ends of an exercise band. This technique can be done for time or reps in any ab-focused workout.,Intermediate,Abdominals,Strength,Bands
Bad,Banded crunch isometric hold,"The banded crunch isometric hold is an exercise targeting the abdominal muscles, particularly the rectus abdominis or ""six-pack"" muscles. The band adds resistance and continuous tension to this popular exercise.",Intermediate,Abdominals,Strength,Bands
Bad,FYR Banded Plank Jack,"The banded plank jack is a variation on the plank that involves moving the legs in and out for repetitions. Having a band around the thighs forces the lower body to work harder, particularly the hips and glutes. The plank jack is commonly performed as part of a bodyweight circuit, or as part of a dynamic warm-up.",Intermediate,Abdominals,Strength,Bands
Bad,Banded crunch,"The banded crunch is an exercise targeting the abdominal muscles, particularly the rectus abdominis or ""six-pack"" muscles. The band adds resistance and continuous tension to this popular exercise.",Intermediate,Abdominals,Strength,Bands
Best,Crunch,"The crunch is a popular core exercise targeting the rectus abdominis, or ""six-pack"" muscles, as well as the obliques. It has been the centerpiece of many ab-focused workouts, due to both its simplicity and the intense burn and mind-muscle connection it produces. It can be performed for time or reps as part of the ab-focused portion of any workout.",Intermediate,Abdominals,Strength,Bands
Bad,Decline band press sit-up,"The decline band press sit-up is a weighted core exercise that works the rectus abdominis or ""six pack"" muscles, as well as the deep core muscles. It also taxes the muscles of the shoulders and upper back. Sit-up variations with added resistance are usually performed for moderate to high reps, such as 8-12 reps per set or more, as part of the core-focused portion of a workout.",Intermediate,Abdominals,Strength,Bands
Best,FYR2 Banded Frog Pump,None,Intermediate,Abdominals,Strength,Bands
Best,Band low-to-high twist,"The band low-to-high twist is a core exercise targeting the upper abdominals and the obliques. Take care to perform it with control, as rapid, uncontrolled twisting can injure the spine. It is usually performed for moderate to high reps, at least 8-15 per side, as part of the core-focused portion of a workout.",Intermediate,Abdominals,Strength,Bands
Best,Barbell roll-out,"The barbell roll-out is an abdominal exercise that utilizes a barbell in the place of an ab roller. It is best performed with a barbell that has rotating collars, and is considered more difficult than other ab roller variations. Many lifters may not be able to perform a single rep at first, but once they can perform these for reps, they'll be rewarded with a seriously strong core.",Intermediate,Abdominals,Strength,Barbell
Best,Barbell Ab Rollout - On Knees,"The barbell roll-out is an abdominal exercise that utilizes a barbell in the place of an ab roller. It is best performed with a barbell that has rotating collars, and is considered more difficult than other ab roller variations. Many lifters may not be able to perform a single rep at first, but once they can perform these for reps, they'll be rewarded with a seriously strong core.",Intermediate,Abdominals,Strength,Barbell
Best,Decline bar press sit-up,"The decline bar press sit-up is a weighted core exercise targeting the abdominal muscles, particularly the lower abs. It also challenges the shoulders and upper back to move the weight. Weighted sit-up variations are usually performed for moderate to high reps, such as 8-12 reps per set or more, as part of the core-focused portion of a workout.",Intermediate,Abdominals,Strength,Barbell
Good,Bench barbell roll-out,"The bench barbell roll-out is a challenging exercise targeting the abdominals. It is similar to using an ab roller, but using a barbell allows for a wider grip. Placing the knees on a bench rather than the floor makes the move more difficult by increasing the challenge to the upper body.",Beginner,Abdominals,Strength,Barbell
Good,Barbell Side Bend,None,Beginner,Abdominals,Strength,Barbell
Bad,Seated bar twist,"The seated bar twist is a core exercise meant to strengthen the obliques. It is often performed for high reps with relatively light weight, such as an empty barbell, a lightweight fixed-weight bar, or even a PVC pipe. It can be performed during a workout, at the end of a workout, or outside of the gym to build core strength and resiliency.",Intermediate,Abdominals,Strength,Barbell
Bad,Single-arm landmine pull and press,"The single-arm landmine pull and press is an explosive rotational movement using a barbell anchored in a landmine device. It combines a pull off the floor with rotation and finishes with a press. It is usually performed for low reps per set with an emphasis on speed and form, not moving heavy weight.",Intermediate,Abdominals,Strength,Barbell
Best,Barbell Ab Roll Out - Gethin Variation,"The barbell roll-out is an abdominal exercise that utilizes a barbell in the place of an ab roller. It is best performed with a barbell that has rotating collars, and is considered more difficult than other ab roller variations. Many lifters may not be able to perform a single rep at first, but once they can perform these for reps, they'll be rewarded with a seriously strong core.",Intermediate,Abdominals,Strength,Barbell
Good,30 Barbell Floor Wiper,"The barbell floor wiper is a core exercise in which the barbell is held in the locked-out position of a floor press, and the hips and legs are rotated side to side. It targets the oblique muscles of the lateral abdomen, but is also seriously challenging to the deep core and rectus abdominis or ""six-pack"" muscles.",Intermediate,Abdominals,Strength,Barbell
Best,30 Barbell Roll-Out,"The barbell roll-out is an abdominal exercise that utilizes a barbell in the place of an ab roller. It is best performed with a barbell that has rotating collars, and is considered more difficult than other ab roller variations. Many lifters may not be able to perform a single rep at first, but once they can perform these for reps, they'll be rewarded with a seriously strong core.",Intermediate,Abdominals,Strength,Barbell
Best,Decline plate sit-up,"The decline plate sit-up is a weighted core exercise that works the rectus abdominis or ""six pack"" muscles, as well as the deep core muscles. Weighted sit-up variations are usually performed for moderate to high reps, such as 8-12 reps per set or more, as part of the core-focused portion of a workout.",Intermediate,Abdominals,Strength,Barbell
Best,KV Barbell Hip Thrust,None,Intermediate,Abdominals,Strength,Barbell
Good,Advanced Kettlebell Windmill,None,Beginner,Abdominals,Strength,Kettlebells
Good,Kettlebell Windmill,"The single-kettlebell windmill is a dynamic kettlebell exercise emphasizing core strength and shoulder and hip mobility and stability. It is often used as a functional warm-up or for multi-directional strength work. It doesn't work as well in a metcon or conditioning setting, and shouldn't be performed under intense fatigue.",Intermediate,Abdominals,Strength,Kettlebells
Good,Kettlebell Pass Between The Legs,None,Beginner,Abdominals,Strength,Kettlebells
Bad,Kettlebell 3-point leg extension,"The kettlebell 3-point leg extension is a dynamic core exercise performed around and over a kettlebell or other short, stationary object. It is similar in some ways to a V-up or reverse crunch, but targets both the obliques and the rectus abdominis or ""six-pack"" muscles. It can be performed for reps or for time, usually in dedicated ab training or as part of a kettlebell and bodyweight circuit workout.",Intermediate,Abdominals,Strength,Kettlebells
Bad,Double Kettlebell Swing,None,Intermediate,Abdominals,Strength,Kettlebells
Bad,Burpee over kettlebell,"The burpee over kettlebell is a more advanced version of a popular conditioning exercise. If you're performing a circuit that already has both burpees and kettlebell movements, it's a simple way to provide a novel stimulus to the muscles of the lower body and create a more athletic style of training.",Intermediate,Abdominals,Strength,Kettlebells
Best,Kettlebell toe-touch,"The kettlebell toe-touch is a more difficult version of a highly popular abdominal movement usually done for high reps. The simple addition of a weight makes the toe-touch far more difficult, providing a different stimulus to the core during training.",Intermediate,Abdominals,Strength,Kettlebells
Bad,Kettlebell swing,"The kettlebell swing is a popular lower-body exercise emphasizing the hamstrings, glutes, and back muscles. It is often used to train explosive power, for aerobic or cardiovascular conditioning, in circuit training, or as an accessory movement for the deadlift.",Intermediate,Abdominals,Strength,Kettlebells
Good,Two-way swing,"The two-way kettlebell swing is an exercise that alternates a chest-height kettlebell swing (sometimes called a ""Russian"" or ""hardstyle"" swing) with an overhead kettlebell swing (sometimes called an ""American"" swing). Both swing variations work many of the same muscles, such as the hamstrings, glutes, and core, but because the weight must travel farther in the overhead swing, it's slightly more metabolically demanding and works the upper back and shoulders more. This combo can be performed for time or reps and works especially well in circuit-style or full-body training. If you can't perform the overhead swing without lower back or shoulder pain, just perform the chest-height swing.",Intermediate,Abdominals,Strength,Kettlebells
Best,Kettlebell crab reach,"The kettlebell crab reach is a kettlebell pressing exercise in which the lifter presses a kettlebell overhead while in a modified single-arm bridge position. The simple addition of a weight makes the reach far more difficult, challenging the muscles of the back, shoulders, glutes, and core.",Intermediate,Abdominals,Strength,Kettlebells
Best,Taylor Single-Arm Kettlebell Swing,None,Intermediate,Abdominals,Strength,Kettlebells
Bad,Holman Kettlebell Up to Elbow Down,None,Intermediate,Abdominals,Strength,Kettlebells
Bad,FYR2 Double-Kettlebell Ski,None,Intermediate,Abdominals,Strength,Kettlebells
Bad,FYR2 Kettlebell Hike,None,Intermediate,Abdominals,Strength,Kettlebells
Good,FYR2 Kettlebell Cross-Body Catch,None,Intermediate,Abdominals,Strength,Kettlebells
Good,FYR2 Kettlebell Duck Walk,None,Intermediate,Abdominals,Strength,Kettlebells
Best,FYR2 Kettlebell Get-Up Reach,None,Intermediate,Abdominals,Strength,Kettlebells
Bad,FYR2 Kettlebell Juggle,None,Intermediate,Abdominals,Strength,Kettlebells
Best,FYR2 Squat-Clean-Alternating-Press Complex,None,Intermediate,Abdominals,Strength,Kettlebells
Best,Dumbbell V-Sit Cross Jab,"The dumbbell V-sit cross jab is a hybrid movement that trains the abdominal and shoulder muscles simultaneously. It can address multiple muscle groups in a time-efficient muscle-building or circuit-style workout, while also providing a cardiovascular challenge.",Intermediate,Abdominals,Strength,Dumbbell
Best,Dumbbell spell caster,"The dumbbell spell caster is an exercise that primarily targets the abdominal muscles such as the obliques. However, it also works shoulders, back, hips, and legs, and demands all of those muscles work together in a coordinated motion. It is usually performed with relatively light weights for moderate to high reps, at least 8-12 reps per side. Make sure to only use a weight you can control.",Beginner,Abdominals,Strength,Dumbbell
Best,Dumbbell side bend,"The dumbbell side bend is a popular exercise for targeting the oblique muscles of the abdomen. It is usually performed for relatively high reps, at least 8-12 reps per set or more. It can be performed one side at a time or alternating sides.",Intermediate,Abdominals,Strength,Dumbbell
Good,Dumbbell crunch,"The dumbbell crunch is a more difficult version of a highly popular abdominal movement. The simple addition of a weight makes the crunch far more difficult, providing a different stimulus to the core during training.",Intermediate,Abdominals,Strength,Dumbbell
Bad,Dumbbell Fix Dumbbell Sprawl,None,Intermediate,Abdominals,Strength,Dumbbell
Bad,Dumbbell Fix Alternating Renegade Row,None,Intermediate,Abdominals,Strength,Dumbbell
Good,Dumbbell Fix Dumbbell Mountain Climber,None,Intermediate,Abdominals,Strength,Dumbbell
Good,Dumbbell Fix Dumbbell Russian Twist,None,Intermediate,Abdominals,Strength,Dumbbell
Good,Dumbbell Fix Dumbbell Pull-Over,None,Intermediate,Abdominals,Strength,Dumbbell
Good,Dumbbell Fix Dumbbell Sit-Up,None,Intermediate,Abdominals,Strength,Dumbbell
Good,Dumbbell Fix Dumbbell Front Squat,None,Intermediate,Abdominals,Strength,Dumbbell
Bad,Dumbbell Fix Full Man Maker,None,Intermediate,Abdominals,Strength,Dumbbell
Best,Dumbbell T-hold,"The dumbbell T-hold is a static exercise that primarily targets the obliques, although it also works the shoulders and upper back. It involves holding a dumbbell in the air while in a side plank position. It is usually performed for timed holds, although it can be performed dynamically for reps as a plank with dumbbell rotation.",Intermediate,Abdominals,Strength,Dumbbell
Good,Dumbbell hollow-body floor press,The dumbbell hollow-body floor press combines upper-body strength and core work in one move.,Intermediate,Abdominals,Strength,Dumbbell
Bad,Dumbbell crusher,"The dumbbell crusher is a dumbbell complex that combines a squat with a dumbbell curl, followed by a triceps press. It targets the legs, glutes, biceps, shoulders, and triceps in a single sequence, making it a great way to burn serious calories and hit a lot of muscles in a short period of time. The upper-body movements will determine the amount of weight you can effectively use.",Intermediate,Abdominals,Strength,Dumbbell
Best,Dumbbell Crunch - Gethin Variation,"The dumbbell crunch is a more difficult version of a highly popular abdominal movement. The simple addition of a weight makes the crunch far more difficult, providing a different stimulus to the core during training.",Intermediate,Abdominals,Strength,Dumbbell
Best,Single-arm dumbbell crunch,"The single-arm dumbbell crunch is a more difficult version of a highly popular abdominal movement. Adding a weight to one side makes the crunch far more difficult to your rectus abdominis or ""six-pack"" muscles, as well as the obliques and deep core muscles.",Intermediate,Abdominals,Strength,Dumbbell
Good,HM Alternating Dumbbell Plank Row,None,Intermediate,Abdominals,Strength,Dumbbell
Best,Dumbbell straight-legged hip raise,The dumbbell straight-legged hip raise works the hips and glutes. It requires and teaches body control and coordination.,Intermediate,Abdominals,Strength,Dumbbell
Good,Seated leg tuck with dumbbell,The seated leg tuck with dumbbell is an ab exercise requiring only a bench and a dumbbell. It's commonly performed for high reps as a burnout at the end of a core workout.,Intermediate,Abdominals,Strength,Dumbbell
Bad,Dumbbell V-sit cross jab-,"The dumbbell V-sit cross jab is a hybrid movement that trains the abdominal and shoulder muscles simultaneously. It can address multiple muscle groups in a time-efficient muscle-building or circuit-style workout, while also providing a cardiovascular challenge.",Intermediate,Abdominals,Strength,Dumbbell
Good,30 Hanging Leg Raise With Dumbbell,None,Intermediate,Abdominals,Strength,Dumbbell
Best,Dumbbell Get-Up Sit-Up,None,Expert,Abdominals,Strength,Dumbbell
Bad,Holman Right Side Plank with Left Triceps Press,None,Intermediate,Abdominals,Strength,Dumbbell
Good,Holman Left Side Plank with Right Triceps Press,None,Intermediate,Abdominals,Strength,Dumbbell
Good,Holman Boat with Feet Push-Out and Overhead Press,None,Intermediate,Abdominals,Strength,Dumbbell
Bad,Holman Hovering Plank Row,None,Intermediate,Abdominals,Strength,Dumbbell
Best,Holman Weighted Seated Killer Abs to Russian Twist,None,Intermediate,Abdominals,Strength,Dumbbell
Good,Holman Straight Plank Dumbbell Reach-Under,None,Intermediate,Abdominals,Strength,Dumbbell
Best,Holman Straight-Arm Side Plank Overhead Press to Chest Press,None,Intermediate,Abdominals,Strength,Dumbbell
Good,Holman Weighted Burpee to Pike,None,Intermediate,Abdominals,Strength,Dumbbell
Bad,Holman Straight-Legged Boat Chest Press,None,Intermediate,Abdominals,Strength,Dumbbell
Bad,Holman Weighted Burpee to Side Delt Raise,None,Intermediate,Abdominals,Strength,Dumbbell
Good,Holman Heavy Double Pike,None,Intermediate,Abdominals,Strength,Dumbbell
Bad,Holman Heavy Double Split Pike,None,Intermediate,Abdominals,Strength,Dumbbell
Good,MetaBurn Alternating Dumbbell Sit-Through,None,Intermediate,Abdominals,Strength,Dumbbell
Good,MetaBurn Alternating Plank Row With Dumbbell Pull-Through,None,Intermediate,Abdominals,Strength,Dumbbell
Good,MetaBurn Alternating Plank Row With Push-Up,None,Intermediate,Abdominals,Strength,Dumbbell
Best,MetaBurn Dumbbell Russian Twist,None,Intermediate,Abdominals,Strength,Dumbbell
Bad,MetaBurn Dumbbell Toe-Touch,None,Intermediate,Abdominals,Strength,Dumbbell
Best,MetaBurn Plank To Alternating Row,None,Intermediate,Abdominals,Strength,Dumbbell
Best,Standing dumbbell knee crunch-,"The standing dumbbell knee crunch is a great way to train the abs while standing up. Additionally, the deltoids are worked because the lifter holds a pair of dumbbells overhead throughout.",Intermediate,Abdominals,Strength,Dumbbell
Bad,MetaBurn Plank With Dumbbell Rotation,None,Intermediate,Abdominals,Strength,Dumbbell
Bad,FYR2 Dumbbell Crab Reach,None,Intermediate,Abdominals,Strength,Dumbbell
Good,FYR2 Dumbbell Man-Maker,None,Intermediate,Abdominals,Strength,Dumbbell
Best,FYR2 Dumbbell Sit-Up Reach,None,Intermediate,Abdominals,Strength,Dumbbell
Best,FYR2 Loaded Beast Sprawl,None,Intermediate,Abdominals,Strength,Dumbbell
Bad,FYR2 Loaded to Unloaded Beast,None,Intermediate,Abdominals,Strength,Dumbbell
Good,Lying Leg Pullover,None,Intermediate,Abdominals,Strength,Dumbbell
Best,Landmine twist,"The landmine twist is a rotational abdominal movement performed using an angled barbell anchored at floor level in a landmine device. It can also be performed by sticking a barbell in the corner of a room, preferably in a towel to protect the walls. It targets the deep muscles of the core, including both the obliques and the transversus abdominis. It can be done fast or slow, for time or reps, either in traditional muscle-focused rep ranges such as 8-12 reps per side or for higher rep ranges.",Intermediate,Abdominals,Strength,Other
Best,Suspended ab fall-out,"The suspended ab fall-out is a dynamic abdominal exercise utilizing a suspension strap system or gymnastic rings. It is similar in form to an ab roller, but can more easily be scaled to be more or less difficult. It targets the muscles of the rectus abdominis or ""six-pack"" muscles, as well as the deep core muscles. It can be trained for low reps for strength or higher reps for muscle definition.",Intermediate,Abdominals,Strength,Other
Best,Decline reverse crunch,"The decline reverse crunch is a popular bodyweight exercise targeting the abdominal muscles, particularly the lower abs. It is usually performed for high reps, such as 10-15 reps per set or more, as part of the ab-focused portion of a workout.",Intermediate,Abdominals,Strength,Other
Best,Plate Twist,None,Beginner,Abdominals,Strength,Other
Best,Weighted Crunches,"The weighted suitcase crunch is a weighted version of a popular abdominal training exercise. The simple addition of a weight makes the suitcase crunch far more difficult, helping build the ""six pack"" muscles and providing a different stimulus to the core during training.",Intermediate,Abdominals,Strength,Other
Best,Ab Roller,"The ab wheel roll-out is an exercise targeting the abdominals, often with an inexpensive wheel device with a handle on either side. Many trainers and strength coaches claim it's one of, if no the best exercise for developing strength in the midsection. Beginners may have to start with a limited range of motion or just wheel planks.",Intermediate,Abdominals,Strength,Other
Best,Otis-Up,"The Otis-up is a weighted exercise focusing on the abdominal muscles, as well as the shoulders to a lesser degree. It primarily targets the rectus abdominus or “six-pack” muscles, but also involves the obliques and deep core muscles. It is normally performed on a decline bench holding a weight plate, but can also be performed with a dumbbell, kettlebell, or other weight.",Intermediate,Abdominals,Strength,Other
Best,Captain's chair knee raise,"The captain's chair knee raise is a bodyweight exercise that targets the abs. It is performed on an apparatus that allows the forearms to rest on pads and the upright torso to hang freely. Knee raises are often performed for moderate to high reps, such as 8-12 reps or more, as part of ab-focused training.",Intermediate,Abdominals,Strength,Other
Best,Sledgehammer swing,The sledgehammer swing is an exercise working the abdominals and numerous other muscles. The sledgehammer is slammed from overhead onto a tire which absorbs the impact and causes the hammer to bounce back up. It can be performed for time or reps as part of a functional fitness or athleticism-focused workout.,Intermediate,Abdominals,Plyometrics,Other
Best,Decline bar press sit-up,"The decline bar press sit-up is a weighted core exercise targeting the abdominal muscles, particularly the lower abs. It also challenges the shoulders and upper back to move the weight. Weighted sit-up variations are usually performed for moderate to high reps, such as 8-12 reps per set or more, as part of the core-focused portion of a workout.",Intermediate,Abdominals,Strength,Barbell
Good,Pallof press,"The Pallof press is an isometric exercise that trains core stability. It involves resisting rotation from a cable or band, developing what is sometimes called ""anti-rotation"" core strength. It is most often seen in programs for athletes who compete in sports that test strength, power, and functional movements. It can be trained in timed holds or for reps by pressing the cable or band away from the body.",Intermediate,Abdominals,Strength,Other
Good,Weighted Sit-Ups - With Bands,"The weighted sit-up is a more difficult version of a highly popular abdominal movement. The simple addition of a weight makes the sit-up far more difficult, providing a different stimulus to the core during training and helping build strong abs.",Intermediate,Abdominals,Strength,Other
Bad,Suitcase crunch,"The suitcase crunch is a bodyweight movement that targets the muscles of the abs, the rectus abdominis or ""six-pack"" muscles in particular. It is similar to a V-up, but the lower back stays flat against the ground. It can be performed for time or reps in the ab-focused portion of any workout.",Intermediate,Abdominals,Strength,Other
Good,FYR Rope Jumping,"Jumping rope is classic conditioning exercise that is popular with everyone from children to boxers to CrossFit athletes. It targets many different muscles, including the calves, glutes, shoulders, and upper back, and is great for everything from fat loss to improving overall athletic performance.",Intermediate,Abdominals,Strength,Other
Best,Barbell press sit-up,"The barbell press sit-up is a weighted exercise focusing on the abdominal muscles, as well as the shoulders to a lesser degree. It primarily targets the rectus abdominis or ""six-pack"" muscles, but also involves the obliques and deep core muscles. It can be performed on the floor with the feet anchored or unanchored, or on a decline or other bench. It is similar to the Otis-up, which is performed with a weight plate.",Intermediate,Abdominals,Strength,Other
Bad,Single-arm bent-over rear delt fly,"The single-arm bent-over rear delt fly is a popular upper-body exercise that targets the muscles on the back of the shoulder joint, specifically the rear head of the deltoid. Since pressing movements build the front and (to a lesser degree) side deltoid heads, this move is often done to promote balanced shoulder development. It is usually performed for high reps, such as 10-15 reps per set or more, as part of a shoulder or upper-body workout.",Intermediate,Abdominals,Strength,Other
Bad,Captain's chair leg raise,"The captain's chair leg raise is a bodyweight exercise that targets the abs. It is performed on an apparatus that allows the forearms to rest on pads and the upright torso to hang freely. Leg raise variations are often performed for moderate to high reps, such as 8-12 reps or more, as part of ab-focused training.",Intermediate,Abdominals,Strength,Other
Bad,Shoulder-Elevated One-Leg Hip Thrusts,None,Intermediate,Abdominals,Strength,Other
Best,Ab Twist - Gethin Variation,"The cross-body sit-up is a bodyweight exercise targeting the ab muscles, the obliques and rectus abdominis or ""six-pack"" muscles in particular. It involves bringing the opposite-side knee and elbow together, usually alternating sides with each rep. It can be performed for time or reps as part of the ab-focused portion of any workout.",Intermediate,Abdominals,Strength,Other
Best,Weighted Crunch - Gethin Variation,"The weighted sit-up is a more difficult version of a highly popular abdominal movement. The simple addition of a weight makes the sit-up far more difficult, providing a different stimulus to the core during training and helping build strong abs.",Intermediate,Abdominals,Strength,Other
Best,Ab Wheel Roll-Out - Gethin Variation,"The ab wheel roll-out is an exercise targeting the abdominals, often with an inexpensive wheel device with a handle on either side. Many trainers and strength coaches claim it's one of, if no the best exercise for developing strength in the midsection. Beginners may have to start with a limited range of motion or just wheel planks.",Intermediate,Abdominals,Strength,Other
Good,Bench crunch,"The bench crunch is a popular ab exercise performed lying on a bench. It is largely similar to the same exercise performed on the floor, but being able to press the lower back into the bench pad can help reinforce proper form and increase the burn in the abs. Like most crunch variations, it is usually performed for moderate to high reps, such as 8-12 reps per set or more.",Intermediate,Abdominals,Strength,Other
Bad,Decline plate sit-up twist,"The decline plate sit-up twist is a weighted core exercise that works the obliques and rectus abdominis or ""six pack"" muscles, as well as the deep core muscles. Weighted sit-up variations are usually performed for moderate to high reps, such as 8-12 reps per set or more, as part of the core-focused portion of a workout.",Intermediate,Abdominals,Strength,Other
Good,Reverse ab roll-out,"The reverse ab roll-out is an exercise targeting the abdominals. It's a twist on the ab wheel roll-out, and is similar to a body saw exercise, only performed on a foam roller. Instead of your arms moving and your lower body remaining stationary, your lower body moves and your arms remain stationary. Beginners may need to use a limited range of motion.",Intermediate,Abdominals,Strength,Other
Good,30 Seated Twist With PVC Pipe,The seated bar twist is a core exercise aiming to strengthen the obliques.,Intermediate,Abdominals,Strength,Other
Best,Suspended crunch-,"The suspended crunch is an abdominal exercise performed with the feet in the stirrups of a suspension strap system. It targets the muscles of the core, most prominently the rectus abdominis or ""six-pack"" muscles, but also taxes the shoulders and deep core muscles.",Intermediate,Abdominals,Strength,Other
Bad,Suspended oblique crunch,"The suspended oblique crunch is an abdominal exercise performed with the feet in the stirrups of a suspension strap system. It targets the muscles of the core, most prominently the obliques, but also the rectus abdominis or ""six-pack"" muscles, the shoulders, and deep core muscles.",Intermediate,Abdominals,Strength,Other
Best,Weighted sit-up,"The weighted sit-up is a more difficult version of a highly popular abdominal movement. The simple addition of a weight makes the sit-up far more difficult, providing a different stimulus to the core during training and helping build strong abs.",Intermediate,Abdominals,Strength,Other
Good,30 Decline Press Sit-Up,The decline bar press sit-up is a core and upper body exercise targeting the lower abdominals and shoulders.,Intermediate,Abdominals,Strength,Other
Good,Holman Towel Reverse Plank Alternating Heel Pull-in,None,Intermediate,Abdominals,Strength,Other
Good,Holman Boat with Weighted Cross Punch,None,Intermediate,Abdominals,Strength,Other
Good,Holman Weighted Hook Punch,None,Intermediate,Abdominals,Strength,Other
Best,Holman Weighted Traveling Punch,None,Intermediate,Abdominals,Strength,Other
Good,Holman Weighted Uppercut Punch,None,Intermediate,Abdominals,Strength,Other
Bad,Holman Slow Weighted Double Pike,None,Intermediate,Abdominals,Strength,Other
Best,Holman Plate Straight Plank Reach,None,Intermediate,Abdominals,Strength,Other
Bad,Holman Plate Elbow Plank Jack to Straight Plank Jack,None,Intermediate,Abdominals,Strength,Other
Best,Holman Plate Hill Climber,None,Intermediate,Abdominals,Strength,Other
Good,Holman Plate Reverse Plank Hill Climber,None,Intermediate,Abdominals,Strength,Other
Best,Holman Plate Straight Plank Pike to Jack,None,Intermediate,Abdominals,Strength,Other
Bad,Holman Plate In-and-Out Push-Up,None,Intermediate,Abdominals,Strength,Other
Bad,Holman Plate Burpee,None,Intermediate,Abdominals,Strength,Other
Bad,Holman Plate Elbow Plank Reach,None,Intermediate,Abdominals,Strength,Other
Best,Holman Elbow Plank to Renegade Row,None,Intermediate,Abdominals,Strength,Other
Best,Holman Straight Plank Weighted Hand Hill Climber,None,Intermediate,Abdominals,Strength,Other
Best,Holman Weighted Left Side Diagonal Pike,None,Intermediate,Abdominals,Strength,Other
Bad,Holman Weighted Right Side Diagonal Pike,None,Intermediate,Abdominals,Strength,Other
Good,Holman Weighted W-Boat to Overhead Press,None,Intermediate,Abdominals,Strength,Other
Best,Holman Weighted Kneeling Lift,None,Intermediate,Abdominals,Strength,Other
Best,Holman Hips-Up Weighted Pull-Over,None,Intermediate,Abdominals,Strength,Other
Good,Holman Weighted Cross Punch,None,Intermediate,Abdominals,Strength,Other
Good,Holman Straight-Leg Boat Hover Chest Press,None,Intermediate,Abdominals,Strength,Other
Bad,Holman Weighted Pike,None,Intermediate,Abdominals,Strength,Other
Best,Holman Feet-Elevated Wax-On Wax-Off,None,Intermediate,Abdominals,Strength,Other
Best,Holman Elbow Plank to Towel Pike,None,Intermediate,Abdominals,Strength,Other
Best,Holman Seated Killer Abs Overhead Press,None,Intermediate,Abdominals,Strength,Other
Best,Holman Straight Plank Alternating Weighted Open,None,Intermediate,Abdominals,Strength,Other
Bad,Holman Weighted Killer Abs with Overhead Press,None,Intermediate,Abdominals,Strength,Other
Best,Holman Weighted Split-Leg Pike,None,Intermediate,Abdominals,Strength,Other
Bad,Holman Towel Reverse Plank Heel Pull-in,None,Intermediate,Abdominals,Strength,Other
Best,Stick Twist,None,Intermediate,Abdominals,Strength,Other
Best,Roc Everest,None,Intermediate,Abdominals,Cardio,Other
Best,Standing cable low-to-high twist,"The standing cable low-to-high twist is a core exercise targeting the upper abdominals and the obliques. Take care to perform it with control, as opposed to violent twisting which can injure the back. It is usually performed for moderate to high reps, at least 8-15 per side, as part of the core-focused portion of a workout.",Intermediate,Abdominals,Strength,Cable
Best,Single-arm high-cable side bend,The single-arm high-cable side bend is an exercise targeting the obliques using a cable stack machine.,Intermediate,Abdominals,Strength,Cable
Best,Kneeling cable oblique crunch,"The kneeling cable oblique crunch is a popular core isolation exercise using a rope attachment and cable stack while kneeling on the floor. It primarily targets the obliques and rectus abdominis or ""six-pack"" muscles, but also strengthens the deep core muscles. It is most commonly performed for moderate to high reps, such as 8-12 reps per set or higher.",Intermediate,Abdominals,Strength,Cable
Best,Kneeling cable crunch,"The kneeling cable crunch is a popular core isolation exercise using a rope attachment and cable stack while kneeling on the floor. It primarily targets the rectus abdominis or ""six-pack"" muscles, but also strengthens the deep core muscles. It is most commonly performed early in an ab workout, usually in moderate to high reps, such as 8-12 reps per set or higher.",Intermediate,Abdominals,Strength,Cable
Best,Rope Crunch,"The kneeling cable crunch is a popular core isolation exercise using a rope attachment and cable stack while kneeling on the floor. It primarily targets the rectus abdominus or ""six-pack"" muscles, but also strengthens the deep core muscles. It is most commonly performed early in an ab workout, usually in moderate to high reps like 8-12 reps per set or higher.",Intermediate,Abdominals,Strength,Cable
Best,Standing cable crunch,"The standing cable crunch is a popular core isolation exercise using a rope attachment. It primarily targets the rectus abdominis or ""six-pack"" muscles, but also strengthens the deep core muscles. It is most commonly performed early in an ab workout, usually in moderate to high reps, such as 8-12 reps per set or higher.",Intermediate,Abdominals,Strength,Cable
Best,Bosu Ball Cable Crunch With Side Bends,None,Beginner,Abdominals,Strength,Cable
Good,Standing Cable Wood Chop,The standing cable high-to-low twist is a core exercise targeting the lower abdominals and the obliques.,Intermediate,Abdominals,Strength,Cable
Good,Cable reverse crunch,"The cable reverse crunch is performed on the ground facing away from a high pulley, which helps target the lower abdominals specifically.",Beginner,Abdominals,Strength,Cable
Good,Cable Russian Twists,None,Beginner,Abdominals,Strength,Cable
Good,Pallof press with rotation,The Pallof press with rotation is a dynamic variation of the Pallof press that incorporates weighted rotation away from the torso using resistance from a cable pulley. It is intended to build abdominal strength and teach proper bracing. It can be performed for time or for reps in the core-focused portion of any workout.,Intermediate,Abdominals,Strength,Cable
Good,Cable Seated Crunch,None,Beginner,Abdominals,Strength,Cable
Bad,Cable Judo Flip,None,Beginner,Abdominals,Strength,Cable
Bad,Exercise Ball Cable Crunch - Gethin Variation,"The exercise ball crunch is a popular gym exercise targeting the abdominals. Unlike crunches on the floor or a bench, by using a ball, you can increase the range of motion and both stretch and contract the abs on every rep. The ball crunch can be performed for low reps with a slower tempo, focusing on a hard contraction, or for higher reps.",Intermediate,Abdominals,Strength,Cable
Bad,Standing cable high-to-low twist,"The standing cable high-to-low twist is a core exercise targeting the lower abdominals and the obliques. Take care to perform it with control, as opposed to violent twisting which can injure the back. It is usually performed for moderate to high reps, at least 8-15 per side, as part of the core-focused portion of a workout.",Intermediate,Abdominals,Strength,Cable
Bad,Bent-Over Reverse Cable Fly,None,Intermediate,Abdominals,Strength,Cable
Best,Standing Cable Crunch - Gethin Variation,"The standing cable crunch is a popular core isolation exercise using a rope attachment. It primarily targets the rectus abdominus or ""six-pack"" muscles, but also strengthens the deep core muscles. It is most commonly performed early in an ab workout, usually in moderate to high reps like 8-12 reps per set or higher.",Intermediate,Abdominals,Strength,Cable
Best,AM Cable Crunch,"The kneeling cable crunch is a popular core isolation exercise using a rope attachment and cable stack while kneeling on the floor. It primarily targets the rectus abdominus or ""six-pack"" muscles, but also strengthens the deep core muscles. It is most commonly performed early in an ab workout, usually in moderate to high reps like 8-12 reps per set or higher.",Intermediate,Abdominals,Strength,Cable
Bad,Tyler Holt Weighted Knee-To-Chest Crunch,None,Intermediate,Abdominals,Strength,Cable
Best,Standing cable twist,"The standing cable twist is a core exercise that targets the abdominals, particularly the obliques. Take care to perform it with control, as opposed to violent twisting which can injure the back. It is usually performed for moderate to high reps, at least 8-15 per side, as part of the core-focused portion of a workout.",Intermediate,Abdominals,Strength,Cable
Best,30 Cable Rope Crunch,"The kneeling cable crunch is a popular core isolation exercise using a rope attachment and cable stack while kneeling on the floor. It primarily targets the rectus abdominus or ""six-pack"" muscles, but also strengthens the deep core muscles. It is most commonly performed early in an ab workout, usually in moderate to high reps like 8-12 reps per set or higher.",Intermediate,Abdominals,Strength,Cable
Good,30 Cable Rope Oblique Crunch,"The kneeling cable oblique crunch is a popular core isolation exercise using a rope attachment and cable stack while kneeling on the floor. It primarily targets the obliques and rectus abdominus or ""six-pack"" muscles, but also strengthens the deep core muscles. It is most commonly performed for moderate to high reps like 8-12 reps per set or higher.",Intermediate,Abdominals,Strength,Cable
Bad,Cable lying twist on ball,The cable lying twist on ball is an exercise targeting the core and obliques with the added challenge of stability to keep from losing position on the unstable surface.,Intermediate,Abdominals,Strength,Cable
Good,30 Cable Pallof Press,"The pallof press is an anti-rotation, isometric exercise that trains core stability. It is most often seen in programs for athletes who compete in sports that test strength, power, and functional movements.",Intermediate,Abdominals,Strength,Cable
Best,30 Cable Reverse Crunch On Ball,"The cable reverse crunch on a BOSU is performed on top of a BOSU ball between two cable pulleys, which helps target the lower abdominals specifically and is more proprioceptively challenging than a cable reverse crunch on the floor.",Intermediate,Abdominals,Strength,Cable
Good,30 Cable Reverse Crunch,"The cable reverse crunch is performed on the ground facing away from a high pulley, which helps target the lower abdominals specifically.",Intermediate,Abdominals,Strength,Cable
Best,Tyler Holt Cable Torso Twist,None,Intermediate,Abdominals,Strength,Cable
Bad,Single-Arm Cable Outward-Facing Biceps Curl,The single-arm cable outward-facing biceps curl is a cable exercise that targets the biceps. It is performed standing in front of a cable machine facing away from the cable stack to increase the range of motion by fully extending the elbows. This movement is usually performed for moderate to high reps for a burn and pump as part of an arm-focused workout.,Intermediate,Abdominals,Strength,Cable
Bad,Biceps Rope Curl,None,Intermediate,Abdominals,Strength,Cable
Good,Kneeling Cable Crunches,None,Intermediate,Abdominals,Strength,Cable
Good,Ab Crunch Machine,"The machine crunch is a machine-based exercise targeting the abdominal muscles. It involves sitting upright in the machine and curling the torso down toward the chest against some pre-set level of resistance. On some machines, the knees also curl up torward the torso. Crunch machines usually use extra resistance in the form of selectorized weight stacks or plate loading, and are often performed for moderate to high reps, like 8-12 reps per set or higher, as part of the ab-focused portion of a workout.",Intermediate,Abdominals,Strength,Machine
Good,Smith machine straight-legged hip raise,"The Smith machine straight-legged hip raise is an exercise targeting the abdominal muscles. Because of the potential awkwardness of getting into position, it is usually performed for moderate to high reps, such as 8-12 reps per set or more. If your Smith machine has safety bars, set them at a height that allows you a full range of motion while giving adequate protection from the weight potentially falling.",Intermediate,Abdominals,Strength,Machine
Bad,Machine crunch,"The machine crunch is a machine-based exercise targeting the abdominal muscles. It involves sitting upright in the machine and curling the torso down against a pre-set level of resistance. On some machines, the knees also curl up toward the torso. Crunch machines usually use extra resistance in the form of selectorized weight stacks or plate loading, and are often performed for moderate to high reps, such as 8-12 reps per set or more, as part of the ab-focused portion of a workout.",Intermediate,Abdominals,Strength,Machine
Good,AM Ab Machine,None,Intermediate,Abdominals,Strength,Machine
Good,Smith machine V-up,The smith machine V-up is a weighted abdominal exercise that involves pressing a weighted bar upward while performing a V-up. Performing it in a Smith machine eliminates the balance challenge of a free weight. It is usually performed for moderate to high reps in the ab-focused portion of a workout.,Intermediate,Abdominals,Strength,Machine
Best,Elbow plank,"The elbow plank is a popular isometric abdominal exercise. It is common in all types of exercise programs, as well as in group fitness and yoga classes. It targets the muscles of the core, the deep core or transversus abdominis in particular. It is also often prescribed for time to help back pain or to teach proper bracing.",Intermediate,Abdominals,Strength,Body Only
Best,Bottoms Up,"The lying leg lift is a popular bodyweight exercise targeting the muscles of the abs, the rectus abdominis or “six-pack” muscles in particular. It can be performed for time or reps in the core-focused portion of any workout.",Intermediate,Abdominals,Strength,Body Only
Best,Spider crawl,"The spider crawl is a bodyweight exercise that involves crawling on the floor with the knees outside of the elbows. It is different from a leopard crawl in that the hips are higher, and it's different from a bear crawl because the knees are wider. It can be done as a full-body warm-up, in short bursts for power or circuit training, or for longer durations as cardiovascular conditioning.",Intermediate,Abdominals,Strength,Body Only
Best,Cocoons,"The cocoon crunch is a bodyweight exercise targeting the ab muscles, the rectus abdominis or ""six-pack"" muscles in particular. It involves bringing your knees to your chest and your arms from overhead to center. It can be performed for time or reps as part of the ab-focused portion of any workout.",Intermediate,Abdominals,Strength,Body Only
Best,Cross-Body Crunch,"The elbow-to-knee crunch is a bodyweight exercise targeting the ab muscles, the obliques and rectus abdominis or ""six-pack"" muscles in particular. It can be performed for time or reps as part of the ab-focused portion of any workout.",Intermediate,Abdominals,Strength,Body Only
Best,Elbow-to-knee crunch,"The elbow-to-knee crunch is a bodyweight exercise targeting the ab muscles, the obliques and rectus abdominis or ""six-pack"" muscles in particular. It can be performed for time or reps as part of the ab-focused portion of any workout.",Intermediate,Abdominals,Strength,Body Only
Best,Decline Crunch,The decline crunch is an effective core exercise targeting the rectus abdominis.,Intermediate,Abdominals,Strength,Body Only
Best,Hanging toes-to-bar,"The hanging toes-to-bar is an advanced abdominal exercise in which the lifter touches their feet to a pull-up bar. There are many ways to perform this movement (strict or swinging, arms completely straight or slightly bent, legs straight or bent) each providing unique benefits and challenges. Initially, it may be a difficult move to do for a single rep, but once you build the requisite core, lat, and shoulder strength, it can be performed for higher reps.",Intermediate,Abdominals,Strength,Body Only
Best,Hanging Oblique Knee Raise,"The hanging oblique crunch an abdominal exercise that targets both the rectus abdominus or “six-pack” muscles, and the oblique muscles. It can be performed hanging from a bar, or if grip strength is a limitation, by placing the elbows in ab straps. If hanging from a straight bar is uncomfortable to the wrists or shoulder, you can also perform them hanging with a neutral grip (palms facing one another)",Intermediate,Abdominals,Strength,Body Only
Best,Gorilla Chin/Crunch,None,Beginner,Abdominals,Strength,Body Only
Best,Hanging leg raise,"The hanging leg raise is an exercise targeting the abs, but which also works the lats and hip flexors. Instead of resting your forearms on the pads of a captain's chair, you perform these hanging from a bar. Experienced lifters make these look easy, but beginners may need time to build up to sets of 8-12 reps.",Intermediate,Abdominals,Strength,Body Only
Best,Mountain climber,"The mountain climber is a popular bodyweight exercise targeting the muscles of the core, as well as the shoulders, hips, and cardiovascular system. It involves lifting one knee to the chest at a time from a straight-arm plank position. It can be performed for time or reps as part of a dynamic warm-up, for bodyweight cardio or conditioning, or as no-equipment dynamic core training.",Intermediate,Abdominals,Plyometrics,Body Only
Best,Ab bicycle,"The ab bicycle is a bodyweight movement that targets the muscles of the abs, the obliques and rectus abdominis or ""six-pack"" muscles in particular. It can be performed for time or reps in the ab-focused portion of any workout.",Intermediate,Abdominals,Strength,Body Only
Best,3/4 sit-up,"The 3/4 sit-up is a bodyweight exercise focused on the muscles of the core. It is similar to a sit-up, but stops short of the top position. This keeps constant tension on the abs, making it more difficult than traditional sit-ups. It can be performed for time or for reps, with the feet anchored or free, as part of the ab-focused portion of any workout.",Intermediate,Abdominals,Strength,Body Only
Best,Reverse crunch,"The reverse crunch is a popular exercise targeting the abdominals, particularly the lower half. It’s easy to perform on either the floor or a flat bench. Many lifters think of this as a companion to the crunch, which targets the upper abdominals more than the lower.",Intermediate,Abdominals,Strength,Body Only
Best,Crunches,"The crunch is a popular core exercise targeting the rectus abdominis, or ""six-pack"" muscles, as well as the obliques. It has been the centerpiece of many ab-focused workouts, due to both its simplicity and the intense burn and mind-muscle connection it produces. It can be performed for time or reps as part of the ab-focused portion of any workout.",Intermediate,Abdominals,Strength,Body Only
Best,Dead bug reach,"The dead bug reach is an exercise for strengthening the core in which you alternate lowering your opposing arm and leg simultaneously, controlling the movement with the abdominal muscles. It can be part of a dynamic warm-up to activate the core for other athletics or lifting, or be performed in a circuit or on its own in the ab-focused portion of any workout.",Intermediate,Abdominals,Strength,Body Only
Best,Crunch - Hands Overhead,None,Beginner,Abdominals,Strength,Body Only
Best,V-up,"The V-up is a bodyweight movement that targets the muscles of the abs, the rectus abdominis or ""six-pack"" muscles in particular. It is similar to a suitcase crunch, but the lower back lifts off the ground at the top of each rep. It can be performed for time or reps in the ab-focused portion of any workout.",Intermediate,Abdominals,Strength,Body Only
Best,Stomach Vacuum,None,Beginner,Abdominals,Stretching,Body Only
Good,Russian twist,"The Russian twist is an exercise targeting the abdominals and the obliques. Beginning from a position that resembles stopping midway through a sit-up, it involves twisting side to side. It can be performed with body weight alone or while holding a weight plate or other object. It is performed by alternating sides with each rep and can be done for time or for a specific number of reps as part of the ab-focused portion of any workout.",Intermediate,Abdominals,Strength,Body Only
Good,Flat Bench Lying Leg Raise,"The lying leg lift is a popular bodyweight exercise targeting the muscles of the abs, the rectus abdominis or “six-pack” muscles in particular. It can be performed for time or reps in the core-focused portion of any workout.",Intermediate,Abdominals,Strength,Body Only
Good,Knees tucked crunch,"The knees tucked crunch is a core exercise that involves performing a crunch while keeping the knees bent in a 90-degree position. It primarily targets the rectus abdominis or ""six-pack"" muscles. It can be performed for time or reps as part of any abs-focused circuit or workout.",Intermediate,Abdominals,Strength,Body Only
Good,Butt-Ups,None,Beginner,Abdominals,Strength,Body Only
Good,Feet-elevated oblique crunch,"The feet-elevated oblique crunch is a variation on the crunch exercise that targets the obliques as well as the rectus abdominis or ""six-pack"" muscles. Resting the feet on a bench takes some of the hip flexor activation out of the movement, focusing the stress more on the abs.",Intermediate,Abdominals,Strength,Body Only
Good,Bent-knee reverse crunch,"The bent-knee reverse crunch is a popular bodyweight core exercise. It targets the lower portion of the rectus abdominis or ""six-pack"" muscles. It can be performed for time or reps as part of any ab-focused workout.",Intermediate,Abdominals,Strength,Body Only
Good,Alternating heel-touch,"The alternating heel-touch is a popular bodyweight exercise that targets the obliques, as well as the rectus abdominis, or ""six-pack"" muscles. It can be performed for time or reps as part of any abs-focused circuit or workout.",Intermediate,Abdominals,Strength,Body Only
Good,Suspended Reverse Crunch,None,Intermediate,Abdominals,Strength,Body Only
Good,Lying bench reverse crunch,"The lying bench reverse crunch is a popular ab exercise performed by bringing the knees toward the chest while lying on a bench. It is largely similar to the same exercise performed on the floor, but being able to press the lower back into the bench pad can help reinforce proper form and increase the burn in the abs. Like most crunch variations, it is usually performed for moderate to high reps, such as 8-12 reps per set or more.",Intermediate,Abdominals,Strength,Body Only
Good,Sit-up,"The sit-up is a popular bodyweight exercise focused on the abdominal muscles. It has also been used as part of military, tactical, and scholastic fitness tests for many years. It can be performed for time or reps, with the feet anchored or free, on flat ground or a bench.",Intermediate,Abdominals,Strength,Body Only
Good,Side Bridge,"The side plank is a popular isometric abdominal exercise focusing on the oblique muscles, as well as the transversus abdominis or deep core muscles. It is sometimes paired with the curl up and bird dog as the “McGill big three” for core strength and stability. It is performed for time and can work in a warm-up or in the core-focused portion of any workout.",Intermediate,Abdominals,Strength,Body Only
Good,Lying oblique crunch,The lying oblique crunch is a bodyweight exercise targeting the oblique muscles. It can be performed for a specific number of reps or to fatigue or failure as part of the ab-focused portion of any workout.,Intermediate,Abdominals,Strength,Body Only
Good,Janda Sit-Up,None,Beginner,Abdominals,Strength,Body Only
Good,Leg Pull-In,"The reverse crunch is a popular exercise targeting the abdominals, particularly the lower half. It’s easy to perform on either the floor or a flat bench. Many lifters think of this as a companion to the crunch, which targets the upper abdominals more than the lower.",Beginner,Abdominals,Strength,Body Only
Good,Side Jackknife,None,Intermediate,Abdominals,Strength,Body Only
Good,Scissor Kick,None,Intermediate,Abdominals,Stretching,Body Only
Good,Toe Touchers,"The toe-touch is a bodyweight movement that targets the muscles of the abs, the rectus abdominis or ""six-pack"" muscles in particular. It can be performed for time or reps in the ab-focused portion of any workout.",Intermediate,Abdominals,Stretching,Body Only
Good,Lower Back Curl,None,Intermediate,Abdominals,Stretching,Body Only
Bad,Exercise ball torso rotation,"The exercise ball torso rotation is a rotational abdominal exercise performed while holding a yoga or exercise ball between the hands. It focuses on the rotational muscles of the core, including the obliques, glutes, and hip muscles. It can be performed one side at a time or alternating, either for time or reps. To make it more difficult, wrap a light exercise band around the ball and anchor it to a solid object.",Intermediate,Abdominals,Stretching,Body Only
Bad,Seated Overhead Stretch,None,Intermediate,Abdominals,Stretching,Body Only
Bad,Overhead Stretch,None,Intermediate,Abdominals,Stretching,Body Only
Bad,Seated Scissor Kick,None,Intermediate,Abdominals,Strength,Body Only
Bad,Partner resistance standing twist,"The partner resistance standing twist is a bodyweight exercise in which one partner performs bodyweight twists while the other provides manual resistance. It targets the muscles of the core, and the obliques in particular. It can be performed in the core-focused part of any workout.",Intermediate,Abdominals,Strength,Body Only
Bad,Cross Crunch,None,Beginner,Abdominals,Strength,Body Only
Bad,Full Moon,None,Beginner,Abdominals,Strength,Body Only
Bad,Hanging knee raise with manual resistance,"The hanging knee raise with manual resistance is a more advanced version of the hanging knee raise that utilizes a partner. The partner applies enough resistance to make the movement more difficult, while still allowing the lifter to perform multiple reps.",Beginner,Abdominals,Strength,Body Only
Bad,Straight-Legged Hip Raise,None,Intermediate,Abdominals,Strength,Body Only
Bad,Wall mountain climber,The wall mountain climber is a challenging exercise targeting the shoulders and abdominals. It's most common in bodyweight circuit training because it targets a lot of muscles as well as the cardiovascular system all at once. It can be performed for time or reps.,Intermediate,Abdominals,Plyometrics,Body Only
Bad,Skin The Cat To Push-Up,None,Intermediate,Abdominals,Strength,Body Only
Bad,Partner lying leg raise with lateral throw down,The partner lying leg raise with lateral throw down is a core exercise in which one partner performs a leg raise while the other partner pushes their legs back down at a lateral angle. The partner performing the exercise has to use core strength and stability to keep their legs from falling to the ground.,Beginner,Abdominals,Strength,Body Only
Bad,Hanging leg raise with throw down,"The hanging leg raise with throw down is a more advanced version of the hanging knee raise that utilizes a partner to make the movement more difficult. The partner pushes down at the top of each rep, forcing the lifter to ""fight back"" with their abs.",Beginner,Abdominals,Strength,Body Only
Bad,Partner sit-up with high-five,The partner sit-up with high-five is a full-body exercise targeting the core. Partners each perform a sit-up and high-five each other mid rep.,Beginner,Abdominals,Strength,Body Only
Bad,Exercise ball knee roll-in,The exercise ball knee roll-in is an abdominal exercise that involves supporting yourself with your hands in a plank or push-up position and drawing the knees in toward the chest. This is a fairly advanced abdominal move requiring a fair amount of core strength.,Intermediate,Abdominals,Strength,Body Only
Bad,Partner lying leg raise with throw down,The partner lying leg raise with throw down is a core exercise in which one partner performs a leg raise while the other partner pushes their legs back down. The partner performing the exercise has to use core strength and stability to keep their legs from falling to the ground.,Beginner,Abdominals,Strength,Body Only
Bad,Crab toe-touch,"The crab toe-touch is a full-body exercise targeting the glutes, hamstrings, quads, and core. It is a challenging move that trains balance, core strength, and many muscle groups, making it work well in a time-efficient bodyweight circuit workout.",Intermediate,Abdominals,Strength,Body Only
Bad,Side kick-through,"The side kick-through is a full-body movement that involves isometric holds and moving the body through different ranges of motion, beginning in a bear crawl position. The difference between a side kick-through and a sit-through is that your butt stays off the ground throughout the entire rep. It is commonly performed in bodyweight circuits and animal-style flows, but can also work for reps on its own or as part of a dynamic warm-up or mobility sequence.",Intermediate,Abdominals,Strength,Body Only
Bad,Partner target sit-up,"The partner target sit-up is a core exercise where one partner performs sit-ups, while the other uses his or her hands to create a target for them to reach for. This increases the challenge of each rep. It can be performed for time or reps in the ab-focused portion of any workout.",Beginner,Abdominals,Strength,Body Only
Bad,Suspended Crunch,None,Beginner,Abdominals,Strength,Body Only
Good,Jump Lunge,"The alternating lunge jump is an explosive bodyweight exercise that targets the lower-body muscles, including the quads, glutes, and hamstrings. It can be performed for time or reps in power training, and is also effective in any fat-loss or athleticism-focused workout.",Intermediate,Abdominals,Strength,Body Only
Bad,Side plank hip dip,"The side plank hip dip is a dynamic version of the side plank exercise focusing on the oblique muscles, as well as the transversus abdominis or deep core muscles. It can be performed for time or reps and can work in a warm-up or in the core-focused portion of any workout.",Intermediate,Abdominals,Strength,Body Only
Bad,Elbow plank jack,"The elbow plank jack is an isometric abdominal exercise with a dynamic lower-body component. It targets the muscles of the core, the deep core or transversus abdominis in particular. It can be performed for time or reps in the ab-focused portion of any workout.",Intermediate,Abdominals,Strength,Body Only
Good,Exercise ball V-up,"The exercise ball V-up is a popular movement to target the abdominal muscles, particularly the rectus abdominis or ""six-pack"" muscles. It involves passing an exercise ball or yoga ball back and forth between the hands and feet while performing V-ups. It can be performed for reps or time as part of any ab-focused workout or bodyweight circuit.",Intermediate,Abdominals,Strength,Body Only
Best,Standing torso twist stretch,"The standing torso twist stretch is a stretching exercise targeting the lats and core, particularly the obliques. It’s great before a workout or any sporting event that involves a lot of twisting of the upper body.",Intermediate,Abdominals,Strength,Body Only
Best,Slalom jumps,"The slalom jump is an explosive bodyweight exercise that targets the lower body, including the quads, glutes, and hamstrings. Performed for reps, it also provides a serious cardiovascular challenge. It can be performed for time or reps and is especially effective in a fat-loss or athleticism-focused circuit or workout.",Intermediate,Abdominals,Plyometrics,Body Only
Bad,Bear crawl,"The bear crawl is a popular bodyweight crawling exercise. While it looks simple, the bear crawl is an intense full-body movement that targets the cardiovascular system as well as a wide range of muscle groups, the shoulders, core, and legs in particular. It can be done as a full-body warm-up, in short bursts for power or circuit training, or for longer durations as cardiovascular conditioning.",Intermediate,Abdominals,Strength,Body Only
Good,Crab single-arm reach,"The crab single-arm reach is a full-body exercise that requires maintaining a tabletop position while alternating arm raises. It is an excellent movement to include in a dynamic warm-up, a bodyweight circuit, or for muscle activation or mobility anytime.",Intermediate,Abdominals,Stretching,Body Only
Bad,Side lunge cross-body heel-touch,"The side lunge cross-body heel-touch is a lower-body exercise targeting the quads, glutes, and hamstrings. The heel-touch adds a slight rotational challenge.",Intermediate,Abdominals,Strength,Body Only
Best,Alligator Crawl,"The spider crawl is a bodyweight exercise that involves crawling on the floor with the knees outside of the elbows. It is different from a leopard crawl in that the hips are higher, and it's different from a bear crawl because the knees are wider. It can be done as a full-body warm-up, in short bursts for power or circuit training, or for longer durations as cardiovascular conditioning.",Intermediate,Abdominals,Strength,Body Only
Best,Lying cross-over lower back stretch,"The lying cross-over lower back stretch is a simple bodyweight stretch targeting the lower back, hips, and torso. It involves rotating the legs while lying flat on the back. It is commonly included in dynamic warm-ups, but can also be performed as full-body mobility work anytime.",Intermediate,Abdominals,Strength,Body Only
Best,Half bird dog,"The half bird dog is a core exercise designed to strengthen the posterior chain. In the half bird dog, you will raise one arm or one leg at a time, rather than both at once as you would for a regular bird dog.",Intermediate,Abdominals,Stretching,Body Only
Good,Shoulder tap,"The shoulder tap is an exercise targeting the abdominals and core. The basic stance matches the top of a push-up position. From there, one hand is raised to tap its opposing shoulder. A tap with each hand to each opposing shoulder equals one rep.",Intermediate,Abdominals,Strength,Body Only
Good,Double crunch,"The double crunch is a bodyweight exercise focused on the muscles of the core, the rectus abdominis or ""six-pack"" muscles in particular. It's a very simple exercise that involves ""crunching"" the knees and elbows toward each other using the abdominal muscles, while keeping the back flat against the ground.",Intermediate,Abdominals,Strength,Body Only
Good,Flutter kick,"The flutter kick is a core exercise where the legs are held off the ground as you flutter your feet over and under each other in small motions. It targets multiple muscles of the core, but particularly the rectus abdominis or ""six-pack"" muscles. It can be performed for time or reps in the ab-focused portion of any workout.",Intermediate,Abdominals,Strength,Body Only
Good,Sprawl,"The sprawl is an explosive bodyweight exercise that targets the core, upper body, and lower body. It is similar to a burpee, but without a jump at the top and with a plank instead of a push-up at the bottom. It can be performed for time or reps in any fat-loss or athleticism-focused circuit or workout.",Intermediate,Abdominals,Strength,Body Only
Bad,Spider plank jack,"The spider plank jack is a bodyweight core exercise that begins in a straight-arm plank, then combines a spider crunch and a plank jack into a single sequence. It can be performed as bodyweight core training or for conditioning in a fat-loss or athleticism-focused circuit.",Intermediate,Abdominals,Strength,Body Only
Bad,Pillar-To-Plank,None,Intermediate,Abdominals,Strength,Body Only
Good,Alternating High Knee Raise,None,Intermediate,Abdominals,Strength,Body Only
Bad,Sumo Squat Pulse,None,Intermediate,Abdominals,Strength,Body Only
Good,Line-Drill Foot Work,None,Intermediate,Abdominals,Strength,Body Only
Good,Plank Fire Hydrants,None,Intermediate,Abdominals,Strength,Body Only
Good,Banded jumping jack,"The banded jumping jack takes a classic plyometric exercise and adds an extra degree of difficulty in the form of a band surrounding the thighs, just above the knees. It can be performed for time or reps and is a great way to warm up for athletics or lower-body lifting.",Intermediate,Abdominals,Strength,Body Only
Best,Shin hug,"The shin hug is a bodyweight exercise focused on the muscles of the core. It shares characteristics with V-ups and crunches, but finishes with the ribs touching the thighs. It can be performed for time or for reps as part of the ab-focused portion of any workout.",Intermediate,Abdominals,Strength,Body Only
Best,FYR Bear Crawl Fire Feet,"Bear crawl fire feet is a variation of the bear crawl that involves running in place while in a static bear crawl hold. It adds an extra coordination and full-body challenge to an already intense full-body movement that targets the cardiovascular system as well as a wide range of muscle groups. It can be done as a full-body warm-up, or as part of a bodyweight circuit or flow.",Intermediate,Abdominals,Strength,Body Only
Bad,Bear crawl up-down,"The bear crawl up-down is a variation of the bear crawl that involves lowering the forearms to the ground in an alternating rhythm while in a static bear crawl hold. It adds an extra coordination and upper-body challenge to an already intense full-body movement that targets the cardiovascular system as well as a wide range of muscle groups. It can be done as a full-body warm-up, or as part of a bodyweight circuit or flow.",Intermediate,Abdominals,Strength,Body Only
Bad,FYR Crab Kick,"The crab toe-touch is a full-body exercise targeting the glutes, hamstrings, quads, and core.",Intermediate,Abdominals,Strength,Body Only
Bad,Bear crawl hold,"The bear crawl hold is a static variation of the bear crawl exercise performed for time. It looks simple, but it demands full-body tension and is taxing to the shoulders, core, and legs. It can be done as a full-body warm-up, as part of a bodyweight circuit or flow, or as a build-up to the traditional bear crawl.",Intermediate,Abdominals,Strength,Body Only
Best,Traveling bear crawl,"The traveling bear crawl is a more advanced version of the bear crawl exercise that moves side to side rather than front to back. While it looks simple, the traveling bear crawl is an intense full-body movement that targets the cardiovascular system as well as a wide range of muscle groups, the shoulders, core, and legs in particular. It can be done as a full-body warm-up, in short bursts for power or circuit training, or for longer durations as cardiovascular conditioning.",Intermediate,Abdominals,Strength,Body Only
Good,Single-leg V-up,"The single-leg V-up is a bodyweight exercise that targets the abdominals and the hip flexors, working one side of the body at a time. It can be performed for time or reps in the ab-focused portion of any workout.",Intermediate,Abdominals,Strength,Body Only
Best,FYR Bear Crawl Shoulder Tap,"The bear crawl shoulder tap is a variation of the bear crawl that involves touching the opposing shoulder while in a static bear crawl hold. It adds an extra coordination and core challenge to an already intense full-body movement that targets the cardiovascular system as well as a wide range of muscle groups. It can be done as a full-body warm-up, or as part of a bodyweight circuit or flow.",Intermediate,Abdominals,Strength,Body Only
Bad,Alternating single-leg sprawl,"The alternating single-leg sprawl is an explosive bodyweight exercise that targets the core, upper body, and lower body. It differs from a standard sprawl by including a single-leg plank instead of a regular plank at the bottom. It can be performed for time or reps in any fat-loss or athleticism-focused circuit or workout.",Intermediate,Abdominals,Strength,Body Only
Best,Wide mountain climber,"The wide mountain climber is a popular bodyweight exercise targeting the muscles of the core, as well as the shoulders, hips, and cardiovascular system. It is different from a traditional mountain climber because you bring the knee to the outside of the elbow rather than the inside. It can be performed for time or reps as part of a dynamic warm-up, for bodyweight cardio or conditioning, or as no-equipment dynamic core training.",Intermediate,Abdominals,Strength,Body Only
Good,Plank leg raise,"The plank leg raise is an isometric abdominal exercise that targets the muscles of the core, the deep core or transversus abdominis in particular. It also targets the muscles of the glutes and hips. It can be performed for time or reps in the ab-focused portion of any workout.",Intermediate,Abdominals,Strength,Body Only
Bad,Glute bridge step-out,"The glute bridge step-out is a lower-body bodyweight exercise that targets the glutes and hamstrings. It differs from a glute bridge by the addition of a step-out, which increases stress on the hamstrings. It can be performed for time or reps and works perfectly in a dynamic warm-up for lower-body training, but can also be performed for glute activation anytime.",Intermediate,Abdominals,Strength,Body Only
Bad,Knee up-down,"The knee up-down is a bodyweight exercise that mimics getting up and down from a kneeling position on the floor. It combines the low position of a squat with lunges, bringing some of the benefits of both. It can be done for time or reps as part of a dynamic warm-up or as part of a bodyweight circuit or workout.",Intermediate,Abdominals,Strength,Body Only
Bad,FYR Sprawl,"The sprawl is an explosive bodyweight exercise that targets the core, upper body, and lower body. It is similar to a burpee, but without a jump at the top and with a plank instead of a push-up at the bottom. It can be performed for time or reps in any fat-loss or athleticism-focused circuit or workout.",Intermediate,Abdominals,Strength,Body Only
Good,Reach crunch,The reach crunch is a bodyweight core exercise that involves keeping the arms raised toward the ceiling while performing a crunch. It can be performed for time or reps as part of any abs-focused circuit or workout.,Intermediate,Abdominals,Strength,Body Only
Best,FYR Push-Up Plank Hold,"The straight-arm plank is an exercise targeting the core muscles. It is basically the top of a push-up position, with elbows fully extended and palms on the floor. The position is held for time to target the muscles of the core, as well as the shoulders.",Intermediate,Abdominals,Strength,Body Only
Best,FYR Hollow-Body Rock,"The hollow-body rock is a bodyweight abdominal exercise performed on the floor. It starts with a hollow-body hold and adds a back-and-forth rock that challenges core stability and increases the difficulty of the movement. It can be performed for time or for reps, either in an ab-focused portion of a workout or as part of a circuit workout.",Intermediate,Abdominals,Strength,Body Only
Bad,V-up plus knee-to-chest combo,The V-up plus knee-to-chest combo is a core exercise that targets the abdominals and hip flexors by combining two movements into a single sequence. It can be performed for time or reps in the ab-focused portion of any workout.,Intermediate,Abdominals,Strength,Body Only
Best,Side plank lateral raise,"The side plank lateral raise is an exercise that combines an isometric side plank hold with a dumbbell raise to target both the core and the shoulders. You probably won't be able to use much weight without disrupting your balance, but even at light weight, this is a movement that can help address multiple muscle groups in a time-efficient workout.",Intermediate,Abdominals,Strength,Body Only
Good,Superhero burpee,"The superhero burpee is an advanced variation of the burpee exercise. The main difference between this and the standard burpee is that while on the floor, the hands are extended in front of the body like Superman taking flight. This increases the challenge to the upper back and shoulders. These can be performed for time or reps as part of any fat-loss or athleticism-focused workout or circuit.",Intermediate,Abdominals,Strength,Body Only
Good,Hollow-body abduction,"The hollow-body abduction is an isometric core exercise that includes leg abductions for an added challenge to the core and abductors. It targets multiple muscles of the core, but particularly the rectus abdominis or ""six-pack"" muscles. It can be performed for time or reps in the ab-focused portion of any workout.",Intermediate,Abdominals,Strength,Body Only
Best,FYR Hollow Hold,None,Intermediate,Abdominals,Strength,Body Only
Bad,Tip-toe crunch,The tip-toe crunch is a variation on the crunch exercise that involves placing the toes on or near the ground. This can help isolate the abs from the hip flexors. The tip-toe crunch can be performed for time or for reps as part of the core-focused component of any workout.,Intermediate,Abdominals,Strength,Body Only
Bad,Knee-to-nose pulse,"The knee-to-nose pulse is a bodyweight exercise that targets the core by pulsing your knee toward your nose. It starts in a straight-arm plank position, and is similar to a mountain climber, but with a hold or pause in the bent-knee position.",Intermediate,Abdominals,Strength,Body Only
Good,Plank walk-out,"The plank walk-out is an advanced plank variation targeting the core and shoulders. From a standing position, the lifter descends into a plank-type position but “walks” the hands forward until they are out in front of the head. This is far more challenging to the core than having the arms directly under the shoulders. Beginners will need to progress to this exercise.",Intermediate,Abdominals,Strength,Body Only
Best,FYR V-Up,"The V-up is a bodyweight movement that targets the muscles of the abs, the rectus abdominis or ""six-pack"" muscles in particular. It is similar to a suitcase crunch, but the lower back lifts off the ground at the top of each rep. It can be performed for time or reps in the ab-focused portion of any workout.",Intermediate,Abdominals,Strength,Body Only
Good,Long sit-up,"The long sit-up is an advanced version of the sit-up exercise that is performed with the hands reaching over the head. This lengthens the torso, making it harder for the abs to contract and lift the upper body. Long sit-ups can be performed for time or for reps, with the feet anchored or free.",Intermediate,Abdominals,Strength,Body Only
Good,FYR Breakdancer,"The side kick-through is a full-body movement that involves isometric holds and moving the body through different ranges of motion, beginning in a bear crawl position. The difference between a side kick-through and a sit-through is that your butt stays off the ground throughout the entire rep. It is commonly performed in bodyweight circuits and animal-style flows, but can also work for reps on its own or as part of a dynamic warm-up or mobility sequence.",Intermediate,Abdominals,Strength,Body Only
Best,Seated leg lift,The seated leg lift is a bodyweight exercise targeting the muscles of the core and hip flexors. It can be performed for time or reps in the core-focused portion of any workout.,Intermediate,Abdominals,Strength,Body Only
Good,Gorilla burpee,"The gorilla burpee is a variation of the burpee exercise that consists of a reverse lunge on each leg, a full squat, then a standard burpee. It is extra challenging for the lower body, including the quads, glutes, and hamstrings. It can be performed for time or reps in any fat-loss or athleticism-focused circuit or workout.",Intermediate,Abdominals,Strength,Body Only
Best,Knee-in to V-out,"The knee-in to V-out is a bodyweight abdominal exercise performed on the floor. It is similar to both the reverse crunch and the V-up exercise, but combines elements of both. It primarily targets the muscles of the rectus abdominis, or “six-pack” muscles. It can be performed for reps or time, either as part of an ab-focused workout or as a component of a circuit workout.",Intermediate,Abdominals,Strength,Body Only
Bad,Bear crawl push-up,"The bear crawl push-up is a variation of the bear crawl hold with a push-up added. It adds an extra coordination and shoulder challenge to an already intense full-body movement that targets the cardiovascular system as well as a wide range of muscle groups, the shoulders, core, and legs in particular. It can be done as a full-body warm-up, or as part of a bodyweight circuit or flow.",Intermediate,Abdominals,Strength,Body Only
Good,FYR Front Step,None,Intermediate,Abdominals,Strength,Body Only
Good,Plank reach,"The plank reach is an exercise targeting the entire core, particularly the oblique muscles. It resembles a plank exercise, but the primary difference is that the lifter extends their arms forward, one at time. The core, especially the obliques, must work hard to maintain stability. It can be performed for time, with holds in the reaching position, or for reps.",Intermediate,Abdominals,Strength,Body Only
Good,Eiffel Tower leg raise,"The Eiffel Tower leg raise is a bodyweight exercise targeting the muscles of the abs, the rectus abdominis or “six-pack” muscles in particular. It is similar to a V-up, but with the added challenge of “drawing” a pyramid shape in the air with the legs during each rep. It can be performed for time or reps in the core-focused portion of any workout.",Intermediate,Abdominals,Strength,Body Only
Good,Straight-arm plank,"The straight-arm plank is an exercise targeting the core muscles. It is basically the top of a push-up position, with elbows fully extended and palms on the floor. The position is held for time to target the muscles of the core, as well as the shoulders.",Intermediate,Abdominals,Strength,Body Only
Good,Plank up-down,"The plank up-down is a variation of the plank push-up that ends in an elbow plank rather than with the chest on the ground. It involves transitioning between the two positions one arm at a time, rather than two. It puts more stress on the triceps and core than traditional planks. It can be performed for time or reps in any bodyweight workout or during the core-focused portion of any workout.",Intermediate,Abdominals,Strength,Body Only
Best,Frog kick,"The frog kick is an explosive bodyweight movement that involves hopping the rear legs up and forward from a straight-arm plank position. It targets the legs, core, and shoulders, but is also a high-intensity conditioning movement that will raise core body temperature and burn serious calories. It can be performed for time or reps as part of any athleticism-focused or fat-loss circuit or workout.",Intermediate,Abdominals,Strength,Body Only
Bad,FYR Knees to Chest,"The hollow-body alternating knee-to-chest is a core exercise that involves bending the legs while holding the hips and shoulder blades off the ground. It targets the rectus abdominis or ""six-pack"" muscles. It can be performed for time or reps in the ab-focused portion of any workout.",Intermediate,Abdominals,Strength,Body Only
Good,Front kick-through,"The front kick-through is a full-body movement that involves moving the legs from a bear crawl position to a balanced one-legged stance. It is commonly performed for reps or time in bodyweight circuits and animal-style flows, but can also work on its own or as part of a dynamic warm-up or mobility sequence.",Intermediate,Abdominals,Strength,Body Only
Best,FYR Sit-Up,"The sit-up is a popular bodyweight exercise focused on the abdominal muscles. It has also been used as part of military, tactical, and scholastic fitness tests for many years. It can be performed for time or reps, with the feet anchored or free, on flat ground or a bench.",Intermediate,Abdominals,Strength,Body Only
Good,FYR Leg Lift,The seated leg lift is a bodyweight exercise targeting the muscles of the core and hip flexors. It can be performed for time or reps in the core-focused portion of any workout.,Intermediate,Abdominals,Strength,Body Only
Best,TBS Toes-to-bar,"The hanging toes-to-bar is an advanced abdominal exercise in which the lifter touches their feet to a pull-up bar. There are many ways to perform this movement: strict or swinging, arms completely straight or slightly bent, legs straight or bent, each providing unique benefits and challenges. Initially, it may be a difficult move to do for a single rep, but once you build the requisite core, lat, and shoulder strength, it can be performed for higher reps.",Intermediate,Abdominals,Strength,Body Only
Good,FYR Mountain Climber,"The mountain climber is a popular bodyweight exercise targeting the muscles of the core, as well as the shoulders, hips, and cardiovascular system. It involves lifting one knee to the chest at a time from a straight-arm plank position. It can be performed for time or reps as part of a dynamic warm-up, for bodyweight cardio or conditioning, or as no-equipment dynamic core training.",Intermediate,Abdominals,Strength,Body Only
Best,Roman Chair Side Ups,None,Intermediate,Abdominals,Strength,Body Only
Bad,Push-Up Roll Out - Gethin Variation,None,Intermediate,Abdominals,Strength,Body Only
Best,Cross-Body Crunch - Gethin Variation,"The cross-body sit-up is a bodyweight exercise targeting the ab muscles, the obliques and rectus abdominis or ""six-pack"" muscles in particular. It involves bringing the opposite-side knee and elbow together, usually alternating sides with each rep. It can be performed for time or reps as part of the ab-focused portion of any workout.",Intermediate,Abdominals,Strength,Body Only
Best,Decline leg lift with twist,"The decline leg lift with twist is a bodyweight core exercise targeting the obliques and rectus abdominis or ""six-pack"" muscles, particularly the lower abs. It can be performed for time or for reps as part of the core-focused portion of any workout or circuit.",Intermediate,Abdominals,Strength,Body Only
Best,Hanging Leg Raise - Variation Gethin,"The hanging leg raise is an exercise targeting the abs and hip flexors. Instead of resting the forearms on the pads of apparatus, hang from a bar. It can be performed for time or reps in the ab-focused portion of any workout.",Intermediate,Abdominals,Strength,Body Only
Best,Butterfly crunch,"The butterfly crunch is a popular bodyweight exercise that targets the rectus abdominis, or ""six-pack"" muscles. It gets its name from the position of the elbows and knees, both of which are bent out like wings. It can be performed for time or reps as part of any abs-focused circuit or workout.",Intermediate,Abdominals,Strength,Body Only
Good,Cross-body mountain climber,"The cross-body mountain climber is a popular bodyweight exercise targeting the muscles of the core, as well as the shoulders, hips, and cardiovascular system. It is different from a traditional mountain climber because you bring the knee to the opposite side of the body rather than simply to the chest. It can be performed for time or reps as part of a dynamic warm-up, for bodyweight cardio or conditioning, or as no-equipment dynamic core training.",Intermediate,Abdominals,Strength,Body Only
Bad,Flat Bench Lying Leg Raise - Gethin Variation,"The lying leg lift is a popular bodyweight exercise targeting the muscles of the abs, the rectus abdominis or “six-pack” muscles in particular. It can be performed for time or reps in the core-focused portion of any workout.",Intermediate,Abdominals,Strength,Body Only
Good,Lying leg lift,"The lying leg lift is a popular bodyweight exercise targeting the muscles of the abs, the rectus abdominis or “six-pack” muscles in particular. It can be performed for time or reps in the core-focused portion of any workout.",Intermediate,Abdominals,Strength,Body Only
Bad,Hanging alternating single-leg raise,"The hanging alternating single-leg raise is an exercise targeting the abs, but which also works the lats and hip flexors. Rather than performing both legs at a time, you lift one and alternate with each rep. Leg raises are often performed for moderate to high reps, such as 8-12 reps or more, as part of ab-focused training. However, this difficult variation may require some time to build up to those rep ranges.",Intermediate,Abdominals,Strength,Body Only
Good,Plank Walk,None,Intermediate,Abdominals,Strength,Body Only
Good,Sit-Up - Gethin Variation,"The sit-up is a popular bodyweight exercise focused on the abdominal muscles. It has also been used as part of military, tactical, and scholastic fitness tests for many years. It can be performed for time or reps, with the feet anchored or free, on flat ground or a bench.",Intermediate,Abdominals,Strength,Body Only
Best,Plank Push-Up,"The plank up-down is a variation of the plank push-up that ends in an elbow plank rather than with the chest on the ground. It involves transitioning between the two positions one arm at a time, rather than two. It puts more stress on the triceps and core than traditional planks. It can be performed for time or reps in any bodyweight workout or during the core-focused portion of any workout.",Intermediate,Abdominals,Strength,Body Only
Best,Decline crunch-,"The decline crunch is a popular bodyweight exercise targeting the rectus abdominis or ""six-pack"" muscles, particular the upper abs. It is usually performed for high reps, such as 10-15 reps per set or more, as part of the ab-focused portion of a workout.",Intermediate,Abdominals,Strength,Body Only
Bad,Alternating lying leg raise,"The alternating lying leg lift is a popular bodyweight exercise targeting the muscles of the abs, the rectus abdominis or “six-pack” muscles in particular. It can be performed for time or reps in the core-focused portion of any workout.",Intermediate,Abdominals,Strength,Body Only
Good,Decline leg lift,"The decline leg lift is a popular bodyweight core exercise targeting the rectus abdominis or ""six-pack"" muscles, particularly the lower abs. It can be performed for time or for reps as part of the core-focused portion of any workout or circuit.",Intermediate,Abdominals,Strength,Body Only
Best,Crunch - Gethin Variation,"The crunch is a popular core exercise targeting the rectus abdominis, or ""six-pack"" muscles, as well as the obliques. It has been the centerpiece of many ab-focused workouts, due to both its simplicity and the intense burn and mind-muscle connection it produces. It can be performed for time or reps as part of the ab-focused portion of any workout.",Intermediate,Abdominals,Strength,Body Only
Best,Plank - Gethin Variation,"The elbow plank is a popular isometric abdominal exercise. It is common in all types of exercise programs, as well as in group fitness and yoga classes. It targets the muscles of the core, the deep core or transversus abdominis in particular. It is also often prescribed for time to help back pain or to teach proper bracing.",Intermediate,Abdominals,Strength,Body Only
Good,Barbell floor wiper,"The barbell floor wiper is a core exercise in which the barbell is held in the locked-out position of a floor press, and the hips and legs are rotated side to side. It targets the oblique muscles of the lateral abdomen, but is also seriously challenging to the deep core and rectus abdominis or ""six-pack"" muscles.",Intermediate,Abdominals,Strength,Body Only
Best,Prison Push-Up,None,Intermediate,Abdominals,Strength,Body Only
Bad,McGill Modified Curl-Up,None,Intermediate,Abdominals,Strength,Body Only
Best,Cross-body toe-touch,"The cross-body toe-touch is a version of the toe-touch stretch where instead of both hands reaching down toward both feet, one hand at a time reaches for the opposing foot. It's a common component in dynamic warm-ups for training or sports, but can also be performed for simple flexibility work anytime.",Intermediate,Abdominals,Strength,Body Only
Bad,Toy soldier,"The toy soldier is a calisthenics exercise targeting the hip flexors and legs, which are kicked up one at a time. When each leg is at the top of the kick, the opposing hand touches that foot. It's a common warm-up exercise before athletics, but can also help raise core temperature and mobilize a wide range of muscles and joints prior to training.",Intermediate,Abdominals,Strength,Body Only
Bad,Natural Glute Ham Raise with Stability Ball,None,Intermediate,Abdominals,Strength,Body Only
Best,Lateral ape,"The lateral ape is an exercise focused on the lower body that involves staying in a low squat position as you hop laterally. It can be performed as part of a dynamic warm-up, to improve hip mobility, or as part of a fat-loss or athleticism-focused circuit workout.",Intermediate,Abdominals,Strength,Body Only
Bad,Hollow-body knee tuck,"The hollow-body knee tuck is a bodyweight abdominal exercise performed on the floor. It is similar to both the hollow-body hold and the knee tuck or reverse crunch, combining elements of both. It primarily targets the muscles of the rectus abdominis, or “six-pack” muscles. It can be performed for reps or time, either as part of an ab-focused workout or as a component of a circuit workout.",Intermediate,Abdominals,Strength,Body Only
Best,HM Air Jumping Rope,None,Intermediate,Abdominals,Strength,Body Only
Bad,HM Alternating Lunge Reach,None,Intermediate,Abdominals,Strength,Body Only
Good,HM Alternating Side Plank Reach,None,Intermediate,Abdominals,Strength,Body Only
Good,HM Superman Plank,None,Intermediate,Abdominals,Strength,Body Only
Bad,HM Table Pose,None,Intermediate,Abdominals,Strength,Body Only
Good,HM Toe Touch,None,Intermediate,Abdominals,Strength,Body Only
Best,HM Right Side Bird-Dog,None,Intermediate,Abdominals,Stretching,Body Only
Bad,HM Right Side Crunch,None,Intermediate,Abdominals,Strength,Body Only
Best,HM Bicycle,None,Intermediate,Abdominals,Strength,Body Only
Best,HM Bird-Dog Plank,None,Intermediate,Abdominals,Strength,Body Only
Best,HM Boat Pose,None,Intermediate,Abdominals,Strength,Body Only
Good,HM Bottoms Up,None,Intermediate,Abdominals,Strength,Body Only
Bad,HM Bridge,None,Intermediate,Abdominals,Strength,Body Only
Good,HM Running Man Crunch,None,Intermediate,Abdominals,Cardio,Body Only
Good,HM Seated Twist,None,Intermediate,Abdominals,Strength,Body Only
Good,HM Side-Bend Pose,None,Intermediate,Abdominals,Strength,Body Only
Best,HM Side-Plank Arm Wrap,None,Intermediate,Abdominals,Strength,Body Only
Good,HM Side-Plank with Hip Touch,None,Intermediate,Abdominals,Strength,Body Only
Good,HM Side-Plank with Kick,None,Intermediate,Abdominals,Strength,Body Only
Best,HM Side V-Up,None,Intermediate,Abdominals,Strength,Body Only
Bad,HM Crab Crunch,None,Intermediate,Abdominals,Strength,Body Only
Bad,HM Cross-Over Crunch,None,Intermediate,Abdominals,Strength,Body Only
Best,HM Crunch Pulse,None,Intermediate,Abdominals,Strength,Body Only
Bad,HM Dead Bug,None,Intermediate,Abdominals,Strength,Body Only
Best,HM Single-Leg Inchworm,None,Intermediate,Abdominals,Strength,Body Only
Good,HM Floor Jack,None,Intermediate,Abdominals,Strength,Body Only
Best,HM Floor Wiper,None,Intermediate,Abdominals,Strength,Body Only
Bad,HM Floor Kick,None,Intermediate,Abdominals,Strength,Body Only
Good,HM Sit-Up,None,Intermediate,Abdominals,Strength,Body Only
Good,HM Slow Mountain Climber,None,Intermediate,Abdominals,Strength,Body Only
Best,HM Slow Sit-Up,None,Intermediate,Abdominals,Strength,Body Only
Bad,HM Half-Up,None,Intermediate,Abdominals,Strength,Body Only
Best,HM Hollow-Body Pulse,None,Intermediate,Abdominals,Strength,Body Only
Good,HM Hollow Hold,None,Intermediate,Abdominals,Strength,Body Only
Bad,HM Inchworm,None,Intermediate,Abdominals,Strength,Body Only
Bad,HM Right Side Hollow Hold with Pulse,None,Intermediate,Abdominals,Strength,Body Only
Bad,HM Reverse Crunch with Frisbee,None,Intermediate,Abdominals,Strength,Body Only
Good,HM Left Side Bird-Dog,None,Intermediate,Abdominals,Strength,Body Only
Best,HM Left Side Crunch,None,Intermediate,Abdominals,Strength,Body Only
Best,HM Left Side Hollow Hold With Pulse,None,Intermediate,Abdominals,Strength,Body Only
Bad,HM Reverse Crunch,None,Intermediate,Abdominals,Strength,Body Only
Best,HM Low Lunge With External Twist And Arm Reach,None,Intermediate,Abdominals,Strength,Body Only
Best,HM Mountain Climber,None,Intermediate,Abdominals,Strength,Body Only
Best,HM Prison Sit-Up,None,Intermediate,Abdominals,Strength,Body Only
Best,HM Plank Alternating Hip-Dip,None,Intermediate,Abdominals,Strength,Body Only
Best,HM Tuck-Up Get-Up,None,Intermediate,Abdominals,Strength,Body Only
Good,HM Flutter Kick,None,Intermediate,Abdominals,Strength,Body Only
Best,HM Plank,None,Intermediate,Abdominals,Strength,Body Only
Best,McGill Pull-Up,None,Intermediate,Abdominals,Strength,Body Only
Best,AM Leg Lift,"The captain's chair leg raise is an exercise that targets the abs and hip flexors. It involves an apparatus that allows the forearms to rest on pads and the upright torso to hang freely. Unlike the Captain’s chair knee raise, the legs are straight here.",Intermediate,Abdominals,Strength,Body Only
Good,AM Decline Abs,"The decline sit-up is a core exercise that works the iliopsoas, quads, hip flexors, and adductors. The rectus abdominis and obliques are the stabilizers in this movement.",Intermediate,Abdominals,Strength,Body Only
Best,Hanging crunch,"The hanging crunch an abdominal exercise that targets the rectus abdominis or ""six-pack"" muscles. It can be performed hanging from a bar, on a dip station or parallel bars, or if grip strength is a limitation, by placing the elbows in ab straps. If hanging from a straight bar is uncomfortable to the wrists or shoulders, you can also perform them hanging with a neutral grip (palms facing one another). It is similar to a hanging knee raise, but with more spinal curling and a more pronounced ""crunch"" at the top.",Intermediate,Abdominals,Strength,Body Only
Good,Tyler Holt Hanging Toes-To-Bar,None,Intermediate,Abdominals,Strength,Body Only
Good,Side plank,"The side plank is a popular isometric abdominal exercise focusing on the oblique muscles, as well as the transversus abdominis or deep core muscles. It is sometimes paired with the curl up and bird dog as the “McGill big three” for core strength and stability. It is performed for time and can work in a warm-up or in the core-focused portion of any workout.",Intermediate,Abdominals,Strength,Body Only
Bad,Bird dog-,"The bird dog is a core exercise designed to help strengthen and stabilize the posterior chain. It involves lifting an opposite-side arm and leg while in a bent-leg tabletop position. It is most commonly performed as part of a dynamic warm-up, or for mobility and muscle activation anytime.",Intermediate,Abdominals,Strength,Body Only
Good,Single-leg curl up,"The single-leg curl up is a bodyweight abdominal movement that teaches and reinforces abdominal “bracing” for strength training. It is usually performed along with variations of the bird dog and side plank as the “McGill big three.” The curl up can be performed for time or for reps, with or without pauses at the top position, as part of a warm-up or the core-focused component of any workout.",Intermediate,Abdominals,Strength,Body Only
Bad,Single-kettlebell windmill,"The single-kettlebell windmill is a dynamic kettlebell exercise emphasizing core strength and shoulder and hip mobility and stability. It is often used as a functional warm-up or for multi-directional strength work. It doesn't work as well in a metcon or conditioning setting, and shouldn't be performed under intense fatigue.",Intermediate,Abdominals,Strength,Body Only
Bad,UNS Foam Roll Thigh,None,Intermediate,Abdominals,Strength,Body Only
Bad,UNS Inverted row,None,Intermediate,Abdominals,Strength,Body Only
Bad,UNS T-spine rotation with reach,None,Intermediate,Abdominals,Strength,Body Only
Bad,UNS Quadruped thoracic rotation,None,Intermediate,Abdominals,Strength,Body Only
Good,UNS Pec stretch,None,Intermediate,Abdominals,Strength,Body Only
Best,UNS Lat stretch,None,Intermediate,Abdominals,Strength,Body Only
Good,UNS Foam Roll,None,Intermediate,Abdominals,Strength,Body Only
Best,UNS Foam Roll Lats,None,Intermediate,Abdominals,Strength,Body Only
Good,UNS Rocking Adductor Stretch,None,Intermediate,Abdominals,Strength,Body Only
Best,UNS Bird Dog,None,Intermediate,Abdominals,Strength,Body Only
Bad,UNS Jumping Jack,None,Intermediate,Abdominals,Strength,Body Only
Good,Ab wheel roll-out,The ab wheel roll-out is an exercise targeting the abdominals using an inexpensive wheel device with a handle on either side. Many trainers and strength coaches claim it's one of the best exercises for developing strength in the midsection. Beginners may have to start with a limited range of motion or just wheel planks.,Intermediate,Abdominals,Strength,Body Only
Good,Bench mountain climber,"The bench mountain climber is a bodyweight exercise that works the core, shoulders, and lower body while burning a lot of calories. Placing the hands on an elevated surface such as a bench decreases the challenge to the shoulders, allowing lifters to focus their work on the other body parts. Mountain climber variations are usually performed at a fast pace for moderate to high reps, such as 8-12 reps per leg or more.",Intermediate,Abdominals,Strength,Body Only
Bad,Feet-elevated bench side plank,"The feet-elevated bench side plank is an advanced version of the side plank performed with the feet elevated on a bench. It targets the same muscles as the side plank, including the obliques, shoulders, and lateral hips, but the body angle makes it more difficult than side planks on the floor. Most lifters will need to progress to this version after mastering the basic side plank first.",Intermediate,Abdominals,Strength,Body Only
Good,Cross-body sit-up,"The cross-body sit-up is a bodyweight exercise targeting the ab muscles, the obliques and rectus abdominis or ""six-pack"" muscles in particular. It involves bringing the opposite-side knee and elbow together, usually alternating sides with each rep. It can be performed for time or reps as part of the ab-focused portion of any workout.",Intermediate,Abdominals,Strength,Body Only
Bad,Decline kayak,"The decline kayak is a core exercise targeting the obliques. It involves making a paddling motion on a decline bench with the feet anchored, using a bar or pipe for weight. It is usually performed for moderate to high reps, at least 8-12 reps per side, as part of the ab-focused portion of a workout or circuit.",Intermediate,Abdominals,Strength,Body Only
Bad,30 Decline Reverse Crunch,The decline reverse crunch is a core exercise targeting the lower abdominals.,Intermediate,Abdominals,Strength,Body Only
Best,Decline sit-up twist,"The decline sit-up twist is a bodyweight core exercise that targets the obliques, as well as the rectus abdominis or ""six pack"" muscles. Sit-up variations are usually performed for moderate to high reps, such as 10-15 reps per set or more, as part of the core-focused portion of a workout.",Intermediate,Abdominals,Strength,Body Only
Good,30 Flat Bench Leg Raise,"The lying leg lift is a popular bodyweight exercise targeting the muscles of the abs, the rectus abdominis or “six-pack” muscles in particular. It can be performed for time or reps in the core-focused portion of any workout.",Intermediate,Abdominals,Strength,Body Only
Best,30 Flutter Kick,"The flutter kick is a core exercise where the legs are held off the ground as you flutter your feet over and under each other in small motions. It targets multiple muscles of the core, but particularly the rectus abdominis or ""six-pack"" muscles. It can be performed for time or reps in the ab-focused portion of any workout.",Intermediate,Abdominals,Strength,Body Only
Bad,Chin-up crunch,The chin-up crunch is an exercise targeting the core and overall upper-body strength. It combines a chin-up with a knee raise or crunch to give extra emphasis to the core.,Intermediate,Abdominals,Strength,Body Only
Bad,30 Gorilla Chin Oblique Crunch,None,Intermediate,Abdominals,Strength,Body Only
Good,Half Turkish get-up,"The half Turkish get-up is a kettlebell movement that focuses on the first portion of the Turkish get-up exercise. It is often taught as a precursor to the full Turkish get-up, but is also a valuable abdominal and shoulder exercise in its own right. It can be performed for reps or time, either in lower rep ranges for strength or higher rep ranges for technique practice or conditioning.",Intermediate,Abdominals,Strength,Body Only
Best,30 Hanging Oblique Crunch,"The hanging oblique crunch an abdominal exercise that targets both the rectus abdominus or “six-pack” muscles, and the oblique muscles. It can be performed hanging from a bar, or if grip strength is a limitation, by placing the elbows in ab straps. If hanging from a straight bar is uncomfortable to the wrists or shoulder, you can also perform them hanging with a neutral grip (palms facing one another)",Intermediate,Abdominals,Strength,Body Only
Good,30 Hollow-Body Hold,"The hollow-body hold is an isometric exercise that increases strength and stability in the core muscles. It is common in gymnastics training, CrossFit training, and as a core tension and bracing drill for lifters and athletes of all types. It is performed for time and can be performed as an activation drill prior to lifting, as part of a circuit, or as equipment-free core training anytime.",Intermediate,Abdominals,Strength,Body Only
Best,Parallel bars knee raise,"The parallel bars knee raise is a bodyweight exercise that targets the abs. It is performed on parallel bars, starting in the top position of a dip. Knee raises are often performed for moderate to high reps, such as 8-12 reps or more, as part of ab-focused training.",Intermediate,Abdominals,Strength,Body Only
Bad,30 Landmine Twist,"The landmine twist is a rotational abdominal movement performed utilizing an angled barbell anchored at floor level in a landmine device. It can also be performed by sticking a barbell in the corner of a room, preferably in a towel to protect the walls. It targets the deep muscles of the core, including both the obliques and the transversus abdominus. It can be done fast or slow, for time or reps, either in traditional muscle-focused rep ranges such as 8-12 reps per side.",Intermediate,Abdominals,Strength,Body Only
Bad,Parallel bars leg raise,"The parallel bars leg raise is a bodyweight exercise that targets the abs. It is performed on parallel bars, starting in the top position of a dip. Leg raises are often performed for moderate to high reps, such as 8-12 reps or more, as part of ab-focused training. However, this difficult variation may require some time to build up to those rep ranges.",Intermediate,Abdominals,Strength,Body Only
Good,Otis-up-,"The Otis-up is a weighted exercise focusing on the abdominal muscles and the shoulders to a lesser degree. It primarily targets the rectus abdominis or ""six-pack"" muscles, but also involves the obliques and deep core muscles. It is normally performed on a decline bench holding a weight plate, but can also be performed with a dumbbell, kettlebell, or other weight.",Intermediate,Abdominals,Strength,Body Only
Best,30 Shoulder Tap,"The shoulder tap is an exercise targeting the abdominals and core. The basic stance matches the top of a push-up position. From there, one hand is raised to tap its opposing shoulder. A tap with each hand to each opposing shoulder equals one rep.",Intermediate,Abdominals,Strength,Body Only
Bad,30 Spider Crawl,"The spider crawl is a bodyweight exercise that involves crawling on the floor with the knees outside of the elbows. It is different from a leopard crawl in that the hips are higher, and it's different from a bear crawl because the knees are wider. It can be done as a full-body warm-up, in short bursts for power or circuit training, or for longer durations as cardiovascular conditioning.",Intermediate,Abdominals,Strength,Body Only
Good,Spider crunch,"The spider crunch is a core exercise that begins in a straight-arm plank position and involves raising one knee toward your same-side elbow to target the obliques. It is similar to a mountain climber, but with the knees out wider. It can be performed for time or reps as bodyweight ab training or conditioning.",Intermediate,Abdominals,Strength,Body Only
Best,Toe-touch,"The toe-touch is a bodyweight movement that targets the muscles of the abs, the rectus abdominis or ""six-pack"" muscles in particular. It can be performed for time or reps in the ab-focused portion of any workout.",Intermediate,Abdominals,Strength,Body Only
Bad,30 Hanging Toes-To-Bar,"The hanging toes-to-bar is an advanced abdominal exercise in which the lifter touches their feet to a pull-up bar. There are many ways to perform this movement: strict or swinging, arms completely straight or slightly bent, legs straight or bent, each providing unique benefits and challenges. Initially, it may be a difficult move to do for a single rep, but once you build the requisite core, lat, and shoulder strength, it can be performed for higher reps.",Intermediate,Abdominals,Strength,Body Only
Best,30 V-Up,"The V-up is a bodyweight movement that targets the muscles of the abs, the rectus abdominis or ""six-pack"" muscles in particular. It is similar to a suitcase crunch, but the lower back lifts off the ground at the top of each rep. It can be performed for time or reps in the ab-focused portion of any workout.",Intermediate,Abdominals,Strength,Body Only
Bad,Cocoon crunch,"The cocoon crunch is a bodyweight exercise targeting the ab muscles, the rectus abdominis or ""six-pack"" muscles in particular. It involves bringing your knees to your chest and your arms from overhead to center. It can be performed for time or reps as part of the ab-focused portion of any workout.",Intermediate,Abdominals,Strength,Body Only
Good,Bench oblique crunch,"The bench oblique crunch is an exercise that targets the obliques, the muscles running alongside the rectus abdominis. The range of motion is fairly small, but it still does a great job of working these hard-to-isolate muscles. Like most crunch variations, it is usually performed for moderate to high reps, such as 8-12 reps per set or more.",Intermediate,Abdominals,Strength,Body Only
Best,Full moon-,"The full moon is a bodyweight exercise targeting the muscles of the abs. It is similar to a V-up, but with the added challenge of “drawing” a circle shape in the air during each rep. It can be performed for time or reps in the core-focused portion of any workout.",Intermediate,Abdominals,Strength,Body Only
Good,Push-up to side plank,"The push-up to side plank is an upper-body and core-focused exercise combining two popular bodyweight movements. It targets the chest, triceps, and shoulders with the push-up, and the obliques and hip external rotator muscles with the side plank. It can be performed as part of a dynamic warm-up or any bodyweight strength-training workout.",Intermediate,Abdominals,Strength,Body Only
Bad,Tyler Holt V-Up,None,Intermediate,Abdominals,Strength,Body Only
Bad,Tyler Holt Plank,None,Intermediate,Abdominals,Strength,Body Only
Best,Tyler Holt Hip-Dip,None,Intermediate,Abdominals,Strength,Body Only
Best,Suicides,None,Intermediate,Abdominals,Strength,Body Only
Good,Holman Towel Straight Plank Jack,None,Intermediate,Abdominals,Strength,Body Only
Best,Holman Towel Hill Climber,None,Intermediate,Abdominals,Strength,Body Only
Good,Holman Towel Elbow Plank Jack,None,Intermediate,Abdominals,Strength,Body Only
Bad,Holman Towel Elbow Plank Pike,None,Intermediate,Abdominals,Strength,Body Only
Best,Holman Towel Straight Plank Hand Reach,None,Intermediate,Abdominals,Strength,Body Only
Good,Holman Towel Wax-On Wax-Off,None,Intermediate,Abdominals,Strength,Body Only
Good,Holman Towel Wide Hill Climber,None,Intermediate,Abdominals,Strength,Body Only
Best,Holman Towel Dirty Dog,None,Intermediate,Abdominals,Strength,Body Only
Best,Holman Straight Plank Shoulder Tap,None,Intermediate,Abdominals,Strength,Body Only
Good,Holman Killer Abs,None,Intermediate,Abdominals,Strength,Body Only
Good,Holman Straight Plank Split Jack,None,Intermediate,Abdominals,Strength,Body Only
Good,Holman Elbow Plank Swim,None,Intermediate,Abdominals,Strength,Body Only
Best,Holman Elbow Plank Saw,None,Intermediate,Abdominals,Strength,Body Only
Bad,Holman Feet-Elevated Straight Plank Toe-Tap Series,None,Intermediate,Abdominals,Strength,Body Only
Bad,Holman Elbow Plank Pike Pull,None,Intermediate,Abdominals,Strength,Body Only
Best,Holman Hand-Elevated Walk-Over Push-Up,None,Intermediate,Abdominals,Strength,Body Only
Best,Holman Hands-Elevated Hill Climber,None,Intermediate,Abdominals,Strength,Body Only
Bad,Holman Seated Pike,None,Intermediate,Abdominals,Strength,Body Only
Good,Holman Feet-Elevated Up-Down Plank,None,Intermediate,Abdominals,Strength,Body Only
Best,Holman Feet-Elevated Hand Tap,None,Intermediate,Abdominals,Strength,Body Only
Bad,Holman Reverse Straight Plank with Alternating Heel Pull-In,None,Intermediate,Abdominals,Strength,Body Only
Best,Holman Elbow Plank,None,Intermediate,Abdominals,Strength,Body Only
Good,Holman Straight Plank Squat Thrust,None,Intermediate,Abdominals,Strength,Body Only
Best,Holman Alternating Single-Leg Pike,None,Intermediate,Abdominals,Strength,Body Only
Best,Holman Knee Pull-In Crunch,None,Intermediate,Abdominals,Strength,Body Only
Good,Holman Straight Plank with Hand Tap,None,Intermediate,Abdominals,Strength,Body Only
Bad,Holman Straight Plank with Dirty Dog,None,Intermediate,Abdominals,Strength,Body Only
Good,Holman Elbow Plank Roll,None,Intermediate,Abdominals,Strength,Body Only
Good,Holman Froggy Push-Up,None,Intermediate,Abdominals,Strength,Body Only
Good,Holman Straight Plank Hand Tap to Shoulder Tap,None,Intermediate,Abdominals,Strength,Body Only
Best,Holman In-Out Straight Plank,None,Intermediate,Abdominals,Strength,Body Only
Bad,Holman Bicycle,None,Intermediate,Abdominals,Strength,Body Only
Good,Holman Alternating Diagonal Knee Pull-in,None,Intermediate,Abdominals,Strength,Body Only
Best,Holman Elbow Plank with Step-Out,None,Intermediate,Abdominals,Strength,Body Only
Bad,Holman Alternating Slow L-Raise,None,Intermediate,Abdominals,Strength,Body Only
Bad,Holman Feet-Elevated Plank with Shoulder Tap,None,Intermediate,Abdominals,Strength,Body Only
Good,Holman Feet-Elevated Inchworm Pike to Straight Plank Push-Up,None,Intermediate,Abdominals,Strength,Body Only
Good,Holman Feet-Elevated Up-Down Elbow Plank,None,Intermediate,Abdominals,Strength,Body Only
Bad,Holman Feet-Elevated Plank Pike Pull,None,Intermediate,Abdominals,Strength,Body Only
Good,Holman Feet-Elevated Alternating Single-Leg Hip Raise,None,Intermediate,Abdominals,Strength,Body Only
Best,Holman Feet-Elevated Plank Pike Pull to Push-Up,None,Intermediate,Abdominals,Strength,Body Only
Best,Holman Standing Heel Click,None,Intermediate,Abdominals,Strength,Body Only
Best,Holman Straight Plank Right-Left Jack to Split Jack,None,Intermediate,Abdominals,Strength,Body Only
Best,Holman Elbow Plank Jack to Ninja Knees,None,Intermediate,Abdominals,Strength,Body Only
Good,Holman Right Side Elbow Plank with Left Leg Swing,None,Intermediate,Abdominals,Strength,Body Only
Best,Holman Left Side Elbow Plank with Right Leg Swing,None,Intermediate,Abdominals,Strength,Body Only
Bad,Holman Straight Plank with Alternating Diagonal Sit-Back,None,Intermediate,Abdominals,Strength,Body Only
Good,Holman Boat Press with Leg Extension,None,Intermediate,Abdominals,Strength,Body Only
Best,Holman Shoulder Tap to Dirty Dog,None,Intermediate,Abdominals,Strength,Body Only
Bad,Holman Standing Russian Twist,None,Intermediate,Abdominals,Strength,Body Only
Best,Holman Hovering Plank with Shoulder Tap,None,Intermediate,Abdominals,Strength,Body Only
Good,Holman Elbow Plank to Stacked Plank Hip Drop,None,Intermediate,Abdominals,Strength,Body Only
Good,Holman Elbow Plank to Walk-Up Pike,None,Intermediate,Abdominals,Strength,Body Only
Good,Holman Hill Climber,None,Intermediate,Abdominals,Strength,Body Only
Good,Holman Straight Plank Pike to Renegade Row,None,Intermediate,Abdominals,Strength,Body Only
Good,Holman Alternating Hip Drop to Push-Up,None,Intermediate,Abdominals,Strength,Body Only
Bad,Holman Crab Kick,None,Intermediate,Abdominals,Strength,Body Only
Bad,Holman Wounded Bear Crawl,None,Intermediate,Abdominals,Strength,Body Only
Good,Holman Alternating Crab Reach,None,Intermediate,Abdominals,Strength,Body Only
Best,Holman Hovering Panther Core Stabilizer,None,Intermediate,Abdominals,Strength,Body Only
Best,Holman Burpee to Forward Lunge,None,Intermediate,Abdominals,Strength,Body Only
Good,Holman Seated Knee Pull-In Series,None,Intermediate,Abdominals,Strength,Body Only
Best,Holman Elbow Plank Pike,None,Intermediate,Abdominals,Strength,Body Only
Bad,Holman Elbow Plank Jack to Straight Plank Split Jack,None,Intermediate,Abdominals,Strength,Body Only
Bad,Holman Boat Pull-Over,None,Intermediate,Abdominals,Strength,Body Only
Bad,Holman Squat Pulse to Plyometric Jump,None,Intermediate,Abdominals,Strength,Body Only
Best,Holman Hands Down Heel Click,None,Intermediate,Abdominals,Strength,Body Only
Bad,Holman Straight Plank to Kick-Up,None,Intermediate,Abdominals,Strength,Body Only
Good,Holman Hands-Elevated Split Jack,None,Intermediate,Abdominals,Strength,Body Only
Good,Holman Feet-Elevated Plank Reach,None,Intermediate,Abdominals,Strength,Body Only
Bad,Holman Hand-Elevated Side Plank Semicircle,None,Intermediate,Abdominals,Strength,Body Only
Bad,Holman Hands-Elevated Straight Plank Pike,None,Intermediate,Abdominals,Strength,Body Only
Good,Holman Alternating Rolling Elbow Plank,None,Intermediate,Abdominals,Strength,Body Only
Best,Holman Elbow Plank Jack,None,Intermediate,Abdominals,Strength,Body Only
Good,Holman Squat Thrust to Alternating Knee-In,None,Intermediate,Abdominals,Strength,Body Only
Best,Holman Supine Double Pike,None,Intermediate,Abdominals,Strength,Body Only
Bad,Holman Elbow Plank Alternating Pike,None,Intermediate,Abdominals,Strength,Body Only
Good,Holman Seated Killer Abs,None,Intermediate,Abdominals,Strength,Body Only
Best,Holman Side Plank Hip Drop,None,Intermediate,Abdominals,Strength,Body Only
Bad,Holman Wide Hill Climber,None,Intermediate,Abdominals,Strength,Body Only
Good,Holman Straight-Legged Bicycle,None,Intermediate,Abdominals,Strength,Body Only
Best,Holman Stair Toe Tap,None,Intermediate,Abdominals,Strength,Body Only
Good,Holman Elbow Plank Ninja,None,Intermediate,Abdominals,Strength,Body Only
Best,Holman Traveling Stair Climb Push-Up,None,Intermediate,Abdominals,Strength,Body Only
Good,Holman Hands-Elevated Burpee,None,Intermediate,Abdominals,Strength,Body Only
Bad,Holman Straight Plank Donkey Kick,None,Intermediate,Abdominals,Strength,Body Only
Good,Holman Feet-Elevated Straight Plank Pike Pull,None,Intermediate,Abdominals,Strength,Body Only
Best,Holman Towel Burpee,None,Intermediate,Abdominals,Strength,Body Only
Bad,Holman Elbow Plank to Alternating Side Plank Crunch,None,Intermediate,Abdominals,Strength,Body Only
Best,Holman Straight-Legged Hip Raise,None,Intermediate,Abdominals,Strength,Body Only
Best,Holman Feet-Elevated Hill Climber,None,Intermediate,Abdominals,Strength,Body Only
Good,Holman Ninja Knee Hill Climber,None,Intermediate,Abdominals,Strength,Body Only
Best,Holman Feet-Elevated Shoulder Tap,None,Intermediate,Abdominals,Strength,Body Only
Good,Holman Feet-Elevated Hip Raise,None,Intermediate,Abdominals,Strength,Body Only
Bad,Holman Left Hand Right Foot Crab Reach,None,Intermediate,Abdominals,Strength,Body Only
Bad,Holman Alternating Crab Flip to Froggy Push-Up to Kicks,None,Intermediate,Abdominals,Strength,Body Only
Best,Holman Right Hand Left Foot Sleeping Crab,None,Intermediate,Abdominals,Strength,Body Only
Bad,Holman Left Hand Right Foot Sleeping Crab,None,Intermediate,Abdominals,Strength,Body Only
Good,Holman Straight Plank with Alternating Leg Kick-Under,None,Intermediate,Abdominals,Strength,Body Only
Best,Holman Right Hip Drop Push-Up,None,Intermediate,Abdominals,Strength,Body Only
Bad,Holman Right Side Diagonal Burpee,None,Intermediate,Abdominals,Strength,Body Only
Bad,Holman Left Hip Drop Push-Up,None,Intermediate,Abdominals,Strength,Body Only
Good,Holman Right Leg 7-Up Crunch,None,Intermediate,Abdominals,Strength,Body Only
Good,Holman Left Leg 7-Up Crunch,None,Intermediate,Abdominals,Strength,Body Only
Best,Holman Straight Plank Jack,None,Intermediate,Abdominals,Strength,Body Only
Bad,Holman Feet-Elevated Couch Hill Climber,None,Intermediate,Abdominals,Strength,Body Only
Good,Holman Feet-Elevated Right Side Plank,None,Intermediate,Abdominals,Strength,Body Only
Best,Holman Alternating Up-Down Plank to Push-Up,None,Intermediate,Abdominals,Strength,Body Only
Best,Holman Straight Plank Pike,None,Intermediate,Abdominals,Strength,Body Only
Bad,Holman Ninja Knee Straight Plank,None,Intermediate,Abdominals,Strength,Body Only
Good,Holman Reverse Crunch to Hip Raise,None,Intermediate,Abdominals,Strength,Body Only
Good,Holman Straight Plank Quick Reach,None,Intermediate,Abdominals,Strength,Body Only
Best,Holman Alternating Diagonal Straight Plank,None,Intermediate,Abdominals,Strength,Body Only
Bad,Holman Feet-Elevated Left Side Plank,None,Intermediate,Abdominals,Strength,Body Only
Best,Holman Right Hand Left Foot Crab Reach,None,Intermediate,Abdominals,Strength,Body Only
Bad,Holman Low-Impact Crab Kick,None,Intermediate,Abdominals,Strength,Body Only
Bad,Holman Alternating Crab Flip to Froggy Push-Up,None,Intermediate,Abdominals,Strength,Body Only
Best,Holman High-Impact Crab Kick,None,Intermediate,Abdominals,Strength,Body Only
Bad,Holman Single-Leg Right Pike,None,Intermediate,Abdominals,Strength,Body Only
Best,Holman Single-Leg Left Pike,None,Intermediate,Abdominals,Strength,Body Only
Bad,Holman Shoulder Tap to Hand Tap,None,Intermediate,Abdominals,Strength,Body Only
Good,Holman Towel Reverse Plank Jack,None,Intermediate,Abdominals,Strength,Body Only
Good,Holman Side-to-Side Twist,None,Intermediate,Abdominals,Strength,Body Only
Bad,Holman Crab Kick with Hop,None,Intermediate,Abdominals,Strength,Body Only
Bad,Holman Crab Reach to Crab Kick,None,Intermediate,Abdominals,Strength,Body Only
Good,Holman Wide Squat Side-to-Side Obliques,None,Intermediate,Abdominals,Strength,Body Only
Best,Holman Side Plank Crunch,None,Intermediate,Abdominals,Strength,Body Only
Best,Total Fitness Ab Tuck,"The hollow-body knee tuck is a bodyweight abdominal exercise performed on the floor. It is similar to both the hollow-body hold and the knee tuck or reverse crunch, combining elements of both. It primarily targets the muscles of the rectus abdominis, or “six-pack” muscles. It can be performed for reps or time, either as part of an ab-focused workout or as a component of a circuit workout.",Intermediate,Abdominals,Strength,Body Only
Bad,Active hang from bar,"The active hang from bar is a static exercise that involves isometrically squeezing the shoulders into the sockets and activating the muscles of the upper back and core. It can be used to improve pull-up form or to do more pull-ups, but also has postural and shoulder health benefits.",Intermediate,Abdominals,Strength,Body Only
Best,Cat-cow,Cat-cow is a traditional yoga pose that is also popular in fitness and strength training. It targets spinal mobility and control of the vertebral column. It can be performed for time or reps as part of a dynamic warm-up or as a mobility or restorative exercise anytime. It can also work as part of a yoga or bodyweight sequence with other poses.,Intermediate,Abdominals,Strength,Body Only
Bad,Crab walk,"The crab walk is a full-body exercise that has been popular in schools and gym classes for decades. It's a full-body coordination challenge that also burns serious calories, making it an excellent inclusion in a full-body warm-up or bodyweight circuit workout.",Intermediate,Abdominals,Strength,Body Only
Best,Lunge with overhead reach,The lunge with overhead reach is a full-body bodyweight movement targeting the quads and shoulders. It has both strength and mobility benefits and can be performed one leg at a time or alternating for time or for reps.,Intermediate,Abdominals,Strength,Body Only
Good,Hang from bar,"The hang from bar is a static exercise that involves hanging from a bar by two hands. It can either be an ""active hang,"" where you pack the shoulders and activate the muscles of the upper back, or a ""passive hang,"" where you let the shoulders unpack and let the muscles of the upper body stretch. A passive hang may not be appropriate for all people depending on their shoulder health, but many coaches believe hanging can be healthy for the shoulders when done properly.",Intermediate,Abdominals,Strength,Body Only
Bad,Total Fitness Hollow Hold,"The hollow-body hold is an isometric exercise that increases strength and stability in the core muscles. It is common in gymnastics training, CrossFit training, and as a core tension and bracing drill for lifters and athletes of all types. It is performed for time and can be performed as an activation drill prior to lifting, as part of a circuit, or as equipment-free core training anytime.",Intermediate,Abdominals,Strength,Body Only
Good,Total Fitness Side Plank,"The side plank is a popular isometric abdominal exercise focusing on the oblique muscles, as well as the transversus abdominis or deep core muscles. It is sometimes paired with the curl up and bird dog as the “McGill big three” for core strength and stability. It is performed for time and can work in a warm-up or in the core-focused portion of any workout.",Intermediate,Abdominals,Strength,Body Only
Good,Side plank pulse,"The side plank pulse is a dynamic version of the side plank exercise focusing on the oblique muscles, as well as the transversus abdominis or deep core muscles. It can be performed for time or reps and can work in a warm-up or in the core-focused portion of any workout.",Intermediate,Abdominals,Strength,Body Only
Good,Total Fitness Spider Crawl (Unweighted),"The spider crawl is a bodyweight exercise that involves crawling on the floor with the knees outside of the elbows. It is different from a leopard crawl in that the hips are higher, and it's different from a bear crawl because the knees are wider. It can be done as a full-body warm-up, in short bursts for power or circuit training, or for longer durations as cardiovascular conditioning.",Intermediate,Abdominals,Strength,Body Only
Bad,Total Fitness V-Up,"The V-up is a bodyweight movement that targets the muscles of the abs, the rectus abdominis or ""six-pack"" muscles in particular. It is similar to a suitcase crunch, but the lower back lifts off the ground at the top of each rep. It can be performed for time or reps in the ab-focused portion of any workout.",Intermediate,Abdominals,Strength,Body Only
Best,MetaBurn Alternating Knee-to-Elbow Mountain Climber,None,Intermediate,Abdominals,Strength,Body Only
Best,Alternating sit-through with crunch-,"The alternating sit-through with crunch is a full-body movement that starts in a bear crawl position and ends with a leg kicked out to the side. In between reps, you perform a crunch. It is commonly performed for reps or time in bodyweight circuits and animal-style flows, but can also work on its own or as part of a dynamic warm-up or mobility sequence.",Intermediate,Abdominals,Strength,Body Only
Best,MetaBurn Alternating Toe-Touch,None,Intermediate,Abdominals,Strength,Body Only
Best,MetaBurn Janda Sit-Up,None,Intermediate,Abdominals,Strength,Body Only
Bad,MetaBurn Oblique Roll Crunch,None,Intermediate,Abdominals,Strength,Body Only
Bad,MetaBurn Plank Jack,None,Intermediate,Abdominals,Strength,Body Only
Best,MetaBurn Plank To Alternating Side Plank,None,Intermediate,Abdominals,Strength,Body Only
Good,MetaBurn Plank Up-Down,None,Intermediate,Abdominals,Strength,Body Only
Good,MetaBurn Plank Wiper,None,Intermediate,Abdominals,Strength,Body Only
Bad,MetaBurn Plank With Alternating Toe-Touch,None,Intermediate,Abdominals,Strength,Body Only
Bad,MetaBurn Plyo Push-Up,None,Intermediate,Abdominals,Strength,Body Only
Bad,MetaBurn Psycho Crunch,None,Intermediate,Abdominals,Strength,Body Only
Bad,MetaBurn Scapular Retraction Plank,None,Intermediate,Abdominals,Strength,Body Only
Best,MetaBurn Scapular Retraction Plank Hold,None,Intermediate,Abdominals,Strength,Body Only
Best,MetaBurn Scorpion,None,Intermediate,Abdominals,Strength,Body Only
Good,MetaBurn Side Crawler,None,Intermediate,Abdominals,Strength,Body Only
Best,MetaBurn Side Plank Oblique Crunch,None,Intermediate,Abdominals,Strength,Body Only
Good,MetaBurn Sit-Through,None,Intermediate,Abdominals,Strength,Body Only
Bad,MetaBurn Sit-Up To V-Up,None,Intermediate,Abdominals,Strength,Body Only
Bad,MetaBurn Sit-Up With Rotation,None,Intermediate,Abdominals,Strength,Body Only
Best,MetaBurn Split-Leg Crunch,None,Intermediate,Abdominals,Strength,Body Only
Good,MetaBurn Tabletop Hip Thrust,None,Intermediate,Abdominals,Strength,Body Only
Bad,MetaBurn Tabletop With Russian Kick,None,Intermediate,Abdominals,Strength,Body Only
Bad,MetaBurn Toe Driver Abs,None,Intermediate,Abdominals,Strength,Body Only
Bad,MetaBurn-V-Up,None,Intermediate,Abdominals,Strength,Body Only
Good,X-body V-up,"The X-body V-up is a bodyweight abdominal exercise performed on the floor. It is similar to the popular V-up exercise, but is performed with the arms and legs out wide in an X-shape. It primarily targets the muscles of the rectus abdominis, or “six-pack” muscles. It can be performed for reps or time, either as part of an ab-focused workout or as a component of a circuit workout.",Intermediate,Abdominals,Strength,Body Only
Bad,MetaBurn Swivel Crunch,None,Intermediate,Abdominals,Strength,Body Only
Best,Robertson Core-Engaged Dead Bug,None,Intermediate,Abdominals,Strength,Body Only
Good,FYR2 Double-Under,None,Intermediate,Abdominals,Strength,Body Only
Good,FYR2 Fire Feet with Burpee Tuck Jump Drill,None,Intermediate,Abdominals,Strength,Body Only
Good,FYR2 Flutter Kick,None,Intermediate,Abdominals,Strength,Body Only
Bad,FYR2 Half-Moon,None,Intermediate,Abdominals,Strength,Body Only
Good,FYR2 Leopard Crawl,None,Intermediate,Abdominals,Strength,Body Only
Good,FYR2 Plank Alternating Front Step,None,Intermediate,Abdominals,Strength,Body Only
Good,FYR2 Shoulder Tap,None,Intermediate,Abdominals,Strength,Body Only
Good,Hand shift plank,The hand shift plank is a progression of the straight-arm plank exercise where you maintain a plank position as you shift your hands side to side. The additional movement forces the core muscles to work harder to stabilize.,Intermediate,Abdominals,Strength,Body Only
Bad,Cross-body plank march,"The cross-body plank march is an exercise targeting the entire core but especially the obliques. It’s more difficult than a standard plank, with the extra stabilization challenge of bringing one knee at a time off the ground toward the opposing elbow. This will increase the challenge to the core and shoulder muscles, but also present a coordination and balance challenge.",Intermediate,Abdominals,Strength,Body Only
Bad,Bent-knee Copenhagen hip adduction,"The bent-knee Copenhagen hip adduction is an advanced exercise that combines the isometric stabilization of the Copenhagen plank with dynamic adductions to challenge the core stabilizers and adductors. This exercise targets the same muscles as the side plank, including the obliques, shoulders, and lateral hips, but places extra emphasis on the adductors and is more difficult than side planks on the floor. Most lifters will need to progress to this version after mastering the basic side plank or Copenhagen plank first.",Intermediate,Abdominals,Strength,Body Only
Bad,Copenhagen plank,"The Copenhagen plank is an advanced version of the side plank performed with one foot on a bench and the other foot hovering under it. This exercise targets the same muscles as the side plank, including the obliques, shoulders, and lateral hips, but places extra emphasis on the adductors and is more difficult than side planks on the floor. Most lifters will need to progress to this version after mastering the basic side plank or feet-elevated side plank first.",Intermediate,Abdominals,Strength,Body Only
Bad,ACFT Hanging leg tuck,"The hanging leg tuck is an exercise targeting the entire body, including the arms, upper back, abs, and hip flexors. This specific exercise is part of the new Army Combat Fitness Test or ACFT. It is performe while hanging from a bar and combines elements of a pull-up with a leg raise. Experienced lifters make these look easy, but beginners may need time to build up to sets of 8-12 reps.",Intermediate,Abdominals,Strength,Body Only
Best,Alternating hanging knee raise,"The alternating hanging knee raise is an exercise targeting the abs, but which also works the lats and hip flexors. Rather than performing both legs at a time, you lift one knee at a time and alternate with each rep as if marching in place. Knee raises are often performed for moderate to high reps, such as 8-12 reps or more, as part of ab-focused training.",Intermediate,Abdominals,Strength,Body Only
Bad,Plank To Sphinx,None,Intermediate,Abdominals,Strength,Body Only
Good,Twisting Mountain Climbers,None,Intermediate,Abdominals,Strength,Body Only
Bad,Jack Knives,None,Intermediate,Abdominals,Strength,Body Only
Best,Hanging Leg Raises,None,Intermediate,Abdominals,Strength,Body Only
Best,Dumbbell suitcase crunch,"The dumbbell suitcase crunch is a weighted version of a popular abdominal training exercise. The simple addition of a weight makes the suitcase crunch far more difficult, helping build the ""six pack"" muscles and providing a different stimulus to the core during training.",Intermediate,Abdominals,Strength,Medicine Ball
Bad,Medicine ball rotational throw,"The medicine ball rotational throw is an explosive exercise targeting the abdominals, including the obliques, as well as the hips and upper back. It involves standing sideways to the wall and twisting the torso to hurl a medicine ball into the wall, then catching the ball on the ricochet. It can be performed for lower reps with a focus on power, or for higher reps with a focus on fat loss and conditioning.",Intermediate,Abdominals,Strength,Medicine Ball
Bad,Hollow-hold ball toss,"The hollow-hold ball toss is a more difficult version of the hollow-body hold exercise. It involves tossing a ball to a partner while maintaining an isometric hold in the hollow-body position. It can be done for reps or time in any ab-focused workout, or in an ""I go, you go"" format.",Intermediate,Abdominals,Strength,Medicine Ball
Bad,Partner front Russian twist and pass,"The partner front Russian twist and pass is a weighted version of a popular abdominal training exercise that also utilizes a training partner to add another dynamic component. It targets the oblique muscles, as well as the deep muscles of the core and the rectus abdominis or ""six pack"" muscles. It can be done for reps or time in an ab-focused portion of any workout.",Beginner,Abdominals,Strength,Medicine Ball
Bad,Sit-up with single-arm overhand throw,"The sit-up with single-arm overhand throw is an exercise targeting the core muscles, but the inclusion of the throw also brings in other upper-body muscles. When you come to the top of the sit-up position, you throw a medicine ball using one arm to a partner who then throws it right back to you to be caught with both hands. It can be performed for time or reps as part of the ab-focused portion of any workout.",Intermediate,Abdominals,Plyometrics,Medicine Ball
Bad,Medicine ball partner twist,"The medicine ball partner twist is a plyometrics exercise targeting the core muscles, particularly the obliques. You and a partner stand back to back and rotate in unison to pass a medicine ball back and forth on alternating sides.",Intermediate,Abdominals,Plyometrics,Medicine Ball
Bad,Partner side Russian twist and pass,"The partner side Russian twist and pass is a weighted version of a popular abdominal training exercise that also utilizes a training partner to add another dynamic component. It primarily targets the oblique muscles, as well as the deep muscles of the core and the rectus abdominis or ""six pack"" muscles. It can be done for reps or time in an ab-focused portion of any workout.",Beginner,Abdominals,Strength,Medicine Ball
Bad,Medicine ball half moon,"The medicine ball half moon is a dynamic core exercise performed around and over a medicine ball or other short, stationary object. It is similar in some ways to a V-up or reverse crunch, and targets both the obliques and the rectus abdominis or ""six-pack"" muscles. It can be performed for reps or for time, usually in dedicated ab training or as part of a medicine ball and bodyweight circuit workout.",Intermediate,Abdominals,Strength,Medicine Ball
Bad,Exercise ball roll-out,"The exercise ball roll-out is an exercise that strengthens the core, shoulders and upper- back muscles. It starts in a plank-style position, with the arms resting on a ball. Then, roll the ball out in front of you as far as you can while maintaining a strong, neutral spinal position. The lack of stability from the ball increases the degree of difficulty. This is a difficult movement, and beginners may need to use a limited range of motion.",Intermediate,Abdominals,Strength,Medicine Ball
Bad,Medicine ball pass,"The medicine ball pass is a simple partner-based exercise that involves throwing a weighted ball back and forth. It can be part of a dynamic warm-up for lifting or athletics, but can also work as active rest or as a component of circuit training.",Intermediate,Abdominals,Strength,Medicine Ball
Best,Partner medicine ball sit-up,"The partner medicine ball sit-up is a more difficult version of the traditional abdominal exercise. Two partners pass a medicine ball back and forth at the top of each rep, so each one must alternate a weighted rep with an unweighted rep. This technique can be done for reps or time in any ab-focused workout, in an ""I go, you go"" format.",Intermediate,Abdominals,Strength,Medicine Ball
Best,Medicine ball Russian twist,"The medicine ball Russian twist is a weighted version of a popular abdominal training exercise. It targets the oblique muscles, as well as the deep muscles of the core and the rectus abdominis or ""six pack"" muscles. It can be done for reps or time in the ab-focused portion of any workout.",Intermediate,Abdominals,Strength,Medicine Ball
Best,30 Medicine Ball Slam,"The medicine ball slam is an explosive exercise for developing power, strength, and speed. Muscles worked include the abdominals, legs, triceps, shoulders, and lats. The slams are usually done in rapid succession to complete one set. It can also be a component of a power or athleticism-focused circuit workout.",Intermediate,Abdominals,Strength,Medicine Ball
Best,Medicine ball twist,"The medicine ball twist is an exercise targeting the abdominal muscles, particularly the obliques. It is similar in many ways to a Russian twist exercise. The ball is held tight to the chest throughout the movement, and then the torso is rotated from side to side for the desired number of reps or a set amount of time.",Intermediate,Abdominals,Strength,Medicine Ball
Best,FYR2 Medicine Ball Complex,None,Intermediate,Abdominals,Strength,Medicine Ball
Good,FYR2 Medicine Ball Fire-Feet Drill,None,Intermediate,Abdominals,Strength,Medicine Ball
Best,FYR2 Medicine Ball Knees-to-Chest,None,Intermediate,Abdominals,Strength,Medicine Ball
Best,FYR2 Medicine Ball Mountain Climber,None,Intermediate,Abdominals,Strength,Medicine Ball
Best,Decline oblique crunch,"The decline oblique crunch is a popular bodyweight exercise targeting the obliques and the rectus abdominis or ""six-pack"" muscles. It is usually performed for high reps, such as 10-15 reps per set or more, as part of the ab-focused portion of a workout.",Intermediate,Abdominals,Strength,None
Best,Decline sit-up,"The decline sit-up is a bodyweight core exercise that works the rectus abdominis or ""six pack"" muscles. Sit-up variations are usually performed for moderate to high reps, such as 10-15 reps per set or more, as part of the core-focused portion of a workout.",Intermediate,Abdominals,Strength,None
Bad,Hanging Windshield Wiper,"The hanging windshield wiper is an advanced abdominal training exercise that is also extremely challenging to other muscles of the upper body, including the lats (latissimus dorsi), biceps, and grip. It requires—and builds—great strength in the rectus abdominis or ""six-pack"" muscles, as well as the obliques and deep core muscles. If you can't perform it hanging from a bar, the lying windshield wiper on the floor provides some of the same benefits.",Intermediate,Abdominals,Strength,None
Best,Exercise Ball Pull-In,The exercise ball knee roll-in is an abdominal exercise that involves supporting yourself with your hands in a plank or push-up position and drawing the knees in toward the chest. This is a fairly advanced abdominal move requiring core strength.,Intermediate,Abdominals,Strength,Exercise Ball
Good,Exercise ball crunch,"The exercise ball crunch is a popular gym exercise targeting the abdominals. Unlike crunches on the floor or a bench, by using a ball you can increase the range of motion and both stretch and contract the abs on every rep. The ball crunch can be performed for low reps with a slower tempo focusing on a hard contraction, or for higher reps.",Intermediate,Abdominals,Strength,Exercise Ball
Good,Feet-elevated crunch,"The feet-elevated crunch is a variation on the basic crunch, a very popular ab move. Resting the feet on a bench takes some of the hip flexor activation out of the movement, focusing the stress more on the abs. It may have a small range of motion, but this movement produces a major burn.",Intermediate,Abdominals,Strength,Exercise Ball
Good,Weighted Ball Side Bend,None,Beginner,Abdominals,Strength,Exercise Ball
Best,Swiss Ball Ab Roll-Out,"The exercise ball roll-out is an exercise that strengthens the core, shoulders and upper- back muscles. It starts in a plank-style position, with the arms resting on a ball. Then, you roll the ball out in front of you as far as you can while maintaining a strong, neutral spinal position. The lack of stability from the ball increases the degree of difficulty. This is a difficult movement, and beginners may need to use a limited range of motion.",Intermediate,Abdominals,Strength,Exercise Ball
Bad,Exercise Ball Cable Crunch - Gethin Variation,"The exercise ball crunch is a popular gym exercise targeting the abdominals. Unlike crunches on the floor or a bench, by using a ball, you can increase the range of motion and both stretch and contract the abs on every rep. The ball crunch can be performed for low reps with a slower tempo, focusing on a hard contraction, or for higher reps.",Intermediate,Abdominals,Strength,Cable
Best,Exercise ball squat and twist,"The exercise ball squat and twist is a combination exercise targeting the quads, but also the obliques because of the twisting motion with each repetition. The exercise ball is held close to the chest throughout. Because it is a lightweight movement, it is usually performed for high reps or for time, and can be a great part of a bodyweight and exercise ball circuit.",Intermediate,Abdominals,Strength,Exercise Ball
Good,Swiss Ball V-Up With Foot Pass,"The exercise ball V-up is a popular movement to target the abdominal muscles, particularly the rectus abdominis or ""six-pack"" muscles. It involves passing an exercise ball or yoga ball back and forth between the hands and feet while performing V-ups. It can be performed for reps or time as part of any ab-focused workout or bodyweight circuit.",Intermediate,Abdominals,Strength,Exercise Ball
Good,Exercise ball pike,"The exercise ball pike is a challenging move that targets the core. It involves thrusting the hips into full flexion over a ball, then extending out to a foot-elevated plank with the feet on the ball. It's a challenging move from a strength perspective, but also for balance. It can be the centerpiece of an ab workout or go along with other body weight or ball movements in an ab circuit.",Intermediate,Abdominals,Strength,Exercise Ball
Best,Exercise ball bird dog,"The exercise ball bird dog is a dynamic movement focusing on the glutes and the postural muscles of the upper back. When performing it, use an exercise ball that is tall enough to support your chest and core, but short enough to allow your hands and knees to reach the ground. It is slightly easier than a bodyweight bird dog and can work as a regression for that movement. It can be done for time or reps as part of a warm-up, paired with movements in a workout, or as a mobility or recovery exercise.",Intermediate,Abdominals,Strength,Exercise Ball
Good,Exercise ball superman,"The exercise ball superman is a slightly more advanced variation of the bodyweight superman exercise. It targets many muscles along the posterior or backside of the body, including the rear deltoids, trapezius, spinal erectors, glutes, and hamstrings. It can be done for time or reps as part of a warm-up, paired with movements in a workout, or as a mobility or recovery exercise.",Intermediate,Abdominals,Strength,Exercise Ball
Bad,BOSU cross-body crunch,"The BOSU cross-body crunch is a dynamic abdominal exercise performed on a BOSU ball or other stability training device. It targets several of the muscles in the core, including the obliques and the rectus abdominis or ""six-pack"" muscles. It is usually performed in alternating reps, either for time or a number of reps, as part of an ab-focused workout or a circuit involving body weight or the BOSU ball.",Intermediate,Abdominals,Strength,Exercise Ball
Best,Exercise Ball Knee Tuck - Gethin Varation,The exercise ball knee roll-in is an abdominal exercise that involves supporting yourself with your hands in a plank or push-up position and drawing the knees in toward the chest. This is a fairly advanced abdominal move requiring core strength.,Intermediate,Abdominals,Strength,Exercise Ball
Good,Alternating Exercise Ball Knee Tucks - Gethin Variation,The exercise ball knee roll-in is an abdominal exercise that involves supporting yourself with your hands in a plank or push-up position and drawing the knees in toward the chest. This is a fairly advanced abdominal move requiring core strength.,Intermediate,Abdominals,Strength,Exercise Ball
Good,AM Ball Crunch,"The exercise ball crunch is a popular gym exercise targeting the abdominals. Unlike crunches on the floor or a bench, by using a ball, you can increase the range of motion and both stretch and contract the abs on every rep. The ball crunch can be performed for low reps with a slower tempo, focusing on a hard contraction, or for higher reps.",Intermediate,Abdominals,Strength,Exercise Ball
Best,30 Bosu Cable Reverse Crunch,None,Intermediate,Abdominals,Strength,Exercise Ball
Best,BOSU knee tuck,"The BOSU knee tuck is a dynamic abdominal movement performed on a BOSU ball or other stability training device. It primarily targets the rectus abdominis or ""six-pack"" muscles of the core. It can be performed for time or reps as part of an ab-focused workout or a circuit involving body weight or the BOSU ball.",Intermediate,Abdominals,Strength,Exercise Ball
Best,30 Side Plank On Ball,"The feet-elevated side plank on ball is a more advanced version of a traditional bodyweight side plank. The feet are balanced on an exercise ball, providing a balance challenge but also increasing the load placed upon the obliques and shoulder muscles. It is usually performed for timed holds, either one side at a time or alternating sides. If a ball is unavailable, some of the benefits of the movement can be obtained by performing side planks with the feet elevated on a couch, chair, bench, or other stable object.",Intermediate,Abdominals,Strength,Exercise Ball
Good,Hanging exercise ball leg raise,"The hanging exercise ball leg raise is an exercise targeting the abs and hip flexors. Instead of resting the forearms on the pads of an apparatus, it's performed hanging from a bar with an exercise ball held between the legs.",Intermediate,Abdominals,Strength,Exercise Ball
Good,Taylor Exercise Ball Stir-The-Pot,None,Intermediate,Abdominals,Strength,Exercise Ball
Best,FYR2 Air Ball,None,Intermediate,Abdominals,Strength,Exercise Ball
Good,Feet-elevated plank on ball,"The feet-elevated plank is a variation on the straight-arm plank, a bodyweight standard. The feet are elevated on a ball to align the body parallel to the floor and provide a greater stabilization challenge. This makes it more difficult than straight-arm planks on the floor, but also puts more emphasis on the shoulder muscles. It is often used as a shoulder and core warm-up, or as a burnout movement for a chest or shoulder workout.",Intermediate,Abdominals,Strength,Exercise Ball
Best,Band Hip Adductions,None,Beginner,Adductors,Strength,Bands
Bad,Lateral Band Walk,None,Intermediate,Abductors,Strength,Bands
Bad,FYR2 Standing Banded Leg Abduction,None,Intermediate,Abductors,Strength,Bands
Good,Iliotibial band SMR,"Iliotibial band self-myofascial release (SMR) is a self-administered soft-tissue treatment for the lower body, usually using a foam roller or other ""trigger point"" massage tool. By applying pressure strategically to the IT band along the side of the upper leg, some people find they can cause this often painful and tight area to relax or ""release."" IT band SMR is often accompanied by SMR on the glute or quad muscles, or by stretches that target the glutes or quads.",Intermediate,Abductors,Stretching,Foam Roll
Bad,Adductor SMR,"Adductor self-myofascial release (SMR) is a self-administered soft-tissue treatment for the lower body, usually using a foam roller, lacrosse ball, or other ""trigger point"" massage tool. By applying pressure strategically to the adductor muscles in the inner thigh region, some people find they can cause this often painful and tight muscle to relax or ""release."" Adductor SMR is often accompanied by SMR on the iliotibial (IT) band or glutes (TFL muscles), or by stretches that target the adductors.",Beginner,Adductors,Stretching,Foam Roll
Bad,Lying Bent Leg Groin,None,Beginner,Adductors,Stretching,Other
Bad,Lateral box jump,"The lateral box jump is a plyometric exercise targeting lateral agility and lower-body strength. It's a great move for athletes in many sports, including basketball, skiing, and tennis.",Intermediate,Adductors,Plyometrics,Other
Best,Thigh adductor,"The thigh adductor machine is a lower-body exercise that targets the muscles of the inner thighs. It is usually performed for moderate to high reps, such as 8-12 reps per set or more, as part of lower-body training.",Intermediate,Adductors,Strength,Machine
Good,Thigh abductor,"The thigh abductor is a lower-body exercise that targets the muscles of the outer hips and glutes. It is usually performed for moderate to high reps, such as 8-12 reps per set or more, as part of lower-body training.",Intermediate,Abductors,Strength,Machine
Best,Standing Hip Circles,None,Beginner,Abductors,Stretching,Body Only
Best,Groiners,None,Beginner,Adductors,Stretching,Body Only
Good,Fire Hydrant,None,Beginner,Abductors,Strength,Body Only
Good,Windmills,None,Intermediate,Abductors,Stretching,Body Only
Good,Side Leg Raises,None,Beginner,Adductors,Stretching,Body Only
Good,Lateral hop,"The lateral hop is an explosive bodyweight exercise that consists of a two-legged hop to the side. It targets the lower body, including the quads, glutes, and hamstrings. Performed for reps, it also provides a serious cardiovascular challenge. It can be performed for time or reps and is especially effective in a fat-loss or athleticism-focused circuit or workout.",Intermediate,Adductors,Plyometrics,Body Only
Good,Monster Walk,None,Intermediate,Abductors,Strength,Body Only
Bad,Side Lying Groin Stretch,None,Intermediate,Adductors,Stretching,Body Only
Bad,IT Band and Glute Stretch,None,Intermediate,Abductors,Stretching,Body Only
Bad,Single-leg lying cross-over stretch,"The single-leg lying cross-over stretch is a simple bodyweight stretch targeting the lower back, hips, and glutes. It involves rotating a single leg over the body while lying flat on the back. It is commonly included in dynamic warm-ups, but can also be performed as full-body mobility work anytime.",Beginner,Abductors,Stretching,Body Only
Bad,Carioca quick step,"The carioca quick step is a lateral bodyweight exercise targeting the adductors but also promoting agility and overall conditioning. It’s a favorite of football players, particularly defensive backs, because it mimics the way they have to track wide receivers downfield. It can also help mobilize the hips for athletes and lifters of all ability levels.",Intermediate,Adductors,Plyometrics,Body Only
Bad,Standing hip circle,"The standing hip circle is a bodyweight exercise targeting the hips and abductor muscles. It is a classic way to ""limber up"" after sitting for a long period or before a lower-body workout or sports. It requires no equipment and can be helpful for everyone from beginners to advanced fitness enthusiasts.",Intermediate,Abductors,Stretching,Body Only
Bad,Lateral cone hop,"The lateral cone hop is an agility drill that involves jumping over cones or other short hurdles side to side rather than front to back. It can be performed for reps or for time and can be beneficial for track athletes, basketball players, or any other athletes who need explosive lateral power.",Intermediate,Adductors,Plyometrics,Body Only
Good,Side-To-Side Adductor Stretch,None,Intermediate,Adductors,Strength,Body Only
Best,Dynamic pigeon stretch,"The dynamic pigeon stretch is a lower-body stretch targeting the glutes, hips, and piriformis. It is influenced by the pigeon pose from yoga, but involves moving in and out of the pose. It can be part of a dynamic warm-up or mobility work performed anytime.",Intermediate,Abductors,Strength,Body Only
Bad,Cross-over jack,"The cross-over jack is a variation on the jumping jack, a popular calisthenics exercise used to improve overall conditioning. The difference between the jumping jack and the cross-over jack is that with the latter, the feet don't just come together each rep, they cross over each other. It's a great way to add variety to your warm-up or conditioning work.",Intermediate,Abductors,Strength,Body Only
Best,Traveling thigh killa,"The traveling thigh killa is a challenging lower-body bodyweight exercise that builds muscular endurance with a series of hops forward and backward, as well as bodyweight squats. It can be performed for time or reps, usually in a circuit workout or as a lower-body finisher.",Intermediate,Abductors,Strength,Body Only
Best,FYR Thigh Killa,"The thigh killa is a challenging lower-body bodyweight exercise that builds muscular endurance with a series of hops and bodyweight squats. It can be performed for time or reps, usually in a circuit workout or as a lower-body finisher.",Intermediate,Abductors,Strength,Body Only
Best,HM Straddle Stretch,None,Intermediate,Abductors,Stretching,Body Only
Best,HM Right Leg Swing,None,Intermediate,Abductors,Stretching,Body Only
Good,HM Right Side-Kick,None,Intermediate,Abductors,Stretching,Body Only
Best,HM Frog Stretch,None,Intermediate,Abductors,Strength,Body Only
Best,HM Kick-Out,None,Intermediate,Abductors,Strength,Body Only
Bad,HM Left Leg Swing,None,Intermediate,Adductors,Strength,Body Only
Bad,UNS Foam Roll Adductor,None,Intermediate,Adductors,Strength,Body Only
Good,MetaBurn Groiner,None,Intermediate,Abductors,Strength,Body Only
Best,Side-lying leg adduction scissor,"The side-lying leg adduction scissor is a dynamic core exercise that combines the isometric hold of a side-lying leg lift with leg adductions to further challenge the core and adductors. It targets multiple muscles of the core, primarily the rectus abdominis or ""six-pack"" muscles. It can be performed for time or reps in the ab-focused portion of any workout.",Intermediate,Adductors,Strength,Body Only
Good,Groin and Back Stretch,None,Beginner,Adductors,Stretching,None
Bad,Adductor/Groin,None,Beginner,Adductors,Stretching,None
Best,Incline dumbbell biceps curl,"The incline dumbbell biceps curl is an exercise targeting the biceps and performed face up on an incline bench. This creates a vertical arm angle, which helps to isolate the biceps and limit involvement of the shoulder muscles. This curl variation is usually performed for moderate to high reps, such as 8-12 reps per set or more, as part of upper-body or arm-focused training.",Intermediate,Biceps,Strength,Bands
Bad,Banded biceps curl in squat position,"The banded biceps curl in squat position is an exercise targeting the biceps, although it also works the core and lower body.",Intermediate,Biceps,Strength,Bands
Best,Banded Hammer Press - Gethin Variation,The machine chest press is an upper body exercise targeting the pectoral muscles.,Intermediate,Biceps,Strength,Bands
Good,Band standing concentration curl,"The band standing concentration curl is a variation of a popular biceps-focused exercise utilizing a band instead of a dumbbell. It allows you to focus on one biceps at a time and really squeeze out intense peak contractions. Band concentration curls are usually performed for moderate to high reps, such as 8-12 reps per set or more, as part of an upper-body or arm-focused workout.",Intermediate,Biceps,Strength,Bands
Bad,Brachialis SMR,"Brachialis self-myofascial release (SMR) is a self-administered soft-tissue treatment for the upper body, usually using a foam roller, lacrosse ball, or other ""trigger point"" massage tool. By applying pressure strategically to the biceps or brachialis muscles of the upper arm, some people find they can cause this often painful and tight muscle to relax or ""release."" Brachialis SMR is often accompanied by SMR on the triceps muscles or pectorals, or by stretches that target the biceps or pecs.",Beginner,Biceps,Stretching,Foam Roll
Best,Wide-grip barbell curl,"The wide-grip barbell curl is a variation of the classic barbell curl with the grip wider than shoulder width. It is thought that this helps build the inner or ""short"" head of the biceps muscles. This movement is usually performed for moderate to high reps, such as 8-12 reps per set.",Beginner,Biceps,Strength,Barbell
Best,EZ-bar spider curl,"The EZ-bar spider curl is an exercise targeting the biceps and performed face down on either an incline bench or on the flat side of a preacher bench. The EZ-bar makes for a more comfortable wrist position, while the angle helps to isolate the biceps and limit involvement of the shoulder muscles. This curl variation is usually performed for moderate to high reps, such as 8-12 reps per set or more, as part of upper-body or arm-focused training.",Intermediate,Biceps,Strength,Barbell
Best,Barbell Curl,"The barbell curl is an arm exercise that is also one of the most recognizable movements in all of bodybuilding and fitness. It helps build sleeve-popping biceps and allows heavier loading than many other curl variations. It is usually performed in moderate to high reps, such as 8-12 reps per set, as part of the arm-focused portion of any workout.",Intermediate,Biceps,Strength,Barbell
Best,Close-grip EZ-bar curl,"The close-grip EZ-bar curl is an exercise targeting the biceps, particularly the long head. The main difference between this exercise and standard EZ-bar curls is that the hands are positioned closer together on the bar. It is thought that this helps build the outer biceps head and the peak. This curl variation is usually performed for moderate to high reps, such as 8-12 reps per set.",Beginner,Biceps,Strength,Barbell
Best,Preacher Curl,"The EZ-bar preacher curl is a classic exercise for building bigger biceps. This move is all about isolation. With the back of the upper arms against the pad, it’s next to impossible to cheat. Go light, get a great pump, and build that peak!",Intermediate,Biceps,Strength,Barbell
Best,Barbell Curls Lying Against An Incline,None,Beginner,Biceps,Strength,Barbell
Best,Seated Close-Grip Concentration Barbell Curl,None,Beginner,Biceps,Strength,Barbell
Best,Close-grip barbell curl,"The close-grip barbell curl is a curl variation where the hands are closer than shoulder width. It is thought that this helps build the outer biceps head and the peak. This curl variation is usually performed for moderate to high reps, such as 8-12 reps per set.",Beginner,Biceps,Strength,Barbell
Best,Drag curl,"The drag curl is a biceps exercise that attempts to remove the influence of the front deltoids on the classic curl. With the elbows kept back, the barbell ""drags"" up the torso. It is usually performed for moderate to high reps, such as 8-15 reps per set, as part of an upper-body or arms-focused workout.",Beginner,Biceps,Strength,Barbell
Good,Reverse-grip barbell curl,"The reverse-grip barbell curl is a variation on the biceps curl where the palms face downward. The switch from an underhand to an overhand grip brings the forearm and brachialis muscles more into the exercise. If it is uncomfortable to the wrists, try performing it on the angles of an EZ-curl bar.",Intermediate,Biceps,Strength,Barbell
Good,Lying High Bench Barbell Curl,None,Beginner,Biceps,Strength,Barbell
Bad,Seated wide-grip curl to close-grip curl,"The seated wide-grip curl to close-grip curl is a variation on the classic seated dumbbell curl. It is thought that wide-grip curls target the inner head of the biceps more, while close-grip curls target the outer head or peak. This variation allows you to get the benefits of both.",Beginner,Biceps,Strength,Barbell
Bad,Seated Straigh-Bar Curl Superset,"The seated wide-grip curl to close-grip curl is a variation on the classic seated dumbbell curl. The variation is that the range of motion changes in alternating fashion—one more traditional, one where you’re bringing the weight in more from the side.",Beginner,Biceps,Strength,Barbell
Good,Dave Draper Forehead Curl,None,Intermediate,Biceps,Strength,Barbell
Bad,Reverse-grip EZ-bar curl,"The reverse-grip EZ-bar curl is an exercise targeting the biceps and forearms. Because grip strength is a limitation with this move, it is often performed for moderate to high reps as part of an upper-body or arm-focused workout.",Intermediate,Biceps,Strength,Barbell
Good,EZ-Bar Spider Curl - Gethin Variation,The EZ-bar spider curl is an isolation exercise targeting the biceps and performed face-down on an incline bench. The EZ-bar makes for a more comfortable wrist position.,Intermediate,Biceps,Strength,Barbell
Bad,Barbell curl-,"The barbell curl is an arm exercise that is also one of the most recognizable movements in all of bodybuilding and fitness. It helps build sleeve-popping biceps and allows heavier loading than many other curl variations. It is usually performed in moderate to high reps, such as 8-12 reps per set, as part of the arm-focused portion of any workout.",Intermediate,Biceps,Strength,Barbell
Bad,Paul Carter Barbell Curl,"The barbell curl is an arm exercise that is also one of the most recognizable movements in all of bodybuilding and fitness. It helps build sleeve-popping biceps and allows heavier loading than many other curl variations. It is usually performed in moderate to high reps, such as 8-12 reps per set, as part of the arm-focused portion of any workout.",Intermediate,Biceps,Strength,Barbell
Best,Standing band biceps curl,The standing band biceps curl is an arm-focused exercise using a band for resistance. This variation is usually performed for moderate to high reps as part of an arms-focused or upper-body workout.,Intermediate,Biceps,Strength,Barbell
Bad,Close-Grip EZ-Bar Curl - Gethin Variation,"The close-grip EZ-bar curl is an exercise targeting the biceps, particularly the long head. The main difference between this exercise and standard barbell curls is that the hands are positioned closer together on the bar. It is thought that this helps build the outer biceps head and the peak. This curl variation is usually performed for moderate to high reps, like at least 8-12 reps per set.",Intermediate,Biceps,Strength,Barbell
Best,Seated Barbell Curl,None,Intermediate,Biceps,Strength,Barbell
Good,AM Standing Barbell Curl,"The standing EZ-bar curl is an immenselyp popular exercise targeting the biceps. It is commonly performed for moderate to high reps as part of an upper body or arms-focused workout. Many gyms even have EZ-bars at fixed weights, allowing for easy weight changes.",Intermediate,Biceps,Strength,Barbell
Best,EZ-bar preacher curl,"The EZ-bar preacher curl is a classic exercise for building bigger biceps. This move is all about isolation. With the back of the upper arms against the pad, it's next to impossible to use momentum which forces the muscles to work harder.",Intermediate,Biceps,Strength,Barbell
Best,30 Arms Standing Barbell Curl,None,Intermediate,Biceps,Strength,Barbell
Good,30 Arms Incline Biceps Curl,None,Intermediate,Biceps,Strength,Barbell
Good,"Bicep Curls ""21s""",None,Intermediate,Biceps,Strength,Barbell
Best,Incline Hammer Curls,None,Beginner,Biceps,Strength,Dumbbell
Best,Hammer Curls,"This curl is performed simultaneously with dumbbells but without wrist supination. Throughout each rep, the wrists remain neutral, like a carpenter hammering a nail.",Intermediate,Biceps,Strength,Dumbbell
Best,Biceps curl to shoulder press,"The biceps curl to shoulder press is a dumbbell complex that combines two exercises that build and strengthen the biceps and shoulders or deltoids. It is usually performed one rep of each movement at a time, although you could perform more reps of each, or increase the reps in successive rounds (e.g., 1 rep in round 1, 2 reps in round 2, etc.). No matter how you structure the sets and reps, it is a time-efficient way to hit two crucial upper-body muscles in any workout.",Beginner,Biceps,Strength,Dumbbell
Best,Concentration curl,"The concentration curl is a classic exercise for building the biceps one arm at a time. It can be performed bent over or kneeling, but is more often performed seated on a bench. It's great for emphasizing the biceps peak and is often used to finish a biceps workout. Like most curl variations, these are usually performed for moderate to high reps, such as 8-12 reps per set or more.",Intermediate,Biceps,Strength,Dumbbell
Best,Flexor Incline Dumbbell Curls,None,Beginner,Biceps,Strength,Dumbbell
Best,Dumbbell Bicep Curl,"The dumbbell biceps curl is a single-joint exercise for building bigger and stronger biceps. Popular among gym goers of all experience levels, this move can be done seated or standing. It is generally performed for moderate to high reps, such as 8-12 reps or higher, as part of the arm-focused portion of a workout.",Intermediate,Biceps,Strength,Dumbbell
Best,Cross-body hammer curl,"The cross-body hammer curl is a dumbbell exercise that targets the biceps, brachialis, and forearm muscles. Rather than lifting the weights directly in front of the body, you lift them across the torso. Throughout each rep, the wrists remain neutral, like a carpenter hammering a nail. This helps isolate the brachialis muscles on each arm. It is generally performed for moderate to high reps, such as 8-12 reps or more, as part of the arm-focused portion of a workout.",Beginner,Biceps,Strength,Dumbbell
Best,Dumbbell Alternate Bicep Curl,"The alternating biceps curl is a single-joint exercise for building bigger and stronger biceps one arm at a time. Popular among gym goers of all experience levels, this move can be done seated or standing. It is generally performed for moderate to high reps, such as 8-12 reps or higher, as part of the arm-focused portion of a workout.",Intermediate,Biceps,Strength,Dumbbell
Best,Single-arm dumbbell preacher curl,"The single-arm dumbbell preacher curl is an exercise that focuses on building the biceps, particularly the biceps peak. Most people will go light on this movement, performing it for moderate to high reps as part of an upper-body or arms-focused workout.",Intermediate,Biceps,Strength,Dumbbell
Best,Alternate Incline Dumbbell Curl,"The alternating incline dumbbell biceps curl is an exercise targeting the biceps and performed face up on an incline bench. This creates a vertical arm angle which helps to isolate the biceps and limit involvement of the shoulder muscles. This curl variation is usually performed for moderate to high reps, such as 8-12 rep per arm or more, as part of upper-body or arm-focused training.",Intermediate,Biceps,Strength,Dumbbell
Best,Standing concentration curl,"The standing concentration curl is a variation on the more common seated concentration curl, which is a staple of bodybuilding arm routines. It can serve as a substitute for preacher curl variations if a preacher bench is unavailable and is also a classic way to focus in on the biceps peak. It is usually performed for moderate to high reps, such as 8-10 reps per set, with a focus on strict form and controlled tempo.",Beginner,Biceps,Strength,Dumbbell
Best,Alternating incline dumbbell biceps curl,"The alternating incline dumbbell biceps curl is an exercise targeting the biceps and performed face up on an incline bench. This creates a vertical arm angle which helps to isolate the biceps and limit involvement of the shoulder muscles. This curl variation is usually performed for moderate to high reps, such as 8-12 rep per arm or more, as part of upper-body or arm-focused training.",Intermediate,Biceps,Strength,Dumbbell
Best,Alternate Hammer Curl,"The alternating hammer curl is performed with dumbbells but without wrist supination. Throughout each rep, the wrists remain neutral, like a carpenter hammering a nail.",Intermediate,Biceps,Strength,Dumbbell
Best,Seated dumbbell biceps curl,"The seated dumbbell biceps curl is a popular exercise for building bigger biceps. While curls can effectively be performed standing as well, performing them seated can enforce strict form and perhaps boost the mind-muscle connection. Like most curl variations, these are usually performed for moderate to high reps, such as 8-12 reps per set or more.",Intermediate,Biceps,Strength,Dumbbell
Best,Preacher Hammer Dumbbell Curl,None,Beginner,Biceps,Strength,Dumbbell
Good,Dumbbell preacher curl,"The dumbbell preacher curl is an exercise that focuses on building the biceps, particularly the biceps peak. All you need is a pair of dumbbells and a preacher bench. It's usually performed for moderate to high reps as part of an upper-body or arms-focused workout.",Intermediate,Biceps,Strength,Dumbbell
Good,Lying Supine Dumbbell Curl,None,Beginner,Biceps,Strength,Dumbbell
Good,Standing Dumbbell Reverse Curl,"With the reverse-grip dumbbell curl, the palms face down, not up. This unorthodox wrist position simultaneously targets the biceps while also building forearm and grip strength. The move can performed standing or seated.",Beginner,Biceps,Strength,Dumbbell
Good,Palms-out incline biceps curl,"The palms-out incline biceps curl is an exercise targeting the biceps. It is largely similar to the incline dumbbell curl, but the palms-out position targets the long head of the biceps, which is responsible for the biceps ""peak."" This curl variation is usually performed for moderate to high reps, such as 8-12 reps per set or more, as part of upper-body or arm-focused training.",Beginner,Biceps,Strength,Dumbbell
Good,Straight-arm plank with biceps curl,"The straight-arm plank with biceps curl is a hybrid movement that trains the abdominal and biceps muscles simultaneously. It can address multiple muscle groups in a time-efficient muscle-building or circuit-style workout, while also providing an additional cardiovascular challenge.",Beginner,Biceps,Strength,Dumbbell
Good,Face-down incline dumbbell biceps curl,"The face-down incline dumbbell biceps curl is an exercise targeting the biceps and performed face down on an incline bench. This creates a vertical arm angle, which helps to isolate the biceps and limit involvement of the shoulder muscles. This curl variation is usually performed for moderate to high reps, such as 8-12 reps per set or more, as part of upper-body or arm-focused training.",Beginner,Biceps,Strength,Dumbbell
Good,Seated Dumbbell Inner Biceps Curl,None,Beginner,Biceps,Strength,Dumbbell
Good,Standing Inner-Biceps Curl,None,Beginner,Biceps,Strength,Dumbbell
Best,Seated hammer curl,"The seated hammer curl is a popular exercise for building bigger biceps and forearms. The movement resembles hammering a nail—hence the name. While curls can effectively be performed standing as well, performing them seated can enforce strict form and perhaps boost the mind-muscle connection. Like most curl variations, these are usually performed for moderate to high reps, such as 8-12 reps per set or more.",Intermediate,Biceps,Strength,Dumbbell
Best,Paul Carter Incline Dumbbell Biceps Curl,The incline dumbbell biceps curl is an isolation exercise targeting the biceps. This variation targets the long head of the biceps more than a traditional curl and there is more overall tension to this muscle.,Intermediate,Biceps,Strength,Dumbbell
Good,Paul Carter Concentration Curl,"The concentration curl is a classic exercise for building the biceps one arm at a time. It can be performed bent over or kneeling, but is more often performed seated on a bench. It's great for emphasizing the biceps peak and is often used to finish a biceps workout. Like most curl variations, these are usually performed for moderate to high reps, such as 8-12 reps per set or more.",Intermediate,Biceps,Strength,Dumbbell
Bad,FYR Dumbbell Curl,"The dumbbell biceps curl is a single-joint exercise for building bigger and stronger biceps. Popular among gym goers of all experience levels, this move can be done seated or standing. It is generally performed for moderate to high reps, such as 8-12 reps or higher, as part of the arm-focused portion of a workout.",Intermediate,Biceps,Strength,Dumbbell
Bad,Dumbbell biceps curl to upright row,"The dumbbell biceps curl to upright row is a dumbbell complex that combines two exercises that build and strengthen the biceps, traps, and the middle head of the deltoids. It is usually performed one rep of each movement at a time, although you could perform more reps of each, or increase the reps in successive rounds (e.g., 1 rep in round 1, 2 reps in round 2, etc.). No matter how you structure the sets and reps, it is a time-efficient way to hit multiple upper-body muscles in any workout.",Intermediate,Biceps,Strength,Dumbbell
Best,FYR Dumbbell Hammer Curl,"This curl is performed simultaneously with dumbbells but without wrist supination. Throughout each rep, the wrists remain neutral, like a carpenter hammering a nail.",Intermediate,Biceps,Strength,Dumbbell
Best,Dumbbell overhead hold with single-arm curl,"The dumbbell overhead hold with single-arm curl combines an isometric overhead hold with a curl for the other arm. The two movements collectively target the muscles of the shoulders and arms, while providing a surprising core challenge. Expect to be challenged, even with light weight.",Intermediate,Biceps,Strength,Dumbbell
Bad,FYR Kneeling Biceps,The kneeling concentration curl allows you to target the biceps without having the ability to use momentum from the rest of your body to move the weight.,Intermediate,Biceps,Strength,Dumbbell
Bad,Lunge hold dumbbell curl,"The lunge hold dumbbell curl is a challenging complex that combines an isometric hold at the bottom of a lunge with a dumbbell biceps curl. The two exercises combine to target the legs, core, and biceps. The curl will determine the amount of weight you can use, but even a light weight will make the lunge hold seriously challenging.",Intermediate,Biceps,Strength,Dumbbell
Bad,FYR Dumbbell Biceps Curl,"The dumbbell biceps curl is a single-joint exercise for building bigger and stronger biceps. Popular among gym goers of all experience levels, this move can be done seated or standing. It is generally performed for moderate to high reps, such as 8-12 reps or higher, as part of the arm-focused portion of a workout.",Intermediate,Biceps,Strength,Dumbbell
Good,Alternating dumbbell snatch,"The alternating dumbbell snatch is an explosive exercise that builds full-body power and targets the muscles of the hips, back, and shoulders. Performing it by alternating arms gives each arm the chance to recover, allowing you to do a greater amount of quality work. It can be performed for low reps with a focus on power and speed, or for higher reps to build muscle or as part of a metabolic conditioning circuit.",Intermediate,Biceps,Strength,Dumbbell
Bad,TBS Incline Dumbbell Curl,The incline dumbbell biceps curl is an isolation exercise targeting the biceps. This variation targets the long head of the biceps more than a traditional curl and there is more overall tension to this muscle.,Intermediate,Biceps,Strength,Dumbbell
Best,TBS Hammer Curl,"The alternating hammer curl is performed with dumbbells but without wrist supination. Throughout each rep, the wrists remain neutral, like a carpenter hammering a nail.",Intermediate,Biceps,Strength,Dumbbell
Good,Reverse-grip dumbbell curl,"With the reverse-grip dumbbell curl, the palms face down, not up. This unorthodox wrist position simultaneously targets the biceps while also building forearm and grip strength. The move can be performed standing or seated. Because grip is a limiting factor, it is usually performed for moderate to high reps, such as 8-10 reps per set.",Intermediate,Biceps,Strength,Dumbbell
Best,Incline Dumbbell Curl - Gethin Variation,The incline dumbbell biceps curl is an isolation exercise targeting the biceps. This variation targets the long head of the biceps more than a traditional curl and there is more overall tension to this muscle.,Intermediate,Biceps,Strength,Dumbbell
Good,Hammer curl,"The hammer curl is a dumbbell movement that focuses on the biceps, brachialis, and forearm muscles. Throughout each rep, the wrists remain neutral, like a carpenter hammering a nail. It is generally performed for moderate to high reps, such as 8-12 reps or more, as part of the arm-focused portion of a workout.",Intermediate,Biceps,Strength,Dumbbell
Best,Seated Dumbbell Curl - Gethin Variation,"The seated dumbbell biceps curl is a standard exercise for building bigger biceps. While dumbbell biceps curls can be performed standing, this version involves sitting on a bench.",Intermediate,Biceps,Strength,Dumbbell
Good,Dumbbell Hammer Curl - Gethin Variation,"This curl is performed simultaneously with dumbbells but without wrist supination. Throughout each rep, the wrists remain neutral, like a carpenter hammering a nail.",Intermediate,Biceps,Strength,Dumbbell
Bad,Single-arm seated dumbbell curl,"The single-arm seated dumbbell curl is a popular exercise for building bigger biceps. Performing it one arm at a time may allow you to use slightly heavier weight, while focusing on really feeling the mind-muscle connection in the working arm. Like most curl variations, these are usually performed for moderate to high reps, such as 8-12 reps per set or more.",Intermediate,Biceps,Strength,Dumbbell
Good,Lying Cable Curl - Gethin Variation,The lying cable biceps curl is an isolation exercise that eliminates the possibility of using momentum from the lower body to raise the weight.,Intermediate,Biceps,Strength,Dumbbell
Bad,Dumbbell biceps curl,"The dumbbell biceps curl is a single-joint exercise for building bigger and stronger biceps. Popular among gym goers of all experience levels, this move can be done seated or standing. It is generally performed for moderate to high reps, such as 8-12 reps or higher, as part of the arm-focused portion of a workout.",Intermediate,Biceps,Strength,Dumbbell
Good,Seated Biceps Hammer Curl,None,Intermediate,Biceps,Strength,Dumbbell
Best,HM Alternating Reverse Lunge With Biceps Curl,None,Intermediate,Biceps,Strength,Dumbbell
Best,AM Hammer Curls,"This curl is performed simultaneously with dumbbells but without wrist supination. Throughout each rep, the wrists remain neutral, like a carpenter hammering a nail.",Intermediate,Biceps,Strength,Dumbbell
Good,AM Seated Hammer Curls,"The seated hammer curl is a popular exercise for building bigger biceps. The movement resembles hammering a nail—hence the name. While hammer can be performed standing, this version involves sitting on a bench.",Intermediate,Biceps,Strength,Dumbbell
Best,Seated alternating biceps curl,"The seated alternating biceps curl is an exercise that builds bigger and stronger biceps. The alternating technique allows one arm to rest briefly while the other arm lifts. It is usually performed for moderate to high reps, such as 8-12 reps or more, as part of the upper-body or arm-focused portion of a workout.",Intermediate,Biceps,Strength,Dumbbell
Best,Alternating hammer curl,"The alternating hammer curl is performed with dumbbells but without wrist supination. Throughout each rep, the wrists remain neutral, like a carpenter hammering a nail. It is generally performed for moderate to high reps, such as 8-12 reps or more, as part of the arm-focused portion of a workout.",Intermediate,Biceps,Strength,Dumbbell
Good,Alternating biceps curl,"The alternating biceps curl is a single-joint exercise for building bigger and stronger biceps one arm at a time. Popular among gym goers of all experience levels, this move can be done seated or standing. It is generally performed for moderate to high reps, such as 8-12 reps or higher, as part of the arm-focused portion of a workout.",Intermediate,Biceps,Strength,Dumbbell
Good,Holman Slow Biceps Curl,None,Intermediate,Biceps,Strength,Dumbbell
Best,Holman Biceps Curl to Chest Punch,None,Intermediate,Biceps,Strength,Dumbbell
Bad,Holman Right Arm Heavy Biceps Curl,None,Intermediate,Biceps,Strength,Dumbbell
Bad,Holman Left Arm Heavy Biceps Curl,None,Intermediate,Biceps,Strength,Dumbbell
Bad,Holman Alternating Front Lunge Biceps Curl,None,Intermediate,Biceps,Strength,Dumbbell
Best,Holman Weighted Double-Time Biceps Curl,None,Intermediate,Biceps,Strength,Dumbbell
Bad,Holman Heavy Right Arm Biceps Curl,None,Intermediate,Biceps,Strength,Dumbbell
Best,Holman Heavy Left Arm Biceps Curl,None,Intermediate,Biceps,Strength,Dumbbell
Best,MetaBurn Dumbbell Drag Curl,None,Intermediate,Biceps,Strength,Dumbbell
Best,MetaBurn Hammer Curl to Overhead Press,None,Intermediate,Biceps,Strength,Dumbbell
Best,MetaBurn Biceps Curl To Lateral Raise,None,Intermediate,Biceps,Strength,Dumbbell
Best,FYR2 Alternating Dumbbell Curl,None,Intermediate,Biceps,Strength,Dumbbell
Bad,FYR2 Pulse Biceps Curl,None,Intermediate,Biceps,Strength,Dumbbell
Best,FYR2 Seesaw Dumbbell Biceps Curl,None,Intermediate,Biceps,Strength,Dumbbell
Best,FYR2 Single-Dumbbell Biceps Curl,None,Intermediate,Biceps,Strength,Dumbbell
Best,FYR2 Dumbbell Curl-Row Complex,None,Intermediate,Biceps,Strength,Dumbbell
Bad,30 Arms Standing Dumbbell Hammer Curl 21s,None,Intermediate,Biceps,Strength,Dumbbell
Good,30 Arms Standing Biceps Curl,None,Intermediate,Biceps,Strength,Dumbbell
Good,30 Arms Standing Alternating Hammer Curl,None,Intermediate,Biceps,Strength,Dumbbell
Best,30 Arms Standing Alternating Biceps Curl,None,Intermediate,Biceps,Strength,Dumbbell
Good,30 Arms Single-Arm Hammer Preacher Curl,None,Intermediate,Biceps,Strength,Dumbbell
Good,30 Arms Single-Arm Dumbbell Preacher Curl,None,Intermediate,Biceps,Strength,Dumbbell
Bad,30 Arms Seated Dumbbell Concentration Curl,None,Intermediate,Biceps,Strength,Dumbbell
Good,30 Arms Seated Biceps Curl,None,Intermediate,Biceps,Strength,Dumbbell
Good,30 Arms Seated Alternating Biceps Curl,None,Intermediate,Biceps,Strength,Dumbbell
Bad,30 Arms Incline Hammer Curl,None,Intermediate,Biceps,Strength,Dumbbell
Bad,30 Arms Incline Dumbbell Triceps Extension,None,Intermediate,Biceps,Strength,Dumbbell
Bad,30 Arms Hammer Curl,None,Intermediate,Biceps,Strength,Dumbbell
Good,Reverse Plate Curls,None,Beginner,Biceps,Strength,Other
Good,Standing Biceps Stretch,None,Beginner,Biceps,Stretching,Other
Bad,Suspended Curl,None,Beginner,Biceps,Strength,Other
Bad,Plate hammer curl,"The plate hammer curl is an exercise that targets the long head of the biceps as well as the brachialis and brachioradialis muscles. Typically hammer curls are done with dumbbells, but in this case, holding a weight plate places the hands in the same neutral position.",Beginner,Biceps,Strength,Other
Best,Barbell spider curl,"The barbell spider curl is an exercise targeting the biceps and performed face down on either an incline bench or on the flat side of a preacher bench. The vertical bench angle helps to isolate the biceps and limit involvement of the shoulder muscles. This curl variation is usually performed for moderate to high reps, such as 8-12 reps per set or more, as part of upper-body or arm-focused training.",Intermediate,Biceps,Strength,Other
Best,Barbell forehead curl,"The barbell forehead curl is a classic movement from the Golden Age of bodybuilding and is often associated with Dave ""The Blond Bomber"" Draper. The barbell is brought up to your forehead instead of to your chest, emphasizing the squeeze and peak contraction. It is usually performed for moderate to high reps, such as 8-12 reps per set.",Intermediate,Biceps,Strength,Other
Best,Overhead cable curl,"Also known as a crucifix curl, the overhead cable curl is a biceps-focused exercise performed between two cable stacks, using a pair of D-handles. The arms and elbows are held at shoulder height throughout the movement, and both hands curl in toward the ears. This position is designed to eliminate shoulder involvement and momentum, while targeting the biceps peak. This movement is generally done for moderate to high reps, such as 8-12 reps per set or more, as part of arm-focused training.",Intermediate,Biceps,Strength,Cable
Best,Standing One-Arm Cable Curl,The single-arm cable biceps curl is a single-joint isolation exercise for building the biceps. This move is intended to be strict and deliberate; this is not an exercise for using momentum or otherwise cheating.,Beginner,Biceps,Strength,Cable
Best,Reverse Cable Curl,None,Beginner,Biceps,Strength,Cable
Best,Standing Biceps Cable Curl,"The cable straight-bar biceps curl takes a classic bodybuilding exercise, the standing barbell curl, and replaces the barbell with a handle attached to a cable. This is a common burnout move performed for moderate to high reps, such as 8-12 reps per set, as part of an upper-body or arm-focused workout.",Intermediate,Biceps,Strength,Cable
Good,Cable rope hammer curl,"The cable rope hammer curl is a popular arm-focused exercise performed with a rope handle attached by a cable to a weight stack. It uses a neutral (palms facing one another) grip, which targets the forearms and brachialis muscles in addition to the biceps. Because grip is a limitation, it is usually performed for moderate to high reps, such as 8-12 reps per set or more.",Intermediate,Biceps,Strength,Cable
Good,Lying cable biceps curl,"The lying cable biceps curl is a cable exercise that targets the biceps. It is performed lying on the back, either on a bench or the ground, with the feet facing toward a cable stack. This movement is usually performed for moderate to high reps for a burn and pump as part of an arm-focused workout.",Beginner,Biceps,Strength,Cable
Good,Cable rope preacher hammer curl,"The cable rope preacher hammer curl is a single-joint arm exercise that builds strength and size in the biceps using a cable stack, a preacher bench, and a rope grip. The neutral or ""hammer"" grip amplifies activation of both the grip and the brachialis muscles, building arm thickness. The angle of the bench also effectively removes the shoulders from the movement, largely isolating the biceps. It is generally performed for higher reps, at least 8-15 per set.",Beginner,Biceps,Strength,Cable
Good,Lying Close-Grip Bar Curl On High Pulley,The lying high-cable biceps curl is an unusual move for building the biceps—but it’s a highly effective one. Lying prone and curling down toward you provides a different stimulus than more standard approaches allow.,Beginner,Biceps,Strength,Cable
Good,Cable EZ-Bar Preacher Curl - Gethin Variation,"The cable preacher curl is a single-joint arm exercise that builds strength and size in the biceps using a cable stack and a preacher bench. It is popular in muscle-building arm workouts because the angle of the bench effectively removes the shoulders from the movement, largely isolating the biceps. It is generally performed for higher reps, at least 8-15 per set.",Intermediate,Biceps,Strength,Cable
Good,Squatting cable EZ-bar biceps curl,"The squatting cable EZ-bar biceps curl is an exercise that builds and strengthens the biceps while the lower body is in a static squat position. It is usually performed for higher rep sets, such as 8-12 reps per set or more, in combination with other curls or arm training. It is most similar in arm positioning to a preacher curl, but has some unique benefits to the lower body, as well.",Intermediate,Biceps,Strength,Cable
Bad,Cable straight-bar biceps curl,"The cable straight-bar biceps curl takes a classic bodybuilding exercise, the standing barbell curl, and replaces the barbell with a handle attached to a cable. This is a common burnout move performed for moderate to high reps, such as 8-12 reps per set, as part of an upper-body or arm-focused workout.",Intermediate,Biceps,Strength,Cable
Good,Standing reverse-grip cable curl,"The standing reverse-grip cable curl takes a classic bodybuilding exercise, the reverse barbell curl, and tweaks it by using a handle attached to a cable stack instead. It targets the forearm muscles and brachialis to a greater degree than underhand biceps curl variations. Because grip is a limitation, this move is commonly performed for moderate to high reps, such as 8-12 reps per set or more, as part of an upper-body or arm-focused workout.",Intermediate,Biceps,Strength,Cable
Good,Lying high-cable biceps curl,The lying high-cable biceps curl is a single-joint exercise targeting the biceps in a prone (face-up) position. It is usually performed for moderate to high reps as part of the arm-focused portion of a workout.,Intermediate,Biceps,Strength,Cable
Bad,High-Pulley Cable Curl - Gethin Variation,"Also known as a crucifix curl, the overhead cable curl is a biceps-focused exercise performed between two cable stacks, using a pair of D-handles. The arms and elbows are held at shoulder height throughout the movement, and both hands curl in toward the ears. This position is designed to eliminate shoulder involvement and momentum, while targeting the biceps peak. This movement is generally done for moderate to high reps, such as 8-12 reps per set or more, as part of arm-focused training.",Intermediate,Biceps,Strength,Cable
Good,Standing High Cable Curl - Gethin Variation,"The cable straight-bar biceps curl takes a classic bodybuilding exercise, the standing barbell curl, and replaces the barbell with a handle attached to a cable. This is a common burnout move performed for moderate to high reps, such as 8-12 reps per set, as part of an upper-body or arm-focused workout.",Intermediate,Biceps,Strength,Cable
Bad,High Cable Curls,The lying high-cable biceps curl is a single-joint exercise targeting the biceps in a prone (face-up) position. It is usually performed for moderate to high reps as part of the arm-focused portion of a workout.,Intermediate,Biceps,Strength,Cable
Best,Seated cable biceps curl,The seated cable biceps curl is a single-joint arm exercise intended to isolate the biceps. The seated position helps eliminate the use of momentum. This movement is usually performed for moderate to high reps for a burn and pump as part of an arm-focused workout.,Intermediate,Biceps,Strength,Cable
Good,Lying Close-Grip Bar Curl On High Pulley - Gethin Variation,The lying high-cable biceps curl is an unusual move for building the biceps—but it’s a highly effective one. Lying prone and curling down toward you provides a different stimulus than more standard approaches allow.,Intermediate,Biceps,Strength,Cable
Good,Standing Cable Curl - Gethin Variation,"The cable straight-bar biceps curl takes a classic bodybuilding exercise, the standing barbell curl, and replaces the barbell with a handle attached to a cable. This is a common burnout move performed for moderate to high reps, such as 8-12 reps per set, as part of an upper-body or arm-focused workout.",Intermediate,Biceps,Strength,Cable
Bad,Double Arm Cable Biceps Curl,None,Intermediate,Biceps,Strength,Cable
Best,AM Cable Biceps Curl,"The cable straight-bar biceps curl takes a classic bodybuilding exercise, the standing barbell curl, and replaces the barbell with a handle attached to a cable. This is a common burnout move performed for moderate to high reps, such as 8-12 reps per set, as part of an upper-body or arm-focused workout.",Intermediate,Biceps,Strength,Cable
Good,Single-arm cable biceps curl,"The single-arm cable biceps curl is a single-joint isolation exercise for building the biceps. This move is intended to be strict and deliberate; this is not an exercise for using momentum or otherwise cheating. It is usually performed for moderate to high reps, such as 8-12 reps or more per set, as part of an arm-focused workout.",Intermediate,Biceps,Strength,Cable
Bad,UP Cable Curl With Straight Bar,None,Intermediate,Biceps,Strength,Cable
Best,30 Arms Cable Rope Hammer Curl,None,Intermediate,Biceps,Strength,Cable
Bad,30 Arms Squatting Cable Straight-Bar Curl,None,Intermediate,Biceps,Strength,Cable
Bad,30 Arms High Cable Curl,None,Intermediate,Biceps,Strength,Cable
Good,30 Arms Cable Straight-Bar Curl,None,Intermediate,Biceps,Strength,Cable
Best,30 Arms Cable Concentration Curl,None,Intermediate,Biceps,Strength,Cable
Best,30 Arms BFR High Cable Curl,None,Intermediate,Biceps,Strength,Cable
Best,BFR cable rope hammer curl,"The blood flow restriction (BFR) cable rope hammer curl is an arm movement that builds biceps size and strength using a cable stack, rope grip, and blood flow restriction bands. It is popular in high-rep ""pump""-style arm workouts. The bands should be placed as high as possible on your arms, at a tightness of no greater than 8 on a scale of 10. Most BFR workouts recommend using a far lighter weight than usual, perhaps as low as 25-50 percent of a normal working weight.",Intermediate,Biceps,Strength,Cable
Best,Machine Bicep Curl,None,Beginner,Biceps,Strength,Machine
Good,Machine Preacher Curls,The machine preacher curl is an isolation exercise targeting the biceps.,Beginner,Biceps,Strength,Machine
Bad,Single-arm machine preacher curl,"The single-arm machine preacher curl is a popular exercise to build size and strength in the biceps. It approximates the motion of a free-weight preacher curl, but uses a selectorized weight stack or plate-loaded machine. Many such machines offer different grips and grip widths. Machine biceps curls are often done for moderate to high reps, such as 8-12 reps per set or more, as part of the upper-body or arm-focused portion of a workout.",Intermediate,Biceps,Strength,Machine
Bad,Machine preacher curl,"The machine preacher curl is a popular exercise to build size and strength in the biceps. It approximates the motion of a free-weight preacher curl, but uses a selectorized weight stack or plate-loaded machine. Many such machines offer different grips and grip widths. Machine biceps curls are often done for moderate to high reps, such as 8-12 reps per set or more, as part of the upper-body or arm-focused portion of a workout.",Intermediate,Biceps,Strength,Machine
Best,Smith machine drag curl,"The Smith machine drag curl is a biceps-focused exercise using the bar in a Smith machine. It is usually trained in moderate to high reps, at least 8-15 reps per set, and can work in the biceps-focused portion of any workout.",Intermediate,Biceps,Strength,Machine
Good,30 Arms BFR Machine Preacher Curl,None,Intermediate,Biceps,Strength,Machine
Bad,Seated Biceps,None,Beginner,Biceps,Stretching,Body Only
Bad,TBS Chin-Up,"The a chin-up is a variation of the pull-up exercise in which the reps are performed with the palms facing toward the body, in an underhand position, with a grip that is narrower than shoulder-width. Like other pull-up variations, it builds strength and muscle in the upper back, biceps, and core, but it utilizes the biceps slightly more than overhand pull-ups. It can be used as a more shoulder-friendly alternative to straight-bar pull-ups, or to help perform more reps than you can perform overhand.",Intermediate,Biceps,Strength,Body Only
Best,Pull-up - Gethin Variation,"The pull-up is a multi-joint bodyweight exercise that builds strength and muscle in the upper back, biceps, and core. It is often used as a measurement tool in military or tactical fitness tests, and is an excellent gauge of “relative strength” which is strength in relation to bodyweight.",Intermediate,Biceps,Strength,Body Only
Best,UN Pull-Up Supinated,None,Intermediate,Biceps,Strength,Body Only
Good,UN Pull-Up Pronated,None,Intermediate,Biceps,Strength,Body Only
Best,UN Pull-Up Neutral,None,Intermediate,Biceps,Strength,Body Only
Best,EZ-Bar Curl,"The standing EZ-bar curl is an immensely popular exercise targeting the biceps. It is commonly performed for moderate to high reps as part of an upper body or arms-focused workout. Many gyms even have EZ-bars at fixed weights, allowing for easy weight changes.",Intermediate,Biceps,Strength,E-Z Curl Bar
Best,Reverse Barbell Preacher Curls,"The reverse-grip barbell curl is a variation on the biceps curl where the palms face downward. The switch from an underhand to an overhand grip brings the forearm and brachialis muscles more into the exercise. If it is uncomfortable to the wrists, try performing it on the angles of an EZ-curl bar.",Beginner,Biceps,Strength,E-Z Curl Bar
Good,Close-Grip EZ-Bar Curl with Band,None,Beginner,Biceps,Strength,E-Z Curl Bar
Good,Standing EZ-Bar Curl - Gethin Variation,"The standing EZ-bar curl is an immenselyp popular exercise targeting the biceps. It is commonly performed for moderate to high reps as part of an upper body or arms-focused workout. Many gyms even have EZ-bars at fixed weights, allowing for easy weight changes.",Intermediate,Biceps,Strength,E-Z Curl Bar
Best,TBS EZ-Bar Curl,"The standing EZ-bar curl is an immenselyp popular exercise targeting the biceps. It is commonly performed for moderate to high reps as part of an upper body or arms-focused workout. Many gyms even have EZ-bars at fixed weights, allowing for easy weight changes.",Intermediate,Biceps,Strength,E-Z Curl Bar
Bad,Standing EZ-bar curl,"The standing EZ-bar curl is a popular exercise targeting the biceps. It is commonly performed for moderate to high reps as part of an upper-body or arm-focused workout. Many gyms even have EZ-bars at fixed weights, allowing for easy weight changes.",Intermediate,Biceps,Strength,E-Z Curl Bar
Bad,30 Arms Standing Overhand EZ-Bar Curl,None,Intermediate,Biceps,Strength,E-Z Curl Bar
Best,30 Arms EZ-Bar Spider Curl,None,Intermediate,Biceps,Strength,E-Z Curl Bar
Good,30 Arms EZ-Bar Preacher Curl,None,Intermediate,Biceps,Strength,E-Z Curl Bar
Good,30 Arms Standing EZ-Bar Curl,None,Intermediate,Biceps,Strength,E-Z Curl Bar
Bad,Calf Raises - With Bands,None,Beginner,Calves,Strength,Bands
Bad,Peroneals Stretch,None,Intermediate,Calves,Stretching,Bands
Bad,Posterior Tibialis Stretch,None,Intermediate,Calves,Stretching,Bands
Good,Calf SMR,"Calf self-myofascial release (SMR) is a self-administered soft-tissue treatment for the lower body, usually using a foam roller, lacrosse ball, or other ""trigger point"" massage tool. By applying pressure strategically to the calf muscles of the lower leg, some people find they can cause this often painful and tight muscle to relax or ""release."" Calf SMR is often accompanied by SMR on the quadriceps muscles, or by stretches that target the calves.",Beginner,Calves,Stretching,Foam Roll
Best,Rocking Standing Calf Raise,None,Beginner,Calves,Strength,Barbell
Good,Standing barbell calf raise,"The standing barbell calf raise is a popular exercise to target the calf muscles of the lower leg, particularly the gastrocnemius muscle. It can be performed for time or for reps, either using a barbell or Smith machine bar if balance is a problem.",Beginner,Calves,Strength,Barbell
Good,Barbell Seated Calf Raise,None,Beginner,Calves,Strength,Barbell
Good,Smith machine standing calf raise,"The Smith machine standing calf raise is a machine-based exercise targeting the muscles of the calves, particularly the gastrocnemius or upper calf muscle. It is usually performed for moderate to high reps, such as 8-12 reps per set or more, as part of the lower-body portion of a workout.",Intermediate,Calves,Strength,Barbell
Bad,Calf Raise On A Dumbbell,None,Beginner,Calves,Strength,Dumbbell
Bad,Standing Dumbbell Calf Raise,"The standing dumbbell calf raise is a popular exercise to target the calf muscles of the lower leg, and in particular the gastrocnemius muscles. It can be performed for time or for reps, either two dumbbells, or one if balance is a problem and you would like to use your free hand to hold a fixed object.",Intermediate,Calves,Strength,Dumbbell
Bad,Single-leg standing dumbbell calf raise,"The single-leg standing dumbbell calf raise is a popular exercise to target the calf muscles of the lower leg, particularly the gastrocnemius muscle. It can be performed for time or for reps, either with two dumbbells or with one if balance is a problem and you would like to use your free hand to hold a fixed object.",Intermediate,Calves,Strength,Dumbbell
Bad,Dumbbell walking calf raise,"The dumbbell walking calf raise is a dynamic exercise targeting the calf muscles of the lower leg, particularly the gastrocnemius muscle. It can be performed for distance or for reps.",Intermediate,Calves,Strength,Dumbbell
Good,Balance Board,None,Beginner,Calves,Strength,Other
Good,Weighted donkey calf raise,"The weighted donkey calk raise is a strength and muscle-building exercise focused on the muscles of the lower leg, most prominently the gastrocnemius muscle. While traditional donkey calf raises involved either a specific machine or carrying another person on one's back, this method uses a weight belt. It can be done in traditional muscle-building rep ranges, or for higher reps as part of lower-body training.",Intermediate,Calves,Strength,Other
Bad,Anterior Tibialis-SMR,None,Beginner,Calves,Stretching,Other
Bad,Foot-SMR,None,Beginner,Calves,Stretching,Other
Best,Agility Ladder,None,Intermediate,Calves,Cardio,Other
Bad,Single-leg machine seated calf raise,"The single-leg machine seated calf raise is an exercise targeting the calf muscles of the lower leg, particularly the soleus muscle. It is usually performed for moderate to high reps, such as 8-12 reps per set, but occasionally for higher reps of 20 per set or more.",Intermediate,Calves,Strength,Other
Best,Smith Machine Calf Raise,"The Smith machine standing calf raise is a machine-based exercise targeting the muscles of the calves, particularly the gastrocnemius or upper calf muscle. It is usually performed for moderate to high reps, such as 8-12 reps per set or more, as part of the lower-body portion of a workout.",Intermediate,Calves,Strength,Machine
Best,Standing Calf Raises,"The standing calf raise is a popular movement to target the calf muscles of the lower leg, and in particular the gastrocnemius muscles. When unweighted, it is usually performed for high reps or for time.",Beginner,Calves,Strength,Machine
Best,Seated Calf Raise,"The machine seated calf raise is an exercise targeting the calf muscles of the lower leg, particularly the soleus muscle. It is usually performed for moderate to high reps, such as 8-12 reps per set, and occasionally for very high burnout-focused sets of 50-100 total reps.",Intermediate,Calves,Strength,Machine
Best,Calf Press On The Leg Press Machine,"The leg press calf raise is an exercise that uses the leg press machine to work the calves. With the toes and balls of your feet on the platform but heels off, you push forward to work the calves.",Intermediate,Calves,Strength,Machine
Best,Calf Press,"The standing calf raise is a popular movement to target the calf muscles of the lower leg, and in particular the gastrocnemius muscles. When unweighted, it is usually performed for high reps or for time.",Beginner,Calves,Strength,Machine
Good,Smith Machine Reverse Calf Raises,None,Beginner,Calves,Strength,Machine
Good,Seated Single-Leg Calf Press - Gethin Variation,"The single-leg machine seated calf raise is an exercise targeting the calf muscles of the lower leg, particularly the soleus muscle. It is usually performed for moderate to high reps, such as 8-12 reps per set, but occasionally for higher reps of 20 per set or more.",Intermediate,Calves,Strength,Machine
Best,Seated Calf Raise - Gethin Variation,"The machine seated calf raise is an exercise targeting the calf muscles of the lower leg, particularly the soleus muscle. It is usually performed for moderate to high reps, such as 8-12 reps per set, and occasionally for very high burnout-focused sets of 50-100 total reps.",Intermediate,Calves,Strength,Machine
Best,Donkey Calf Raise - Gethin Variation,"The donkey calk raise is a strength and muscle-building exercise focused on the muscles of the lower leg, most prominently the gastrocnemius muscle. While traditional donkey calf raises involved either a specific machine or carrying another person on one's back, this method uses a weight belt. It can be done in traditional muscle-building rep ranges, or for higher reps as part of lower-body training.",Intermediate,Calves,Strength,Machine
Best,Standing Calf Raise Facing Hack Squat Machine - Gethin Variation,The reverse hack squat calf raise is a varation of the standing calf raise to target them in a different manner.,Intermediate,Calves,Strength,Machine
Bad,Calf Press On A Hack Squat Machine - Gethin Variation,The hack squat calf raise is a variation of the standing calf raise to target them in a different manner than seated or fully standing.,Intermediate,Calves,Strength,Machine
Good,Smith Machine Standing Calf Raises - Gethin Variation,"The Smith machine standing calf raise is a machine-based exercise targeting the muscles of the calves, particularly the gastrocnemius or upper calf muscle. It is usually performed for moderate to high reps, such as 8-12 reps per set or more, as part of the lower-body portion of a workout.",Intermediate,Calves,Strength,Machine
Bad,Hack squat calf raise,"The hack squat calf raise is a variation of the standing calf raise performed in a hack squat machine. This allows for heavy loading, but also shoulder comfort from the pads of the hack squat. Calf raise variations are often performed for relatively high reps, such as 10-20 reps per set or more.",Intermediate,Calves,Strength,Machine
Bad,Seated Calf Press - Gethin Variation,"The machine seated calf raise is an exercise targeting the calf muscles of the lower leg, particularly the soleus muscle. It is usually performed for moderate to high reps, such as 8-12 reps per set, and occasionally for very high burnout-focused sets of 50-100 total reps.",Intermediate,Calves,Strength,Machine
Good,Leg press calf raise,"The leg press calf raise is a variation of the standing calf raise performed in a leg press machine. This allows for heavy loading, but also shoulder comfort from the pads of the leg press. Calf raise variations are often performed for relatively high reps, such as 10-20 reps per set or more.",Intermediate,Calves,Strength,Machine
Bad,Machine seated calf raise,"The machine seated calf raise is an exercise targeting the calf muscles of the lower leg, particularly the soleus muscle. It is usually performed for moderate to high reps, such as 8-12 reps per set, and occasionally for very high burnout-focused sets of 50-100 total reps.",Intermediate,Calves,Strength,Machine
Good,30 Legs Seated Calf Raise,None,Intermediate,Calves,Strength,Machine
Best,30 Legs Standing Calf Raise,None,Intermediate,Calves,Strength,Machine
Good,Peroneals-SMR,None,Intermediate,Calves,Stretching,Body Only
Good,Knee Circles,None,Beginner,Calves,Stretching,Body Only
Bad,Standing Gastrocnemius Calf Stretch,None,Intermediate,Calves,Stretching,Body Only
Bad,Wall calf stretch,The wall calf stretch is a stretch targeting the calf muscles. This is a simple way to stretch these often-tight muscles without any equipment needed.,Intermediate,Calves,Stretching,Body Only
Bad,Seated Calf Stretch,None,Intermediate,Calves,Stretching,Body Only
Best,Standing Calf Raise,"The standing calf raise is a popular movement to target the calf muscles of the lower leg, and in particular the gastrocnemius muscles. When unweighted, it is usually performed for high reps or for time.",Intermediate,Calves,Strength,Body Only
Bad,Standing calf raise-,"The standing calf raise is a popular movement to target the calf muscles of the lower leg, particularly the gastrocnemius muscle. When unweighted, it is usually performed for high reps or for time.",Intermediate,Calves,Strength,Body Only
Good,HM Left Calf-Spike Sumo Pulse,None,Intermediate,Calves,Strength,Body Only
Good,Ankle Circles,None,Beginner,Calves,Stretching,None
Bad,Calf Stretch Elbows Against Wall,None,Beginner,Calves,Stretching,None
Bad,Standing Soleus And Achilles Stretch,None,Beginner,Calves,Stretching,None
Good,Cross Over - With Bands,None,Beginner,Chest,Strength,Bands
Bad,Bench Press - With Bands,None,Beginner,Chest,Strength,Bands
Bad,Bench Press With Short Bands,None,Beginner,Chest,Powerlifting,Bands
Bad,Feet-Elevated TRX Push-Up,None,Beginner,Chest,Strength,Bands
Best,Band-suspended kettlebell bench press,"The band-suspended kettlebell bench press is a bench press variation where kettlebells or weight plates are hung from the ends of a barbell by looped bands. The suspended weights can be in addition to normally loaded weight plates, or in the place of them. Because the instability of the weights makes the lift difficult, this bench press variety is a popular accessory movement for building the traditional bench press in powerlifting training.",Intermediate,Chest,Strength,Bands
Best,HM Banded Cross-Over Pull,None,Intermediate,Chest,Strength,Bands
Bad,Rusin Band Pull-Apart,None,Intermediate,Chest,Strength,Bands
Good,UNS Banded Push-Up,None,Intermediate,Chest,Strength,Bands
Best,Taylor Band-Assisted One-Arm Push-Up,None,Intermediate,Chest,Strength,Bands
Best,Incline band bench press,"The incline band bench press is variation of the incline press, a popular upper-body exercise targeting the upper pectoral muscles. While it can be a strength-focused movement, it is usually performed for moderate to high reps, such as 8-12 reps per set or more, as part of upper-body or chest-focused training.",Intermediate,Chest,Strength,Bands
Bad,Band push-up,"The band push-up is a progression of the popular bodyweight version of the exercise commonly used in military and tactical physical fitness tests. Adding the dynamic resistance of the band matches the strength curve of the push-up and helps build upper-body muscle and strength, emphasizing the chest, triceps, and shoulders, but also working the upper back and core.",Intermediate,Chest,Strength,Bands
Good,Band chest fly,"Similar to the cable chest fly, the band chest fly is a single-joint movement that works the pectoral muscles. The fly is common in upper-body and chest-focused muscle-building workouts, and the band variation works well as a pre-exhaust at the beginning of a workout or a finishing movement at the end. It is often used in combination with other presses or flyes to target the chest from different angles.",Intermediate,Chest,Strength,Bands
Best,Close-grip bench press,"The close-grip bench press is a popular exercise targeting the triceps and chest. The main difference between this exercise and the standard bench press is that the hands and elbows are placed closer together, which places more of an emphasis on the triceps. The close-grip bench press is often used as an accessory movement for the traditional bench press, or as a triceps builder for arm training. Similar to the bench press, it can be trained in low reps for strength or higher reps for muscle or strength endurance.",Intermediate,Chest,Strength,Barbell
Best,Barbell Bench Press - Medium Grip,"The bench press is a compound exercise that builds strength and muscle in the chest and triceps. When many people think of listing, the bench press is often the first exercise that comes to mind",Intermediate,Chest,Strength,Barbell
Best,Decline barbell bench press,"The decline barbell bench press is a popular upper-body exercise targeting the lower pectoral muscles. While it can be a strength-focused movement, it is usually performed for moderate to high reps, such as 8-12 reps per set or more, as part of upper-body or chest-focused training.",Intermediate,Chest,Strength,Barbell
Best,Wide-grip bench press,"The wide-grip bench press is a compound exercise targeting the chest and, to a lesser extent, the triceps. The main difference between this exercise and the standard bench press is that the hands are placed farther apart on the bar. Many lifters find they can handle more weight going wide than with narrower grips, although it's also worth noting that plenty of banged-up lifters have said benching with a wide grip may also have contributed to their shoulder injuries and pain. The wide-grip bench is often used as a chest-building movement in chest or upper-body workouts, or as an accessory movement for the traditional bench press.",Beginner,Chest,Strength,Barbell
Best,Wide-Grip Decline Barbell Bench Press,None,Beginner,Chest,Strength,Barbell
Best,Barbell Incline Bench Press Medium-Grip,The incline bench press is an upper body compound movement that targets the upper chest.,Intermediate,Chest,Strength,Barbell
Best,Neck Press,None,Beginner,Chest,Strength,Barbell
Good,Front Raise And Pullover,None,Beginner,Chest,Strength,Barbell
Good,Board bench press,"The board bench press is an upper-body exercise that is commonly performed as an assistance movement for the bench press. It targets the same muscles as the bench press, including the chest and shoulders, but really focuses on the triceps. Because you can load it more heavily than a full bench press, it allows you to overload the triceps and lock out of the bench press.",Intermediate,Chest,Powerlifting,Barbell
Good,Barbell Bench Press-Wide Grip,"The wide-grip bench pressis a compound exercise targeting the chest, primarily. The main difference between this exercise and the standard bench press is that the hands are placed wider apart on the bar.",Beginner,Chest,Strength,Barbell
Good,Wide-Grip Decline Barbell Pullover,None,Beginner,Chest,Strength,Barbell
Good,Barbell Guillotine Bench Press,None,Beginner,Chest,Strength,Barbell
Good,Band-suspended kettlebell bench press,"The band-suspended kettlebell bench press is a bench press variation where kettlebells or weight plates are hung from the ends of a barbell by looped bands. The suspended weights can be in addition to normally loaded weight plates, or in the place of them. Because the instability of the weights makes the lift difficult, this bench press variety is a popular accessory movement for building the traditional bench press in powerlifting training.",Intermediate,Chest,Strength,Bands
Best,Paul Carter Incline Bench Press,The incline bench press is an upper body compound movement that targets the upper chest.,Intermediate,Chest,Strength,Barbell
Bad,Incline bench press,"The incline bench press is a popular barbell exercise targeting the chest muscles, particularly the upper pectoral muscles. While it can be a strength-focused movement, it is usually performed for moderate to high reps, such as 8-12 reps per set or more, as part of upper-body or chest-focused training.",Intermediate,Chest,Strength,Barbell
Bad,Bench press,"The bench press is a popular barbell exercise that builds strength and muscle in the chest, triceps, and shoulders. It is a popular way to measure overall upper-body strength, and is contested in the sport of powerlifting. When many people think of lifting, the bench press is often the first exercise that comes to mind. It can be performed for low reps for strength, higher reps for muscle, or for higher reps to build or measure strength endurance, like in the 225-pound bench press rep test in the NFL combine.",Intermediate,Chest,Strength,Barbell
Bad,TBS Close-Grip Bench Press,The close-grip bench pressis a compound exercise targeting the triceps and chest. The main difference between this exercise and the standard bench press is that the hands and elbows are placed closer together.,Intermediate,Chest,Strength,Barbell
Bad,AM Flat Bench Barbell Press,"The bench press is a compound exercise that builds strength and muscle in the chest and triceps. When many people think of listing, the bench press is often the first exercise that comes to mind",Intermediate,Chest,Strength,Barbell
Best,UP Bench Press,"The bench press is a compound exercise that builds strength and muscle in the chest and triceps. When many people think of listing, the bench press is often the first exercise that comes to mind",Intermediate,Chest,Strength,Barbell
Bad,UP Close-Grip Bench Press,The close-grip bench pressis a compound exercise targeting the triceps and chest. The main difference between this exercise and the standard bench press is that the hands and elbows are placed closer together.,Intermediate,Chest,Strength,Barbell
Best,King Maker Barbell Bench Press,"The bench press is a compound exercise that builds strength and muscle in the chest and triceps. When many people think of listing, the bench press is often the first exercise that comes to mind",Intermediate,Chest,Strength,Barbell
Good,King Maker Incline Barbell Bench Press,The incline bench press is an upper body compound movement that targets the upper chest.,Intermediate,Chest,Strength,Barbell
Bad,30 Chest Incline Barbell Bench Press,None,Intermediate,Chest,Strength,Barbell
Best,30 Chest Barbell Bench Press,None,Intermediate,Chest,Strength,Barbell
Best,30 Chest 30-Degree Incline Dumbbell Press,None,Intermediate,Chest,Strength,Barbell
Good,Spoto press,"The Spoto press is a variation of the popular barbell exercise the bench press that builds strength and muscle in the chest, triceps, and shoulders. It differs from the bench press in that the lifter pauses for a few seconds at the bottom of the movement before pressing the bar back up. This pause removes all momentum and increases the time under tension for the chest and shoulder muscles to help develop upper-body musculature and strength.",Intermediate,Chest,Strength,Barbell
Good,Kettlebell plyo push-up,"The kettlebell plyo push-up is an explosive upper-body movement that uses a kettlebell primarily as a platform for the hands. A short step, dumbbell, or other stationary object could also be used in place of the kettlebell. It can be performed for reps or time, either for low reps to build explosive power or for higher reps for conditioning.",Intermediate,Chest,Strength,Kettlebells
Good,Extended Range One-Arm Kettlebell Floor Press,None,Beginner,Chest,Strength,Kettlebells
Good,Kettlebell alternating floor press,"The kettlebell alternating floor press limits the range of motion you would achieve with a dumbbell or kettlebell bench press, but still targets the chest, triceps, and anterior delts. This allows you to build strength in the top portion of the lift, overload the triceps, and work on strengthening the shoulder stabilizers.",Beginner,Chest,Strength,Kettlebells
Bad,One-Arm Kettlebell Floor Press,None,Beginner,Chest,Strength,Kettlebells
Bad,Leg-Over Floor Press,None,Beginner,Chest,Strength,Kettlebells
Good,Band-suspended kettlebell bench press,"The band-suspended kettlebell bench press is a bench press variation where kettlebells or weight plates are hung from the ends of a barbell by looped bands. The suspended weights can be in addition to normally loaded weight plates, or in the place of them. Because the instability of the weights makes the lift difficult, this bench press variety is a popular accessory movement for building the traditional bench press in powerlifting training.",Intermediate,Chest,Strength,Bands
Bad,FYR2 Push-Up to Kettlebell Hike Combo,None,Intermediate,Chest,Strength,Kettlebells
Best,Pushups,"The push-up is a popular bodyweight exercise that is commonly used in military and tactical physical fitness tests. It’s a classic movement to build upper-body muscle and strength, emphasizing the chest, triceps, and shoulders, but also working the upper back and core.",Intermediate,Chest,Strength,Body Only
Best,Incline Push-Up,"The hands-elevated push-up is a variation on the push-up, a body-weight standard. The hands are elevated, so that your body is aligned at an angle to the floor rather than parallel.",Intermediate,Chest,Strength,Body Only
Best,Hands-elevated push-up,"The hands-elevated push-up is a variation on the classic push-up where the hands are placed on a bench or other elevated surface. Having the hands higher than the feet makes it easier than push-ups on the floor, but also puts the emphasis more on the triceps. It can be used as a substitute for floor push-ups or as a mechanical dropset after maxing out on floor push-ups.",Beginner,Chest,Strength,Body Only
Best,Decline Push-Up,"The feet-elevated push-up is a variation on the push-up, a body-weight standard. The feet are elevated, so that your body is aligned at an angle to the floor rather than parallel.",Intermediate,Chest,Strength,Body Only
Best,Single-Arm Push-Up,None,Beginner,Chest,Strength,Body Only
Best,Close push-up to wide push-up,"The close push-up to wide push-up combines two variations of a push-up to emphasize the strengthening of different muscles. The close push-up emphasizes the triceps, while the wide push-up emphasizes the chest and shoulders.",Intermediate,Chest,Strength,Body Only
Best,Wide-grip hands-elevated push-up,"The wide-grip hands-elevated push-up is a variation on the elevated push-up performed with the hands farther apart than with a standard push-up. Having the hands higher than the feet makes it easier than wide-grip push-ups on the floor, but the extra width also puts more emphasis on the chest muscles. It can be used as a substitute for wide-grip floor push-ups, or as a mechanical dropset after maxing out on floor push-ups.",Beginner,Chest,Strength,Body Only
Best,Push-Ups With Feet On An Exercise Ball,None,Intermediate,Chest,Strength,Body Only
Best,Feet-elevated push-up,"The feet-elevated push-up is a variation on the push-up, a bodyweight standard. The feet are elevated so that your body is aligned at an angle to the floor rather than parallel. This makes it more difficult than push-ups on the floor, but also puts more emphasis on the shoulder muscles. It is often used as a bodyweight substitute for incline presses, or as a burnout movement for a chest or shoulder workout.",Intermediate,Chest,Strength,Body Only
Good,Isometric Wipers,The typewriter push-up is an advanced push-up variation where the hands are extra wide and you lower toward each hand in alternating reps. It is more challenging to each working arm than traditional push-ups and also stretches and challenges the chest.,Beginner,Chest,Strength,Body Only
Good,Clock push-up,"The clock push-up is a series of regular push-ups performed one at a time, moving your hands one step to the side between each one until you've completed a full circle. It targets the same muscles as traditional push-ups, such as the chest, triceps, and shoulders, but adds an endurance and core challenge to traditional push-ups.",Beginner,Chest,Strength,Body Only
Good,Incline Push-Up Depth Jump,None,Intermediate,Chest,Plyometrics,Body Only
Good,Push-Up Wide,"The wide push-up is a variation of the push-up with the hands wider than shoulder-width apart. It targets upper-body muscle groups including the chest, shoulders, and triceps, but has more of a chest emphasis than narrower-grip push-up variations. If wide push-ups lead to pain in the front of your shoulder, opt for a narrower version.",Beginner,Chest,Strength,Body Only
Good,Sphinx push-up,"The sphinx push-up is a difficult variation of the push-up that ends with the forearms on the ground in front of the body, rather than with the chest on the ground. It puts more stress on the triceps than traditional push-ups. It can be performed for time or reps in any bodyweight workout or during any arms-focused portion of a workout.",Intermediate,Chest,Strength,Body Only
Good,Close-Hands Push-Up,"The close push-up is an upper-body exercise that targets the chest, triceps, and shoulders. The close hand position places more emphasis on the triceps.",Beginner,Chest,Strength,Body Only
Good,Tiger-bend push-up,The tiger-bend push-up is an advanced push-up variation where you shift onto your forearms at the bottom position and then back onto your hands and up again. It targets the triceps far more than regular push-ups.,Beginner,Chest,Strength,Body Only
Good,Plyo push-up,"The plyo push-up is a bodyweight exercise aimed at increasing upper-body power and strength. It targets the muscles of the chest, triceps, and shoulders, and can be trained in low reps for power and strength, or higher reps for conditioning.",Beginner,Chest,Plyometrics,Body Only
Good,Close-grip hands-elevated push-up,"The close-grip hands-elevated push-up is a variation on the classic push-up where the hands are placed on a bench or other elevated surface. Having the hands higher than the feet makes it easier than close-grip push-ups on the floor, but also puts the emphasis more on the triceps. It can be used as a substitute for floor push-ups or close-grip push-ups, or as a mechanical dropset after maxing out on floor push-ups.",Intermediate,Chest,Strength,Body Only
Good,Suspended push-up,"The suspended push-up is a bodyweight pushing exercise performed on a suspension strap system or gymnastic rings. It targets the chest, shoulders, and triceps, but is also challenging to the core and upper back. It can work in traditional strength and muscle-building rep ranges or for higher reps.",Intermediate,Chest,Strength,Body Only
Good,Push Up to Side Plank,"The push-up to side plank is an upper-body and core-focused exercise combining two popular bodyweight movements. It targets the chest, triceps, and shoulders with the push-up, and the obliques and hip external rotator muscles with the side plank. It can be performed as part of a dynamic warm-up or any bodyweight strength-training workout.",Intermediate,Chest,Strength,Body Only
Good,Isometric Chest Squeezes,None,Beginner,Chest,Plyometrics,Body Only
Good,Side-to-side push-up,The side-to-side push-up is a variation of the push-up exercise where you side-step the opposite hand and foot and perform a push-up.,Beginner,Chest,Strength,Body Only
Bad,Typewriter push-up,The typewriter push-up is an advanced push-up variation where the hands are extra wide and you lower toward each hand in alternating reps. It is more challenging to each working arm than traditional push-ups and also stretches and challenges the chest.,Beginner,Chest,Strength,Body Only
Bad,Diamond push-up,"The diamond push-up is an advanced variation of the push-up exercise performed with the hands in a diamond shape. It increases the challenge to the triceps, but also targets the chest and shoulders.",Intermediate,Chest,Strength,Body Only
Bad,Judo push-up,"The judo push-up is an advanced push-up variation that blends elements of the yoga poses downward- and upward-facing dog. This movement increases the demands on the shoulders, but also has mobility benefits. It can work in a dynamic warm-up or mobility-focused workout, but also in bodyweight strength training.",Beginner,Chest,Strength,Body Only
Bad,Superman Push-Up,None,Beginner,Chest,Plyometrics,Body Only
Bad,Wide push-up,"The wide push-up is a variation of the push-up with the hands wider than shoulder-width apart. It targets upper-body muscle groups including the chest, shoulders, and triceps, but has more of a chest emphasis than narrower-grip push-up variations. If wide push-ups lead to pain in the front of your shoulder, opt for a narrower version.",Beginner,Chest,Strength,Body Only
Bad,One-Arm Push-Up,None,Beginner,Chest,Strength,Body Only
Bad,Clapping Push-Up,"Also known as a plyo push-up, the clapping push-up is a bodyweight exercise aimed at increasing upper-body power and strength. It targets the muscles of the chest, triceps, and shoulders, and can be trained in low reps for power and strength, or higher reps for conditioning.",Beginner,Chest,Plyometrics,Body Only
Bad,Staggered push-up,"The staggered push-up is a variation of the push-up exercise where your hand position is staggered, with one hand forward and one back. It targets the same muscles as a traditional push-up, including the chest, triceps, and shoulders, but is more difficult to the rear arm and core.",Beginner,Chest,Strength,Body Only
Bad,Reverse-grip hands-elevated push-up,"The reverse-grip hands-elevated push-up is a bodyweight exercise performed on a Smith machine or other elevated surface. It targets the chest, triceps, and shoulders. It can work as a regression of floor reverse-grip push-ups, or in a progressive mechanical dropset moving the bar up once you reach failure at a lower height.",Beginner,Chest,Strength,Body Only
Bad,Triple Clap Push-Up,None,Beginner,Chest,Plyometrics,Body Only
Best,Side kick-through push-up,"The side kick-through push-up is a full-body movement that begins in a bear crawl position and ends with a leg kicked out to the side, with a push-up performed between kick-throughs. It is commonly performed for reps or timed bodyweight circuits and animal-style flows, but can also work on its own or as part of a dynamic warm-up or mobility sequence.",Intermediate,Chest,Strength,Body Only
Good,Swimming,None,Intermediate,Chest,Cardio,Body Only
Best,FYR Push-Up,"The push-up is a popular bodyweight exercise that is commonly used in military and tactical physical fitness tests. It’s a classic movement to build upper-body muscle and strength, emphasizing the chest, triceps, and shoulders, but also working the upper back and core.",Intermediate,Chest,Strength,Body Only
Best,Frog push-up,"The frog push-up is an advanced push-up variation that is performed with the legs bent and butt in the air. It heavily targets the triceps and shoulders, but is also quite challenging to the core.",Intermediate,Chest,Strength,Body Only
Best,Wide push-up plank hold,"The wide push-up plank hold is a full-body exercise targeting the core. Because the arms aren't directly under the body, it can be more difficult than traditional push-up planks, especially for the upper back and chest, but also for the core.",Intermediate,Chest,Strength,Body Only
Bad,Close push-up,"The close push-up is an upper-body exercise that targets the chest, triceps, and shoulders. The close hand position places more emphasis on the triceps.",Intermediate,Chest,Strength,Body Only
Bad,Push-Up - Gethin Variation,"The push-up is a popular bodyweight exercise that is commonly used in military and tactical physical fitness tests. It’s a classic movement to build upper-body muscle and strength, emphasizing the chest, triceps, and shoulders, but also working the upper back and core.",Intermediate,Chest,Strength,Body Only
Bad,HM Incline Push-Up On Chair,None,Intermediate,Chest,Strength,Body Only
Best,HM Push-Up,None,Intermediate,Chest,Strength,Body Only
Good,HM Push-Plank,None,Intermediate,Chest,Strength,Body Only
Good,AM Chest Dips,The chest dip is a chest-building exercise in which the lifter hangs between two parallel handles. Leaning the torso slightly forward shifts the emphasis from the triceps to the chest.,Intermediate,Chest,Strength,Body Only
Best,Push-up,"The push-up is a popular bodyweight exercise that is commonly used in military and tactical physical fitness tests. It’s a classic movement to build upper-body muscle and strength, emphasizing the chest, triceps, and shoulders, but also working the upper back and core.",Intermediate,Chest,Strength,Body Only
Best,UP Push-up,"The push-up is a popular bodyweight exercise that is commonly used in military and tactical physical fitness tests. It’s a classic movement to build upper-body muscle and strength, emphasizing the chest, triceps, and shoulders, but also working the upper back and core.",Intermediate,Chest,Strength,Body Only
Bad,UN Push-Up,None,Intermediate,Chest,Strength,Body Only
Good,UNS Foam Roll Pecs,None,Intermediate,Chest,Strength,Body Only
Bad,UN Hands Elevated Push-Up,None,Intermediate,Chest,Strength,Body Only
Good,Holman Seal Drag to Push-Up,None,Intermediate,Chest,Strength,Body Only
Bad,Holman Hand-Elevated Push-Up with Hand Row,None,Intermediate,Chest,Strength,Body Only
Bad,Holman Push-Up,None,Intermediate,Chest,Strength,Body Only
Bad,Holman Slow Hips-Up Chest Press,None,Intermediate,Chest,Strength,Body Only
Best,Holman Jump-Out Push-Up with Hand Hop Back,None,Intermediate,Chest,Strength,Body Only
Bad,Holman Froggy Push-Up to Donkey Kick,None,Intermediate,Chest,Strength,Body Only
Bad,Holman Push-Up to Sit Back,None,Intermediate,Chest,Strength,Body Only
Good,Holman Sit Back Push-Up,None,Intermediate,Chest,Strength,Body Only
Best,Holman Alternating Staggered Push-Up,None,Intermediate,Chest,Strength,Body Only
Bad,Holman Foot-Up Diving Push-Up,None,Intermediate,Chest,Strength,Body Only
Bad,Holman Narrow Push-Up,None,Intermediate,Chest,Strength,Body Only
Bad,Holman Dynamo Push-Up,None,Intermediate,Chest,Strength,Body Only
Best,Holman Jump to Push-Up,None,Intermediate,Chest,Strength,Body Only
Good,Holman Foot-Elevated Push-Up,None,Intermediate,Chest,Strength,Body Only
Best,Holman Feet-Elevated Push-Up,None,Intermediate,Chest,Strength,Body Only
Bad,Total Fitness Plyo Push-Up,"The plyo push-up is a bodyweight exercise aimed at increasing upper-body power and strength. It targets the muscles of the chest, triceps, and shoulders, and can be trained in low reps for power and strength, or higher reps for conditioning.",Intermediate,Chest,Strength,Body Only
Good,Scapular push-up,"The scapular push-up is an upper-body exercise aimed at increasing the stability of the scapulae and mobility in the shoulders. It is often performed as part of a dynamic warm-up before an upper-body workout, or as part of a mobility session.",Intermediate,Chest,Strength,Body Only
Best,King Maker Push-up,"The push-up is a popular bodyweight exercise that is commonly used in military and tactical physical fitness tests. It’s a classic movement to build upper-body muscle and strength, emphasizing the chest, triceps, and shoulders, but also working the upper back and core.",Intermediate,Chest,Strength,Body Only
Bad,Warrior push-up,"The warrior push-up is a series of push-up and plank variations combined into a single sequence. They include a Judo push-up, plank, side plank, mountain climber, diamond push-up, and regular push-up. Done together, they tax the upper-body muscles from different angles and increase time under tension for the entire body.",Intermediate,Chest,Strength,Body Only
Best,Taylor Roll-Over Push-Up,None,Intermediate,Chest,Strength,Body Only
Best,Taylor One-Arm Push-Up Slow Negative,None,Intermediate,Chest,Strength,Body Only
Best,30 Chest Push-Up To Isometric Hold,None,Intermediate,Chest,Strength,Body Only
Good,30 Chest Push-Up,None,Intermediate,Chest,Strength,Body Only
Bad,30 Chest Bench Push-Up,None,Intermediate,Chest,Strength,Body Only
Bad,MetaBurn 3-Phase Push-Up,None,Intermediate,Chest,Strength,Body Only
Bad,MetaBurn Fast Feet To Push-Up,None,Intermediate,Chest,Strength,Body Only
Best,MetaBurn Judo Push-Up To Pike Push-Up,None,Intermediate,Chest,Strength,Body Only
Bad,MetaBurn Pike Push-Up,None,Intermediate,Chest,Strength,Body Only
Good,MetaBurn Push-Up To Frogger,None,Intermediate,Chest,Strength,Body Only
Bad,MetaBurn Push-Up With Hand Side-Step,None,Intermediate,Chest,Strength,Body Only
Bad,MetaBurn Push-Up With Hand-Up Rotation,None,Intermediate,Chest,Strength,Body Only
Bad,MetaBurn Sphinx Push-Up,None,Intermediate,Chest,Strength,Body Only
Best,MetaBurn Spiderman Push-Up,None,Intermediate,Chest,Strength,Body Only
Bad,Roberston Push-up to Down Dog,None,Intermediate,Chest,Strength,Body Only
Best,FYR2 Push-Up-Breakdancer-Shoulder-Tap Complex,None,Intermediate,Chest,Strength,Body Only
Good,ACFT Hand-release push-up,"The hand-release push-up is a variation of the push-up, a popular bodyweight exercise commonly used in military and tactical physical fitness tests. It’s a movement to build upper-body strength and endurance, emphasizing the chest, triceps, and shoulders, but also working the upper back and core. This specific exercise is part of the new Army Combat Fitness Test or ACFT.",Intermediate,Chest,Strength,Body Only
Good,1.5-rep push-up,"The 1.5-rep push-up is a more difficult variation of the push-up, commonly used to train for military and tactical physical fitness tests. It builds upper-body muscle and strength, emphasizing the chest, core, upper back, triceps, and shoulders.",Intermediate,Chest,Strength,Body Only
Best,ACFT Triple-clap push-up,"The triple-clap push-up is an explosive bodyweight exercise aimed at increasing upper-body power and strength. It is an advanced exercise targeting the muscles of the chest, triceps, core, and shoulders.",Intermediate,Chest,Strength,Body Only
Best,ACFT Superman push-up,"The Superman push-up is an explosive bodyweight exercise aimed at increasing upper-body power and strength. It is an advanced exercise targeting the muscles of the chest, triceps, shoulders, and core that involves pressing up off the floor and lifting the hands and feet off the ground simultaneously at the top of the movement.",Intermediate,Chest,Strength,Body Only
Good,Cross-over push-up,The cross-over push-up is a variation of the push-up that adds a degree of difficulty by stepping over a small box or step between repetitions. It can be performed for time or for reps and creates a greater core stabilization challenge by forcing the core muscles to maintain the a neutral spine throughout the movement.,Intermediate,Chest,Strength,Body Only
Best,Leverage Incline Chest Press,None,Beginner,Chest,Strength,Machine
Best,Butterfly,"The machine chest fly is an exercise targeting the chest. The motion is often compared to bear-hugging a tree trunk. In chest workouts, this exercise often follows compound moves such as the bench press.",Intermediate,Chest,Strength,Machine
Best,Leverage Chest Press,The machine chest press is an upper body exercise targeting the pectoral muscles.,Beginner,Chest,Strength,Machine
Good,Decline Smith Press,"The Smith machine decline bench press is a machine-based exercise targeting the chest muscles, particularly the lower pectoral muscles. The Smith machine mimics a barbell but provides more stability. This movement is often performed for moderate to high reps, such as 8-12 reps per set or more, as part of a chest or upper-body workout.",Beginner,Chest,Strength,Machine
Good,Smith machine bench press,"The Smith machine bench press is a machine-based movement targeting the chest. The Smith machine mimics a barbell but provides more stability. This movement can be programmed in low reps for strength or higher reps for muscle and strength endurance. It is often performed for moderate to high reps, such as 8-12 reps per set or more, as part of a chest or upper-body focused workout.",Intermediate,Chest,Strength,Machine
Good,Leverage Decline Chest Press,None,Beginner,Chest,Strength,Machine
Good,Machine chest press,"The machine chest press is a machine-based exercise targeting the chest. It approximates the motion of a bench press but is usually performed facing forward and seated upright. Many machines offer multiple grip options, such as overhand, neutral (palms facing), or underhand. The chest press is often performed for moderate to high reps, such as 8-12 reps per set or more, as part of a pre-exhaust or muscle-building upper-body workout.",Intermediate,Chest,Strength,Machine
Good,Smith Machine Incline Bench Press,"The Smith machine incline bench press is a machine-based movement targeting the chest, particularly the upper chest. The Smith machine mimics a barbell but provides more stability. This movement can be programmed in low reps for strength or higher reps for muscle and strength endurance. It is often performed for moderate to high reps, such as 8-12 reps per set or more, as part of a chest or upper-body focused workout.",Intermediate,Chest,Strength,Machine
Good,Smith Machine Close-Grip Bench Press,"The Smith machine close-grip bench press is a machine-based movement targeting the chest and triceps. The Smith machine mimics a barbell but provides more stability. This movement can be programmed in low reps for strength or higher reps for muscle and strength endurance. It is often performed for moderate to high reps, such as 8-12 reps per set or more, as part of a chest, arms, or upper-body focused workout.",Intermediate,Chest,Strength,Machine
Good,Smith Machine Decline Press,"The Smith machine decline bench press is a machine-based exercise targeting the chest muscles, particularly the lower pectoral muscles. The Smith machine mimics a barbell but provides more stability. This movement is often performed for moderate to high reps, such as 8-12 reps per set or more, as part of a chest or upper-body workout.",Beginner,Chest,Strength,Machine
Bad,Smith machine bench press throw,The Smith machine bench press throw is an exercise that helps develop pushing power that carries over to the traditional bench press. It involves pushing a relatively light weight (such as 30-50 percent of your 1RM) explosively and actually letting go at the top of the rep. It can work as power or speed-style training in a strength or athleticism-focused workout plan.,Beginner,Chest,Strength,Machine
Best,Machine chest fly,"The machine chest fly is a machine-based exercise targeting the chest. It approximates the motion of a dumbbell fly or cable fly, but is usually performed facing forward and seated upright. The motion is often compared to bear-hugging a tree trunk. The chest fly is usually performed for moderate to high reps, such as 8-12 reps per set or more, as part of a pre-exhaust or muscle-building upper-body workout.",Intermediate,Chest,Strength,Machine
Bad,Machine bench press,"The machine bench press is a machine-based exercise targeting the chest and upper body. It approximates the motion of a bench press, but uses a selectorized weight-stack or plate-loaded machine. Many such machines also allow you to choose between different grips and grip widths. Machine-based presses are often done for moderate to high reps, such as 8-12 reps per set or more, as part of the upper-body or chest-focused portion of a workout.",Intermediate,Chest,Strength,Machine
Best,Machine Seated Chest Press - Gethin Variation,The machine chest press is an upper body exercise targeting the pectoral muscles.,Intermediate,Chest,Strength,Machine
Bad,Smith machine weighted push-up,"The Smith machine weighted push-up is a pushing movement performed with a plate resting on the back or shoulders. It is performed most safely with a foot or so of space at the bottom to minimize the risk of getting ""pinned"" under the bar. It targets all the same muscles as a push-up, including the chest, triceps, and shoulders.",Intermediate,Chest,Strength,Machine
Bad,Smith machine incline bench press-,"The Smith machine incline bench press is a machine-based movement targeting the chest, particularly the upper chest. The Smith machine mimics a barbell but provides more stability. This movement can be programmed in low reps for strength or higher reps for muscle and strength endurance. It is often performed for moderate to high reps, such as 8-12 reps per set or more, as part of a chest or upper-body focused workout.",Intermediate,Chest,Strength,Machine
Best,Smith machine decline bench press,"The Smith machine decline bench press is a machine-based exercise targeting the chest muscles, particularly the lower pectoral muscles. The Smith machine mimics a barbell but provides more stability. This movement is often performed for moderate to high reps, such as 8-12 reps per set or more, as part of a chest or upper-body workout.",Intermediate,Chest,Strength,Machine
Bad,AM Pec Dec,"The pec deck is a machine-based exercise targeting the chest. It approximates the motion of a dumbbell fly or cable fly, but is usually performed facing forward and seated upright. The motion is often compared to bear-hugging a tree trunk. The chest fly is usually performed for moderate to high reps, such as 8-12 reps per set or more, as part of a pre-exhaust or muscle-building upper-body workout.",Intermediate,Chest,Strength,Machine
Good,30 Chest Machine Flat Chest Press,None,Intermediate,Chest,Strength,Machine
Good,Smith machine push-up,"The Smith machine push-up is an upper-body exercise targeting the chest, shoulders, and triceps. It is similar in form to bodyweight push-ups, but with the hands on the bar of the Smith machine. This allows you to vary the height to increase or decrease difficulty, or to perform a mechanical dropset by raising the bar after hitting failure at a certain height.",Intermediate,Chest,Strength,Machine
Bad,30 Chest Smith Machine Incline Chest Press,None,Intermediate,Chest,Strength,Machine
Bad,30 Chest Smith Machine Chest Press,None,Intermediate,Chest,Strength,Machine
Good,30 Chest Machine Incline Chest Press,None,Intermediate,Chest,Strength,Machine
Good,30 Chest Machine Fly,None,Intermediate,Chest,Strength,Machine
Good,30 Chest 30-Degree Incline Smith Machine Press,None,Intermediate,Chest,Strength,Machine
Best,Low-cable cross-over,"The low-cable cross-over is an isolation movement that uses a cable stack to target the upper portion of the pectoral muscles. It is common in upper-body and chest-focused muscle-building workouts, often in combination with presses or flyes from other angles to target all portions of the chest.",Intermediate,Chest,Strength,Cable
Best,Incline cable chest fly,"The incline cable chest fly is an isolation movement that uses a cable stack and an incline bench to target the upper portion of the pectoral muscles. It is common in upper-body and chest-focused muscle-building workouts, often after pressing movements like the barbell or dumbbell bench press or as a finishing movement at the end of the workout. It is often used in combination with other flyes to target the chest from different angles.",Intermediate,Chest,Strength,Cable
Best,Cable Crossover,"The cable cross-over is an isolation movement that uses a cable stack to build bigger and stronger pectoral muscles. Since it's done using adjustable pulleys, you can target different parts of your chest by setting the pulleys at different levels. It is common in upper body and chest-focused muscle-building workouts, often as a pre-exhaust at the beginning of a workout, or a finishing movement at the end. It is often in combination with other presses or flyes to target the chest from different angles.",Intermediate,Chest,Strength,Cable
Best,Incline cable chest press,"The incline cable chest press is a pressing movement that uses a cable stack and an incline bench to target the upper portion of the pectoral muscles, similar to an incline dumbbell press. It is common in upper-body and chest-focused muscle-building workouts, where it can be effective as a primary movement in classic hypertrophy rep ranges, as a pre-exhaust, or as a high-rep finisher. It is often used in combination with other presses or flyes to target the chest from different angles.",Beginner,Chest,Strength,Cable
Best,Cable Chest Press,None,Beginner,Chest,Strength,Cable
Best,Single-arm cable cross-over,"The single-arm cable cross-over is an isolation movement that uses a cable stack to build bigger and stronger pectoral muscles. Working the chest one side at a time allows you to focus on the balance between the sides of your chest and really feel the chest muscles contracting. It is common in upper-body and chest-focused muscle-building workouts, often in combination with other presses or flyes to target the chest from different angles.",Intermediate,Chest,Strength,Cable
Good,Cable cross-over,"The cable cross-over is an isolation movement that uses a cable stack to build bigger and stronger pectoral muscles. Since it's done using adjustable pulleys, you can target different parts of your chest by setting the pulleys at different levels. It is common in upper-body and chest-focused muscle-building workouts, often as a pre-exhaust at the beginning of a workout or a finishing movement at the end. It is often used in combination with other presses or flyes to target the chest from different angles.",Beginner,Chest,Strength,Cable
Good,Standing Cable Chest Press,None,Beginner,Chest,Strength,Cable
Good,Lying cable chest fly,"The lying cable chest fly is an isolation movement that uses a cable stack and a flat bench to build bigger and stronger pectoral muscles. It is common in upper-body and chest-focused muscle-building workouts, often as a pre-exhaust at the beginning of a workout or as a finishing movement at the end. It is often used in combination with other presses or flyes to target the chest from different angles.",Intermediate,Chest,Strength,Cable
Bad,Paul Carter Cable Cross-Over,"The cable cross-over is an isolation movement that uses a cable stack to build bigger and stronger pectoral muscles. Since it's done using adjustable pulleys, you can target different parts of your chest by setting the pulleys at different levels. It is common in upper body and chest-focused muscle-building workouts, often as a pre-exhaust at the beginning of a workout, or a finishing movement at the end. It is often in combination with other presses or flyes to target the chest from different angles.",Intermediate,Chest,Strength,Cable
Good,One-Arm Cable Crossover - Gethin Variation,"The single-arm cable cross-over is an isolation movement that uses a cable stack to build bigger and stronger pectoral muscles. Working the chest one side at a time allows you to focus on balance between sides of your chest, and really feel the chest muscles contracting. It is common in upper body and chest-focused muscle-building workouts, often in combination with other presses or flyes to target the chest from different angles.",Intermediate,Chest,Strength,Cable
Good,Incline Cable Fly - Gethin Variation,"The incline cable chest fly is an isolation movement that uses a cable stack and an incline bench to target the upper portion of the pectoral muscles. It is common in upper-body and chest-focused muscle-building workouts, often after pressing movements like the barbell or dumbbell bench press or as a finishing movement at the end of the workout. It is often used in combination with other flyes to target the chest from different angles.",Intermediate,Chest,Strength,Cable
Bad,Cable Cross-Over - Gethin Variation,"The cable cross-over is an isolation movement that uses a cable stack to build bigger and stronger pectoral muscles. Since it's done using adjustable pulleys, you can target different parts of your chest by setting the pulleys at different levels. It is common in upper body and chest-focused muscle-building workouts, often as a pre-exhaust at the beginning of a workout, or a finishing movement at the end. It is often in combination with other presses or flyes to target the chest from different angles.",Intermediate,Chest,Strength,Cable
Best,Seated cable chest fly,"The seated cable chest fly is an isolation movement that uses a cable stack and an upright bench to target the pectoral muscles. Being able to brace against a seat can help you stabilize your torso and focus on isolating the pecs, feeling them stretch and contract. It is usually used in combination with other presses or flyes to target the chest from different angles.",Intermediate,Chest,Strength,Cable
Bad,Single-arm incline cable cross-over-,"The single-arm incline cable cross-over is an isolation movement that uses a cable stack and a bench to target the upper part of the pectoral muscles. Working the chest one side at a time allows you to focus on balance between the sides of your chest and really feel the chest muscles contracting. It is common in upper-body and chest-focused muscle-building workouts, often in combination with other presses or flyes to target the chest from different angles.",Intermediate,Chest,Strength,Cable
Good,High-to-low cable chest fly,"The high-to-low cable chest fly is an isolation movement that uses a cable stack to target the lower portion of the pectoral muscles. It is common in upper-body and chest-focused muscle-building workouts, often after pressing movements like the barbell or dumbbell bench press or as a finishing movement at the end of the workout. It is often used in combination with other flyes to target the chest from different angles.",Intermediate,Chest,Strength,Cable
Good,UP Cable Cross-Over,"The cable cross-over is an isolation movement that uses a cable stack to build bigger and stronger pectoral muscles. Since it's done using adjustable pulleys, you can target different parts of your chest by setting the pulleys at different levels. It is common in upper body and chest-focused muscle-building workouts, often as a pre-exhaust at the beginning of a workout, or a finishing movement at the end. It is often in combination with other presses or flyes to target the chest from different angles.",Intermediate,Chest,Strength,Cable
Bad,UP Cable Fly,None,Intermediate,Chest,Strength,Cable
Good,30 Chest Low-To-High Cable Fly,None,Intermediate,Chest,Strength,Cable
Bad,30 Chest Incline Cable Fly,None,Intermediate,Chest,Strength,Cable
Good,30 Chest Incline Cable Chest Press,None,Intermediate,Chest,Strength,Cable
Good,30 Chest High-To-Low Cable Press,None,Intermediate,Chest,Strength,Cable
Best,30 Chest High-To-Low Cable Fly,None,Intermediate,Chest,Strength,Cable
Best,30 Chest Shoulder-Height Cable Fly,None,Intermediate,Chest,Strength,Cable
Bad,Cable Pec Fly,None,Intermediate,Chest,Strength,Cable
Good,Chest Push (multiple response),None,Beginner,Chest,Plyometrics,Medicine Ball
Good,Medicine Ball Chest Pass,"The medicine ball pass is a simple partner-based exercise that involves throwing a weighted ball back-and-forth. It can be part of a dynamic warm-up for lifting or athletics, but can also work as active rest or as a component of circuit training.",Intermediate,Chest,Plyometrics,Medicine Ball
Bad,Medicine ball sprawl to chest press,"The medicine ball sprawl to chest press is a sequence of athletic movements using a medicine ball or other small weight. It involves performing a sprawl with the hands on the ball, followed by a standing chest press holding the ball. It is challenging to the cardiovascular system, but also the muscles of the core, shoulders, and upper back. It can be performed for reps or for time, usually in dedicated ab training or as part of a medicine ball and bodyweight circuit workout.",Intermediate,Chest,Strength,Medicine Ball
Bad,Medicine ball push-up,"The medicine ball push-up is a simple way to make a classic bodyweight exercise more difficult. It targets all the same muscles as the push-up: chest, triceps, shoulders, upper back, and core. The addition of the medicine ball adds a degree of difficulty and can increase chest and triceps activation.",Intermediate,Chest,Strength,Medicine Ball
Bad,Chest Push (single response),None,Beginner,Chest,Plyometrics,Medicine Ball
Bad,Chest Push with Run Release,None,Beginner,Chest,Plyometrics,Medicine Ball
Bad,Chest Push from 3 point stance,None,Beginner,Chest,Plyometrics,Medicine Ball
Best,Dumbbell Bench Press,"The dumbbell bench press is a mainstay of workout enthusiasts worldwide. It’s a classic move for building a bigger, stronger chest. As such, it’s often placed first in mass-building chest workouts.",Intermediate,Chest,Strength,Dumbbell
Best,Dumbbell Flyes,"The dumbbell chest fly is a popular exercise that targets the pectoral or chest muscles. It attempts to isolate the chest muscles, stretching and contracting them while limiting involvement of the shoulders. Unlike a press, where the elbows bend and flex, flyes should keep a relatively consistent elbow angle. The motion is sometimes compared to ""hugging a tree."" Dumbbell flyes are usually performed for moderate to high reps, such as 8-12 reps per set or more, as part of a chest or upper-body focused workout.",Intermediate,Chest,Strength,Dumbbell
Best,Incline dumbbell bench press,"The incline dumbbell bench press is a popular upper-body exercise targeting the upper pectoral muscles. While it can be a strength-focused movement, it is usually performed for moderate to high reps, such as 8-12 reps per set or more, as part of upper-body or chest-focused training.",Intermediate,Chest,Strength,Dumbbell
Best,Decline Dumbbell Flyes,"The decline dumbbell chest fly is an upper body isolation exercise targeting the lower chest. It will require less weight than a decline press, which makes it a great hypertrophy exercise with high reps.",Intermediate,Chest,Strength,Dumbbell
Best,Reverse-grip incline dumbbell bench press,"The reverse-grip incline dumbbell bench press is an upper-body exercise targeting the pectoral muscles. Pressing with a reverse grip targets the upper chest in particular, especially when performed on an incline. This press variation is usually performed for moderate to high reps, such as 8-12 reps per set or more, as part of upper-body or chest-focused training.",Beginner,Chest,Strength,Dumbbell
Best,Incline Dumbbell Flyes,"The incline dumbbell chest fly is an upper body isolation exercise targeting the upper chest and is typically used with aesthetic goals in mind. It will require less weight than an incline press, which makes it a great hypertrophy exercise with high reps.",Intermediate,Chest,Strength,Dumbbell
Best,Neutral-grip dumbbell bench press,"The neutral-grip dumbbell bench press is a variation on a classic chest-building exercise where the palms face each other instead of forward. This shift puts the elbows closer to the sides, placing more emphasis on the triceps, and perhaps also the inner chest. The neutral-grip press can be performed in lower reps for strength or higher reps for muscle growth.",Intermediate,Chest,Strength,Dumbbell
Best,Decline dumbbell bench press,"The decline dumbbell bench press is a popular upper-body exercise targeting the lower pectoral muscles. While it can be a strength-focused movement, it is usually performed for moderate to high reps, such as 8-12 reps per set or more, as part of upper-body or chest-focused training.",Intermediate,Chest,Strength,Dumbbell
Best,Single-arm kettlebell row,"The single-arm kettlebell row is a popular muscle- and strength-building exercise that works the muscles of the back and core simultaneously. It has all the same benefits as a single-arm dumbbell row, but some people find a kettlebell more comfortable to hold during the movement.",Intermediate,Chest,Strength,Dumbbell
Best,Hammer Grip Incline DB Bench Press,None,Beginner,Chest,Strength,Dumbbell
Good,Straight-arm dumbbell pull-over,"The straight-arm dumbbell pull-over is an exercise that targets the muscles of the pecs, lats, and serratus anterior muscles. Performing this movement with straight arms makes it more difficult, increases the stretch on the serratus muscles and lats, and forces the core to work harder. Old-school bodybuilders would perform pull-overs with light weights for sets of 20 between sets of heavy 20-rep squats, but they are more popular today in moderate rep ranges, such as 8-12 reps per set, as part of an upper-body workout.",Intermediate,Chest,Strength,Dumbbell
Good,Incline Dumbbell Bench With Palms Facing In,None,Beginner,Chest,Strength,Dumbbell
Good,Incline Dumbbell Flyes - With A Twist,None,Beginner,Chest,Strength,Dumbbell
Good,Bent-arm dumbbell pull-over,"The bent-arm dumbbell pull-over was a staple exercise of the ""Golden Era"" of bodybuilding and a favorite of Arnold Schwarzenegger himself. Done properly, the exercise targets the pecs, lats, and serratus anterior muscles. Old-school bodybuilders would perform them with light weights for sets of 20 between sets of heavy 20-rep squats, but pull-overs are more popular today in moderate rep ranges, such as 8-12 reps per set, as part of an upper-body workout.",Intermediate,Chest,Strength,Dumbbell
Good,Close-grip dumbbell bench press,"The close-grip dumbbell bench press is a popular variation of the dumbbell bench press in which the dumbbells are held closer than shoulder width. This places more emphasis on the triceps, and perhaps also the inner chest. The close-grip dumbbell bench press can be performed in lower reps for strength or higher reps for muscle growth.",Intermediate,Chest,Strength,Dumbbell
Good,Single-dumbbell push-up,"The single-dumbbell push-up is a more difficult push-up variation where you balance your hands on the ends of a dumbbell. This simple change makes many muscle groups work harder, helping encourage muscle and strength gains across the upper body.",Intermediate,Chest,Strength,Dumbbell
Good,One-Arm Flat Bench Dumbbell Flye,None,Beginner,Chest,Strength,Dumbbell
Best,Dumbbell Fix Dumbbell Floor Chest Fly,None,Intermediate,Chest,Strength,Dumbbell
Best,Dumbbell Fix Traveling Push-Up,None,Intermediate,Chest,Strength,Dumbbell
Good,Incline dumbbell chest fly,"The incline dumbbell chest fly is an upper-body exercise targeting the chest. Performing it at an incline helps to target the upper chest in particular, while limiting involvement of the shoulders. Fly variations are usually performed for moderate to high reps, such as 8-12 reps per set or more.",Intermediate,Chest,Strength,Dumbbell
Good,Paul Carter Dumbbell Shrug,"The standing dumbbell shrug is a popular movement to build and strengthen the trapezius muscles. It’s a often trained on a bodybuilding-style shoulder or back training day, but can also work well in full-body or strength-focused training.",Intermediate,Chest,Strength,Dumbbell
Bad,Dumbbell push-up row,"The dumbbell push-up row combines pressing, rowing, and core stabilization into a single sequence. It's popular in time-efficient strength and muscle-building workouts.",Intermediate,Chest,Strength,Dumbbell
Good,TBS Dumbbell Incline Press,The incline dumbbell bench press is an upper body exercise targeting the upper pectoral muscles.,Intermediate,Chest,Strength,Dumbbell
Best,Incline Dumbbell Fly - Gethin Variation,"The incline dumbbell chest fly is an upper body isolation exercise targeting the upper chest and is typically used with aesthetic goals in mind. It will require less weight than an incline press, which makes it a great hypertrophy exercise with high reps.",Intermediate,Chest,Strength,Dumbbell
Good,Dumbbell bench press-,"The dumbbell bench press is a mainstay of lifters worldwide. It's a classic move for building a bigger, stronger chest and triceps. It's often placed first in mass-building chest workouts, but can also be utilized as an accessory movement for the barbell bench press in strength training. It can be performed in lower strength-focused rep ranges, or for higher reps to build muscle.",Intermediate,Chest,Strength,Dumbbell
Good,Decline dumbbell fly and press,"The decline dumbbell fly and press is a dumbbell complex that targets the chest muscles, particularly the lower pecs. By alternating the single-joint fly with the multijoint press, you get the benefits of both and put serious stress on the chest muscles even with relatively light weight. Because the fly will be the limiting factor in weight selection, this pairing is usually performed for moderate to high reps, such as 8-12 reps per set or more, as part of upper-body or chest-focused training.",Intermediate,Chest,Strength,Dumbbell
Good,Incline dumbbell fly and press,"The incline dumbbell fly and press is a dumbbell complex that targets the chest muscles, particularly the upper pecs. By alternating the single-joint fly with the multijoint press, you get the benefits of both and put serious stress on the chest muscles even with relatively light weight. Because the fly will be the limiting factor in weight selection, this pairing is usually performed for moderate to high reps, such as 8-12 reps per set or more, as part of upper-body or chest-focused training.",Intermediate,Chest,Strength,Dumbbell
Bad,Single-arm decline dumbbell bench press,"The single-arm decline dumbbell bench press is an upper-body exercise targeting the pectoral muscles, particularly the lower pecs. Because balance can be an issue, this press variation is usually performed with lighter weight for moderate to high reps, such as 8-12 reps per set or more, as part of upper-body or chest-focused training.",Intermediate,Chest,Strength,Dumbbell
Best,Single-arm incline dumbbell bench press,"The single-arm incline dumbbell bench press is an upper-body exercise targeting the pectoral muscles. Because balance can be an issue, this press variation is usually performed with lighter weight for moderate to high reps, such as 8-12 reps per set or more, as part of upper-body or chest-focused training.",Intermediate,Chest,Strength,Dumbbell
Bad,Incline Dumbbell Press - Gethin Variation,The incline dumbbell bench press is an upper body exercise targeting the upper pectoral muscles.,Intermediate,Chest,Strength,Dumbbell
Bad,Dumbbell Chest Press - Gethin Variation,"The dumbbell bench press is a mainstay of workout enthusiasts worldwide. It’s a classic move for building a bigger, stronger chest. As such, it’s often placed first in mass-building chest workouts.",Intermediate,Chest,Strength,Dumbbell
Bad,Dumbbell Floor Press - Gethin Variation,"The dumbbell floor press limits the range of motion you would achieve with a regular dumbbell bench press, but still targets the chest, triceps, and anterior delts. This allows you to build strength in the top portion of the lift and work on strengthening the shoulder stabilizers.",Intermediate,Chest,Strength,Dumbbell
Best,Decline Dumbbell Press - Gethin Variation,The decline dumbbell bench press is an upper body isolation exercise targeting the lower chest. Utilizing dumbbells instead of a barbell increases the difficulty of stabilizing the weight.,Intermediate,Chest,Strength,Dumbbell
Good,Dumbbell chest fly,"The dumbbell chest fly is a popular exercise that targets the pectoral or chest muscles. It attempts to isolate the chest muscles, stretching and contracting them while limiting involvement of the shoulders. Unlike a press, where the elbows bend and flex, flyes should keep a relatively consistent elbow angle. The motion is sometimes compared to ""hugging a tree."" Dumbbell flyes are usually performed for moderate to high reps, such as 8-12 reps per set or more, as part of a chest or upper-body focused workout.",Intermediate,Chest,Strength,Dumbbell
Best,Machine rear delt fly,"The machine rear delt fly is an exercise targeting the rear head of the shoulder muscle or deltoids, as well as the muscles of the upper back. It's sort of the reverse of the machine chest fly, and is sometimes performed on the same machine, but facing the opposite direction. Because it targets such small muscles, this exercise is usually performed with light weight for high reps, such as 10-15 reps per set or more.",Intermediate,Chest,Strength,Dumbbell
Bad,AM Dumbbell Bench Press,"The dumbbell bench press is a mainstay of workout enthusiasts worldwide. It’s a classic move for building a bigger, stronger chest. As such, it’s often placed first in mass-building chest workouts.",Intermediate,Chest,Strength,Dumbbell
Bad,UP Incline Dumbbell Press,The incline dumbbell bench press is an upper body exercise targeting the upper pectoral muscles.,Intermediate,Chest,Strength,Dumbbell
Best,UP Incline Dumbbell Fly,"The incline dumbbell chest fly is an upper body isolation exercise targeting the upper chest and is typically used with aesthetic goals in mind. It will require less weight than an incline press, which makes it a great hypertrophy exercise with high reps.",Intermediate,Chest,Strength,Dumbbell
Bad,Holman Push-Up to Belly Touch,None,Intermediate,Chest,Strength,Dumbbell
Bad,Single-arm dumbbell floor press,"The single-arm dumbbell floor press is a multijoint pressing exercise performed lying on the floor, either with the knees bent or straight. It has less range of motion than a regular dumbbell bench press, but still targets the chest, triceps, and anterior delts. By performing it with one arm, you can strengthen weakness on certain sides or simply use it as a way to challenge the core more during this exercise.",Intermediate,Chest,Strength,Dumbbell
Best,Total Fitness Weighted Push-Up,"The plate-weighted push-up is a simple way to make a classic bodyweight exercise more difficult. It targets all the same muscles as the push-up: chest, triceps, shoulders, upper back, and core. You can balance a plate on your upper back yourself, but it's easier and safer to have someone else put it there. If you stack a few plates up, be sure to have a spotter close at hand.",Intermediate,Chest,Strength,Dumbbell
Good,King Maker Standing Dumbbell Shoulder Press,The standing dumbbell shoulder press is a classic deltoid-builder (especially the front deltoids) that’s ubiquitous in gyms around the world. Performing the move standing up as opposed to seated allows for more weight to be used.,Intermediate,Chest,Strength,Dumbbell
Bad,30 Chest Incline Dumbbell Fly,None,Intermediate,Chest,Strength,Dumbbell
Good,30 Chest Incline Dumbbell Bench Press,None,Intermediate,Chest,Strength,Dumbbell
Good,30 Chest Dumbbells-Together Press,None,Intermediate,Chest,Strength,Dumbbell
Best,30 Chest Dumbbells-Together Incline Bench Press,None,Intermediate,Chest,Strength,Dumbbell
Bad,30 Chest Dumbbell Fly,None,Intermediate,Chest,Strength,Dumbbell
Best,30 Chest Dumbbell Bench Press,None,Intermediate,Chest,Strength,Dumbbell
Good,30 Chest 30-Degree Incline Dumbbell Fly,None,Intermediate,Chest,Strength,Dumbbell
Best,FYR2 Single-Dumbbell Push-Up,None,Intermediate,Chest,Strength,Dumbbell
Best,Bodyweight Flyes,"The double-bar roll-out chest fly is a chest exercise that utilizes two rotating barbells as ""handles"" for a chest fly. It targets the muscles of the chest, but is also an intense core workout. It's a tough movement that is usually performed in the chest-focused portion of a workout.",Beginner,Chest,Strength,E-Z Curl Bar
Best,Close-grip EZ-bar bench press,"The close-grip EZ-bar bench press is an exercise targeting the chest, shoulders, and triceps. This move is more commonly done with a straight bar and is often only performed with an EZ-bar as part of a complex of movements such as pull-overs or skullcrushers.",Intermediate,Chest,Strength,E-Z Curl Bar
Best,Chest dip,"The chest dip is a bodyweight exercise performed on parallel bars or on a pull-up and dip station. It targets the chest, triceps, and shoulders. Dips with a chest focus are usually performed with the torso leaning forward and the elbows angled out from the torso. Dips can be performed for low reps for strength or higher reps for muscle growth.",Intermediate,Chest,Strength,Other
Best,Drop Push,None,Beginner,Chest,Plyometrics,Other
Good,Forward Drag with Press,None,Beginner,Chest,Strongman,Other
Bad,Chain Press,None,Beginner,Chest,Powerlifting,Other
Bad,Behind Head Chest Stretch,None,Beginner,Chest,Stretching,Other
Bad,Pass-through stretch with band,The pass-through stretch with band is a popular move to build and maintain mobility in the shoulder joint and to strengthen the muscles of the upper back and rotator cuff. It is common in CrossFit and Olympic lifting training and is usually performed as part of a warm-up or paired with movements in a workout. It can also be performed with a PVC pipe or dowel if a band isn't available.,Beginner,Chest,Stretching,Other
Bad,Weighted Push-Up,"The plate-weighted push-up is a simple way to make a classic bodyweight exercise more difficult. It targets all the same muscles as the push-up: chest, triceps, shoulders, upper back, and core. You can balance a plate on your upper back yourself, but it's easier and safer to have someone else put it there. If you stack a few plates up, be sure to have a spotter close at hand.",Intermediate,Chest,Strength,Other
Bad,Heavy Bag Thrust,None,Beginner,Chest,Plyometrics,Other
Bad,Decline Explosive Push-Up,None,Beginner,Chest,Plyometrics,Other
Bad,Suspended Chest Fly,None,Beginner,Chest,Strength,Other
Bad,Svend press,The Svend press is an exercise where the chest is targeted by performing presses while squeezing two weight plates together. It is usually performed for relatively high reps with light weights as an accessory movement to the bench press or as a burnout movement on chest day.,Beginner,Chest,Strength,Other
Bad,Bar Push-Up Smith Machine,"The hands-elevated push-up is a variation on the push-up, a body-weight standard. The hands are elevated, so that your body is aligned at an angle to the floor rather than parallel.",Beginner,Chest,Plyometrics,Other
Best,Plate-weighted push-up,"The plate-weighted push-up is a simple way to make a classic bodyweight exercise more difficult. It targets all the same muscles as the push-up: chest, triceps, shoulders, upper back, and core. You can balance a plate on your upper back yourself, but it's easier and safer to have someone else put it there. If you stack a few plates up, be sure to have a spotter close at hand.",Intermediate,Chest,Strength,Other
Bad,Double-bar roll-out chest fly,"The double-bar roll-out chest fly is a chest exercise that utilizes two rotating barbells as ""handles"" for a chest fly. It targets the muscles of the chest, but is also an intense core workout. It's a tough movement that is usually performed in the chest-focused portion of a workout.",Intermediate,Chest,Strength,Other
Best,Holman Plate Dynamo Push-Up,None,Intermediate,Chest,Strength,Other
Good,Holman Towel Drag Two Steps to Push-Up,None,Intermediate,Chest,Strength,Other
Good,Taylor Val Slide Push-Up/Fly Combo,None,Intermediate,Chest,Strength,Other
Bad,Exercise ball chest stretch,"The exercise ball chest stretch is a simple stretch for the pectoral muscles that can be made more dynamic with help from a medicine ball. It can work in a dynamic warm-up, paired with movements in a workout, or as part of a cool-down or recovery strategy. If the stretch causes pain in the front of your shoulder, dial back the intensity or choose another chest stretch.",Beginner,Chest,Stretching,Exercise Ball
Bad,Bosu Ball Push-Up,None,Beginner,Chest,Strength,Exercise Ball
Best,Feet-elevated push-up on ball,"The feet-elevated push-up on ball is a variation on the push-up, a bodyweight standard. The feet are elevated on a ball to align the body parallel to the floor and provide a greater stabilization challenge. This makes it more difficult than push-ups on the floor, but also puts more emphasis on the shoulder muscles. It can be a challenging non-gym substitute for incline presses, or as a burnout movement for a chest or shoulder workout.",Intermediate,Chest,Strength,Exercise Ball
Bad,Standing alternating band speed row,"The standing alternating band speed row is an explosive back exercise using exercise bands. It targets the muscles of the middle and upper back, including the lats (latissimus dorsi), rhomboids, and trapezius, as well as the biceps. It can be performed for time or reps either as part of a power or speed-focused portion of a workout or as a burnout at the end of a workout.",Intermediate,Forearms,Strength,Bands
Bad,Band roundhouse elbow,"The band roundhouse elbow is an explosive rotational power exercise using exercise bands. It targets the muscles of the obliques and deep core, but also engrains full-body coordination and striking ability. It can work in an ab workout, in martial arts training, or in general strength and muscle training.",Intermediate,Forearms,Strength,Bands
Best,Palms-down wrist curl over bench,"The palms-down wrist curl over bench is an exercise targeting the forearms. It is usually performed for high reps, such as 10-15 reps per set or more, as part of a grip or arm-focused workout.",Intermediate,Forearms,Strength,Barbell
Best,Palms-up wrist curl over bench,"The palms-up wrist curl over bench is an exercise targeting the forearms. It is usually performed for high reps, such as 10-15 reps per set or more, as part of a grip or arm-focused workout.",Intermediate,Forearms,Strength,Barbell
Best,Standing behind-the-back wrist curl,"The standing behind-the-back wrist curl is a popular exercise to target the muscles in the forearms, wrists, and fingers. It is generally performed for moderate to high reps, such as 8-15 reps per set, and can work as isolated forearm training or as part of an arms-focused workout.",Beginner,Forearms,Strength,Barbell
Best,Seated finger curl,"The seated finger curl is an exercise targeting the muscles of the hands and forearms. It is popular with rock climbers and other athletes looking to build forearm size and strength. The range of motion is tiny, but done for moderate to high reps, these will definitely make the forearms burn.",Beginner,Forearms,Strength,Barbell
Best,Seated palms-up wrist curl,"The seated palms-up wrist curl is an exercise targeting the forearms. It is usually performed for high reps, such as 10-15 reps per set or more, as part of a grip or arm-focused workout.",Intermediate,Forearms,Strength,Barbell
Good,Bottoms-Up Clean From The Hang Position,None,Beginner,Forearms,Strength,Kettlebells
Best,Seated One-Arm Dumbbell Palms-Up Wrist Curl,None,Beginner,Forearms,Strength,Dumbbell
Best,Palms-Up Dumbbell Wrist Curl Over A Bench,None,Beginner,Forearms,Strength,Dumbbell
Good,Seated palms-down wrist curl,"The seated palms-down wrist curl is an exercise targeting the forearms. It is usually performed for high reps, such as 10-15 reps per set or more, as part of a grip or arm-focused workout.",Beginner,Forearms,Strength,Dumbbell
Good,Palms-Down Dumbbell Wrist Curl Over A Bench,None,Beginner,Forearms,Strength,Dumbbell
Good,Seated One-Arm Dumbbell Palms-Down Wrist Curl,None,Beginner,Forearms,Strength,Dumbbell
Good,Seated Dumbbell Palms-Up Wrist Curl,None,Beginner,Forearms,Strength,Dumbbell
Bad,Partner farmer's walk,"The partner farmer's walk is a protocol for performing farmer's carries with dumbbells or other weights. One partner walks for a predetermined distance or time, then passes the weight to the other partner who walks for the same distance or time.",Beginner,Forearms,Strength,Dumbbell
Bad,Dumbbell suitcase carry,"The dumbbell suitcase carry is similar to a dumbbell farmer's carry, but only uses one dumbbell rather than two. This simple change provides a significant challenge to the abdominal muscles. It can be a challenging finisher to any workout, or work well in fat-loss circuit training or as an accessory movement to heavy lifts like the deadlift.",Intermediate,Forearms,Strength,Dumbbell
Bad,Suitcase Dumbbell Carry,"The dumbbell suitcase carry is similar to a dumbbell farmer’s carry, but only uses one dumbbell rather than two. This simple change provides a significant challenge to the abdominal muscles. It can be a challenging finisher to any workout, or work well in fat-loss circuit training or as an accessory movement to heavy lifts like the deadlift.",Intermediate,Forearms,Strength,Dumbbell
Good,Side plank with dumbbell external rotation,"The side plank with dumbbell external rotation is a movement that combines an isometric side plank hold with a dumbbell rotation to target both the core and the rotator cuff muscles. You probably won't be able to use much weight without disrupting your balance, but even at light weight, this is a movement that can help address multiple muscle groups in a dynamic warm-up or as accessory work at the end of a workout.",Intermediate,Forearms,Strength,Dumbbell
Best,Rickshaw Carry,None,Beginner,Forearms,Strongman,Other
Best,Dumbbell farmer's walk,"The dumbbell farmer's walk is an exercise with roots in competitive strongman training, but which is also popular in CrossFit and functional training. It can be a challenging finisher to any workout, or work well in fat-loss circuit training or as an accessory movement to heavy lifts like the deadlift.",Intermediate,Forearms,Strongman,Other
Best,Wrist Roller,None,Beginner,Forearms,Strength,Other
Best,Standing Olympic Plate Hand Squeeze,None,Beginner,Forearms,Strength,Other
Good,Plate Pinch,None,Beginner,Forearms,Strength,Other
Good,Landmine Press and Catch,"The single-arm linear jammer is an explosive pressing movement performed using an angled barbell anchored at floor level in a landmine device. It can also be performed by sticking a barbell in the corner of a room, preferably in a towel to protect the walls. The linear jammer involves pressing the weight into the air, then catching it with the other hand. The movement focuses primarily on the muscles of the shoulders or deltoids. It can be trained in traditional muscle and strength-focused rep ranges, for lower reps with a focus on explosive pressing power, or for higher reps.",Intermediate,Forearms,Strength,Other
Bad,Plate halo,The plate halo is an exercise targeting the shoulder complex. It's usually performed as part of a dynamic warm-up prior to an upper-body workout.,Intermediate,Forearms,Strength,Other
Bad,Bryant Wrist Curl,None,Intermediate,Forearms,Strength,Other
Best,Seated Two-Arm Palms-Up Low-Pulley Wrist Curl,None,Beginner,Forearms,Strength,Cable
Good,Cable Wrist Curl,None,Beginner,Forearms,Strength,Cable
Best,Single-arm cable push-down,"The single-arm cable push-down is a single-joint isolation movement that develops the triceps muscle one arm at a time. Because the action is purely at the elbow joint, it is difficult to use any substantial weight. Reps are usually high, such as 8-12 reps per set or more, with a focus on strict form and feeling the mind-muscle connection.",Intermediate,Forearms,Strength,Cable
Bad,Wrist Circles,None,Beginner,Forearms,Stretching,Body Only
Bad,Kneeling Forearm Stretch,None,Beginner,Forearms,Stretching,None
Good,Hip Extension with Bands,None,Beginner,Glutes,Strength,Bands
Good,Hip Lift with Band,None,Beginner,Glutes,Powerlifting,Bands
Good,HM Monster Walk,None,Intermediate,Glutes,Strength,Bands
Bad,UNS Banded Glute Bridge,None,Intermediate,Glutes,Strength,Bands
Good,FYR2 Banded Glute Bridge,None,Intermediate,Glutes,Strength,Bands
Good,Piriformis SMR,"Piriformis self-myofascial release (SMR) is a self-administered soft-tissue treatment for the lower body, usually using a foam roller, lacrosse ball, or other ""trigger point"" massage tool. By applying pressure strategically to the piriformis muscles in the upper gluteal region, some people find they can cause this often painful and tight muscle to relax or ""release."" Piriformis SMR is often accompanied by SMR on the iliotibial (IT) band or tensor fascia lata (TFL muscles), or by stretches that target the glutes and hips.",Intermediate,Glutes,Stretching,Foam Roll
Best,Barbell glute bridge,"The barbell glute bridge is a popular exercise targeting the muscles of the glutes and hamstrings. It can be done as a strength movement on its own, as an activation drill or warm-up for lower-body training, or as a burnout at the end of a lower-body workout.",Intermediate,Glutes,Powerlifting,Barbell
Best,Barbell Hip Thrust,"The barbell hip thrust is an exercise that engages the posterior chain, particular the glutes. It involves fully extending your hips while holding a weighted barbell across the midsection.",Intermediate,Glutes,Powerlifting,Barbell
Best,Kneeling Squat,None,Beginner,Glutes,Powerlifting,Barbell
Good,Kneeling Jump Squat,None,Beginner,Glutes,Olympic Weightlifting,Barbell
Best,UN Rear Foot Elevated Split Squat,None,Intermediate,Glutes,Strength,Barbell
Best,Kettlebell thruster,"The kettlebell thruster is a popular kettlebell movement that combines a kettlebell front squat with a kettlebell press, while holding the bell in a goblet or bottoms-up grip. It is preceded by a clean at the start of each set, and you can perform a clean between each rep if you choose. It can be trained in traditional strength or muscle-building rep ranges, in circuit or fat-loss training, or as part of a larger kettlebell combination or complex.",Intermediate,Glutes,Strength,Kettlebells
Good,Taylor Kettlebell Swing,None,Intermediate,Glutes,Strength,Kettlebells
Good,UN Goblet Squat,None,Intermediate,Glutes,Strength,Kettlebells
Bad,Single-arm triceps kick-back,"The single-arm triceps kick-back is a popular movement to increase size and strength of the triceps. It is usually performed for moderate to high reps, at least 8-12 reps, as part of an upper-body or arm-focused workout.",Intermediate,Glutes,Strength,Dumbbell
Best,Holman Lateral High Knees to Quad Touch Jump,None,Intermediate,Glutes,Strength,Dumbbell
Bad,FYR2 Dumbbell Hip Thrust,None,Intermediate,Glutes,Strength,Dumbbell
Best,FYR2 Glute Bridge Dumbbell Floor Press,None,Intermediate,Glutes,Strength,Dumbbell
Bad,Suspended Hip Thrust,None,Beginner,Glutes,Strength,Other
Best,Single-leg cable hip extension,"The single-leg cable hip extension is an isolation exercise that targets the glutes, specifically the gluteus maximus. It is a common burnout movement on a lower-body focused day and is usually performed for moderate to high reps, such as 8-12 reps per set or more.",Intermediate,Glutes,Strength,Cable
Good,Pull Through,None,Beginner,Glutes,Strength,Cable
Best,Cable rope pull-through deadlift,The cable rope pull-through deadlift is an exercise targeting the glutes and hamstrings using a proper hip-hinging motion.,Intermediate,Glutes,Strength,Cable
Good,UNS Cable Pull-Through,None,Intermediate,Glutes,Strength,Cable
Bad,30 Legs Glute-Ham Raise,None,Intermediate,Glutes,Strength,Machine
Best,Glute bridge,"The glute bridge is a popular lower-body bodyweight exercise that primarily targets the glutes, but also activates the lower back and hamstrings. It can be performed with body weight alone, or with added resistance such as barbells, dumbbells, or bands. It can be performed for time or reps and works perfectly in a dynamic warm-up for lower-body training, but can also be performed for glute activation anytime.",Intermediate,Glutes,Strength,Body Only
Best,Single-leg glute bridge,"The single-leg glute bridge is a lower-body exercise that targets the glutes, lower back, and hamstrings. It is performed one side at a time.",Intermediate,Glutes,Strength,Body Only
Best,Step-up with knee raise,"The step-up with knee raise is a lower-body exercise targeting the quads, glutes, and hamstrings. It differs from a traditional step-up in that at the top, you lift the trailing leg up to full hip flexion. This gives the exercise a greater range of motion and more of a focus on powerful hip extension in the working leg. When performed with body weight, these are usually performed for high reps as part of a dynamic warm-up, as cardio acceleration, or as part of the lower-body portion of a workout or circuit.",Intermediate,Glutes,Strength,Body Only
Good,Glute Kickback,None,Beginner,Glutes,Strength,Body Only
Good,Standing hip extension,The standing hip extension is a movement that activates the glutes and hamstrings. It is often performed either for time or reps as part of a dynamic warm-up.,Beginner,Glutes,Strength,Body Only
Bad,Lying glute stretch,"The lying glute stretch is a stretch to help increase flexibility in the glutes and hips. It involves rotating a single leg over the body while lying flat on the back, and reaching around the leg to facilitate a stretch. It is commonly included in dynamic warm-ups or cool-downs, but can also be performed as full-body mobility work anytime.",Intermediate,Glutes,Stretching,Body Only
Bad,Knee Across The Body,None,Intermediate,Glutes,Stretching,Body Only
Bad,Seated Glute,None,Beginner,Glutes,Stretching,Body Only
Bad,Lying Glute,None,Beginner,Glutes,Stretching,Body Only
Bad,One Knee To Chest,None,Intermediate,Glutes,Stretching,Body Only
Bad,Seated Glute Stretch,None,Beginner,Glutes,Stretching,Body Only
Bad,Neck Bridge Supine,None,Beginner,Glutes,Strength,Body Only
Bad,Walking High Knee,None,Intermediate,Glutes,Strength,Body Only
Bad,Walking Butt Kicks,None,Intermediate,Glutes,Strength,Body Only
Bad,Walking Glute Stretch,None,Intermediate,Glutes,Strength,Body Only
Best,Lunge kick,"The lunge kick is a lower-body, cardio-based exercise performed at a high intensity. It includes a kick of the front leg to make the movement more powerful. It can be performed either for time or reps and is a great inclusion in a fat-loss or athleticism-focused circuit workout.",Intermediate,Glutes,Strength,Body Only
Best,Curtsy lunge,"The curtsy lunge is a lower-body bodyweight movement that targets the muscles of the hips and glutes. It is usually performed for moderate to high reps, at least 8-12 reps per leg.",Intermediate,Glutes,Strength,Body Only
Best,Alternating standing glute stretch,"The alternating standing glute stretch focuses on improving lower-body mobility and flexibility, particularly in the hips and glutes. It involves performing a partial squat in a ""figure 4"" position. It can be performed as part of a lower-body warm-up or done post-workout to help combat tightness and soreness.",Intermediate,Glutes,Stretching,Body Only
Bad,Side-lying leg lift,"The side-lying leg lift is a bodyweight exercise targeting the muscles of the hips and glutes. It can be a worthy addition to a dynamic warm-up on a lower-body or strength-focused training day, a component of a lower-body circuit or workout, or a glute activation drill to do anytime. Generally, leg lifts are done for high reps, such as 8-15 reps per leg or more.",Intermediate,Glutes,Strength,Body Only
Best,FYR Progressive High Knee,"High knees is a full-body, cardio-based exercise with an emphasis on the lower body. It is often performed for reps or time as part of a dynamic warm-up.",Intermediate,Glutes,Strength,Body Only
Bad,Glute-Ham Raise - Gethin Variation,The glute ham raise is an exercise targeting the glutes and hamstrings on a GHD.,Intermediate,Glutes,Strength,Body Only
Good,Lunge glute stretch,"The lunge glute stretch is a lower-body stretch targeting the glutes, hips, and piriformis. It is influenced by the pigeon pose from yoga, but is performed with straight arms. It can be part of a dynamic warm-up or mobility work performed anytime.",Intermediate,Glutes,Stretching,Body Only
Best,Natural Glute Ham Raise - Gethin Variation,The glute ham raise is an exercise targeting the glutes and hamstrings on a GHD.,Intermediate,Glutes,Strength,Body Only
Best,Groiner,"The groiner is an explosive bodyweight exercise targeting the legs, shoulders, and core. It also includes a dynamic stretch of the hips. It can be performed for time or reps in any fat-loss or athleticism-focused circuit or workout.",Intermediate,Glutes,Strength,Body Only
Best,HM Alternating Donkey Kick,None,Intermediate,Glutes,Strength,Body Only
Bad,HM Alternating Slow Step-Down With Chair,None,Intermediate,Glutes,Strength,Body Only
Best,HM Right Side Iron Cross,None,Intermediate,Glutes,Strength,Body Only
Bad,HM Single-Leg Bridge,None,Intermediate,Glutes,Strength,Body Only
Bad,HM Hi-Low,None,Intermediate,Glutes,Strength,Body Only
Best,HM Kick-Back,None,Intermediate,Glutes,Strength,Body Only
Bad,HM Left Side Iron Cross,None,Intermediate,Glutes,Strength,Body Only
Best,HM Left Side-Kick,None,Intermediate,Glutes,Strength,Body Only
Good,HM Leg Lifts,None,Intermediate,Glutes,Strength,Body Only
Good,Walking lunge,"The walking lunge is a lower-body exercise that targets the glutes, quads, and hamstrings while challenging stability and balance. It can be performed for reps, time, or distance in the lower-body portion of any workout.",Intermediate,Glutes,Strength,Body Only
Good,High Plyometric Box Jump,None,Intermediate,Glutes,Strength,Body Only
Bad,Barbell hip thrust-,"The barbell hip thrust is a popular exercise that targets the posterior chain, particularly the glutes and hamstrings. It involves fully extending your hips while holding a weighted barbell across the front of the hips. It is a great movement to activate the glutes prior to other lower-body training, but can also be performed in the main part of a workout, or for high reps as a glute burnout.",Intermediate,Glutes,Strength,Body Only
Best,UN Glute Bridge,None,Intermediate,Glutes,Strength,Body Only
Best,Holman Donkey Kick,None,Intermediate,Glutes,Strength,Body Only
Best,Holman Hip Raise with Alternating Kick,None,Intermediate,Glutes,Strength,Body Only
Bad,Holman Left Leg Donkey Kick,None,Intermediate,Glutes,Strength,Body Only
Good,Holman Diagonal Right Leg Step-Out to Right Knee-Up,None,Intermediate,Glutes,Strength,Body Only
Best,Holman Right Leg Donkey Kick,None,Intermediate,Glutes,Strength,Body Only
Good,Holman Butt Tap to Jump,None,Intermediate,Glutes,Strength,Body Only
Bad,Holman Butt Tap to Jump-Forward-Jump-Back,None,Intermediate,Glutes,Strength,Body Only
Bad,Holman Traveling High Knees to Squat Thrust,None,Intermediate,Glutes,Strength,Body Only
Good,Holman Butt Kicker to High Knees,None,Intermediate,Glutes,Strength,Body Only
Good,Holman Daisy Cutter,None,Intermediate,Glutes,Strength,Body Only
Best,Holman Frogger,None,Intermediate,Glutes,Strength,Body Only
Good,Holman Hip Raise with Chest Press,None,Intermediate,Glutes,Strength,Body Only
Bad,Total Fitness Bear Crawl,"The bear crawl is a popular bodyweight crawling exercise. While it looks simple, the bear crawl is an intense full-body movement that targets the cardiovascular system as well as a wide range of muscle groups, the shoulders, core, and legs in particular. It can be done as a full-body warm-up, in short bursts for power or circuit training, or for longer durations as cardiovascular conditioning.",Intermediate,Glutes,Strength,Body Only
Best,Pigeon stretch,"The pigeon stretch is a lower-body stretch targeting the glutes, hips, and piriformis. It is similar to the pigeon pose from yoga, but is also popular as part of dynamic warm-ups or cool-downs in strength training. It can also be performed anytime to help combat training-related soreness.",Intermediate,Glutes,Strength,Body Only
Best,Levitating side kick-through,"The levitating side kick-through is a full-body movement that starts in a bear crawl position and ends with a leg kicked out to the side. In between reps, you kick into the air in a partial handstand. It is commonly performed for reps or time in bodyweight circuits and animal-style flows, but can also work on its own or as part of a dynamic warm-up or mobility sequence.",Intermediate,Glutes,Strength,Body Only
Good,30 Legs Hip Thrust,None,Intermediate,Glutes,Strength,Body Only
Good,Dumbbell single-leg hip thrust,"The dumbbell single-leg hip thrust is a single-sided exercise that targets the posterior chain, particularly the glutes and hamstrings. It involves balancing on one foot and fully extending your hips while holding a dumbbell across the front of your hip. It is a great movement to activate the glutes prior to other lower-body training, but can also be performed in the main part of a workout, or for high reps as a glute burnout.",Intermediate,Glutes,Strength,Body Only
Good,Medicine ball duck walk,"The medicine ball duck walk is a dynamic medicine ball movement that challenges both the upper and lower body, while also elevating the heart rate. It's a great movement to include in medicine ball or bodyweight circuit training to increase fatigue and burn serious calories while hammering the muscles of the legs.",Intermediate,Glutes,Strength,Medicine Ball
Good,Exercise ball hip thrust,"The exercise ball hip thrust is a simple yet effective way to work the glutes and hamstrings. Proper form is essential to really feel the burn in the glutes, and the ball can help guide you into the right form better than a bench, which is the usual support for hip thrusts. Unlike the bench version, the ball hip thrust is best performed with body weight or bands as resistance for safety reasons. It can be an excellent component of a warm-up for lower-body training, or a glute activation drill performed anytime.",Intermediate,Glutes,Strength,Exercise Ball
Bad,Downward Facing Balance,None,Beginner,Glutes,Strength,Exercise Ball
Good,Band Good Morning (Pull Through),None,Beginner,Hamstrings,Powerlifting,Bands
Good,Standing Hamstring and Calf Stretch,None,Intermediate,Hamstrings,Stretching,Bands
Bad,Hamstring-SMR,None,Beginner,Hamstrings,Stretching,Foam Roll
Best,Barbell Deadlift,"The barbell deadlift is a compound exercise used to develop overall strength and size in the posterior chain. It is a competition lift in the sport of powerlifting, but is also considered a classic benchmark of overall strength. When performed with the hands outside the knees, it is often called a ""conventional"" deadlift. When the feet are wide and the hands are inside the knees, it is a sumo deadlift.",Intermediate,Hamstrings,Strength,Barbell
Best,Clean Deadlift,None,Beginner,Hamstrings,Olympic Weightlifting,Barbell
Best,Sumo deadlift,"The sumo deadlift is a compound movement in which the feet are set in a wide stance with toes pointed out and grip is placed inside of the legs. It is allowed to be performed instead of conventional deadlifts in most powerlifting competitions. The sumo deadlift targets the hamstrings, glutes, and upper back/traps, but also has a greater emphasis on stretching and strengthening the adductor and hip muscles due to the wide stance.",Beginner,Hamstrings,Powerlifting,Barbell
Best,Romanian Deadlift from Deficit,None,Beginner,Hamstrings,Olympic Weightlifting,Barbell
Best,Power Snatch,None,Beginner,Hamstrings,Olympic Weightlifting,Barbell
Best,Power Clean from Blocks,None,Beginner,Hamstrings,Olympic Weightlifting,Barbell
Best,Snatch Deadlift,None,Beginner,Hamstrings,Olympic Weightlifting,Barbell
Best,Power clean,"The power clean is a full-body movement in which the bar is pulled from the floor and caught in the front rack position in three pulls or phases. The bar is received in the ""power"" position, with the hips higher than a full-depth squat position. The power clean can be used as a component of the clean and press or clean and jerk, but is also a valuable lift to build explosive power and strength.",Intermediate,Hamstrings,Strength,Barbell
Best,Hang Snatch,None,Beginner,Hamstrings,Olympic Weightlifting,Barbell
Best,Wide Stance Stiff Legs,None,Beginner,Hamstrings,Olympic Weightlifting,Barbell
Best,Clean,None,Beginner,Hamstrings,Olympic Weightlifting,Barbell
Best,Good Morning,"The barbell good morning is an exercise that targets glute, hamstring, and lower back development. It is often trained as an accessory movement to the deadlift, but also has value on its own. It is sometimes performed for reps in traditional strength-focused rep ranges such as 5-8 reps per set, but due to the risk posed to the lower back, is rarely treated as a max-effort single-rep lift.",Intermediate,Hamstrings,Powerlifting,Barbell
Good,Barbell stiff-legged deadlift,"The barbell stiff-legged deadlift targets the hamstrings, glutes, lower and upper back, as well as the core. It is a popular accessory movement for the deadlift, but also a muscle-building hamstring movement.",Intermediate,Hamstrings,Strength,Barbell
Good,Romanian Deadlift,"The barbell stiff-legged deadlift targets the hamstrings, glutes, lower and upper back, as well as the core. It is a popular accessory movement for the deadlift, but also a muscle-building hamstring movement.",Intermediate,Hamstrings,Strength,Barbell
Good,Sumo Deadlift with Chains,None,Beginner,Hamstrings,Powerlifting,Barbell
Bad,Sumo Deadlift with Bands,None,Beginner,Hamstrings,Powerlifting,Barbell
Bad,Good Morning off Pins,None,Beginner,Hamstrings,Powerlifting,Barbell
Bad,Stiff-Legged Deadlift,"The barbell stiff-legged deadlift targets the hamstrings, glutes, lower and upper back, as well as the core. It is a popular accessory movement for the deadlift, but also a muscle-building hamstring movement.",Beginner,Hamstrings,Strength,Barbell
Bad,Snatch Pull,None,Beginner,Hamstrings,Strength,Barbell
Bad,Hanging Bar Good Morning,None,Beginner,Hamstrings,Powerlifting,Barbell
Bad,Reverse Band Sumo Deadlift,None,Beginner,Hamstrings,Powerlifting,Barbell
Bad,Muscle Snatch,None,Beginner,Hamstrings,Olympic Weightlifting,Barbell
Bad,Split Snatch,None,Beginner,Hamstrings,Olympic Weightlifting,Barbell
Bad,Hang Snatch - Below Knees,None,Beginner,Hamstrings,Olympic Weightlifting,Barbell
Good,30 Legs Sumo Deadlift,None,Intermediate,Hamstrings,Strength,Barbell
Best,Kettlebell pass-through lunge,"The kettlebell pass-through lunge is a dynamic leg and core exercise in which a lifter passes a weight under their front leg during lunges. It is a unique coordination challenge, but also challenging to the musculature of the abdomen, lower body, shoulders, and upper back. It is most commonly performed for higher reps, such as 10-15 reps per side, or for time. It can work in circuit-style workouts, or in lower-body or full-body time-efficient training.",Intermediate,Hamstrings,Strength,Kettlebells
Best,Kettlebell One-Legged Deadlift,"The kettlebell single-leg deadlift is a variation on the kettlebell deadlift where one foot stays planted on the ground while the other raises into the air at the bottom of the movement. It's popular in lower-body training for strength and muscle building, but also trains balance, grip, and the core muscles.",Intermediate,Hamstrings,Strength,Kettlebells
Best,Single-arm kettlebell clean,"The single-arm kettlebell clean is an explosive kettlebell exercise where the lifter pulls the weight to shoulder level in a single movement. While the kettlebell clean is often used as a transitional movement into the press or front squat, it is also a valuable strength and power exercise in its own right. It can be performed in low rep ranges for strength or higher rep ranges for technique practice or muscle growth.",Beginner,Hamstrings,Strength,Kettlebells
Good,Single-leg kettlebell deadlift,"The kettlebell single-leg deadlift is a variation on the kettlebell deadlift where one foot stays planted on the ground while the other raises into the air at the bottom of the movement. It's popular in lower-body training for strength and muscle building, but also trains balance, grip, and the core muscles.",Intermediate,Hamstrings,Strength,Kettlebells
Good,Romanian Deadlift with Kettlebell,None,Beginner,Hamstrings,Strength,Kettlebells
Good,Single-arm kettlebell swing,"The single-arm kettlebell swing is a popular exercise emphasizing the muscles of the hamstrings, glutes, and back. Because you are only swinging with one arm at a time, it is also uniquely challenging to the grip and core muscles. It is often used to train explosive power, for aerobic or cardiovascular conditioning, or in circuit training.",Intermediate,Hamstrings,Strength,Kettlebells
Bad,Kettlebell Dead Clean,None,Beginner,Hamstrings,Strength,Kettlebells
Bad,Alternating Hang Clean,None,Beginner,Hamstrings,Strength,Kettlebells
Bad,One-Arm Open Palm Kettlebell Clean,None,Beginner,Hamstrings,Strength,Kettlebells
Bad,Open Palm Kettlebell Clean,None,Beginner,Hamstrings,Strength,Kettlebells
Bad,Kettlebell Hang Clean,None,Beginner,Hamstrings,Strength,Kettlebells
Bad,Double Kettlebell Alternating Hang Clean,None,Beginner,Hamstrings,Strength,Kettlebells
Best,Romanian Deadlift With Dumbbells,"The dumbbell stiff-legged deadlift targets the hamstrings, glutes, low and upper back, as well as the core. The purpose of the stiff-legged, as opposed to Romanian deadlift with slightly bent knees, is to engage the hamstrings and low back to an even greater degree.",Beginner,Hamstrings,Strength,Dumbbell
Best,Stiff-Legged Dumbbell Deadlift,"The dumbbell stiff-legged deadlift targets the hamstrings, glutes, low and upper back, as well as the core. The purpose of the stiff-legged, as opposed to Romanian deadlift with slightly bent knees, is to engage the hamstrings and low back to an even greater degree.",Intermediate,Hamstrings,Strength,Dumbbell
Good,Vertical Swing,None,Beginner,Hamstrings,Plyometrics,Dumbbell
Best,Dumbbell Fix Dumbbell Swing,None,Intermediate,Hamstrings,Strength,Dumbbell
Bad,Dumbbell Lying Hamstring Curl,None,Intermediate,Hamstrings,Strength,Dumbbell
Bad,30 Legs Dumbbell Stiff-Legged Deadlift,None,Intermediate,Hamstrings,Strength,Dumbbell
Best,Box jump,"The box jump is an explosive exercise that strengthens the muscles of the lower body, including the quads, glutes, calves, and hamstrings. They also develop power in the lower body while revving the heart rate. Box jumps can be performed for low reps to focus on strength and power, or for higher reps for metabolic conditioning. Most coaches recommend stepping down rather than jumping down between reps.",Beginner,Hamstrings,Plyometrics,Other
Good,Box Jump (Multiple Response),"The box jump is a plyometric exercise that strengthens the muscles of the lower body, including the quads, glutes, calves and hamstrings. They also develop power in the lower-body while revving the heart rate.",Intermediate,Hamstrings,Plyometrics,Other
Good,Sled push-,"The sled push is a conditioning exercise that targets the cardiovascular system and the muscles of the lower body. It involves pushing a sled along turf or another flat surface either for time or distance. Depending on your type of equipment, you may be pushing handles or straps in front of the sled. It can be used as part of a dynamic warm-up or for power training, as a finisher, or as part of a conditioning workout or circuit.",Beginner,Hamstrings,Cardio,Other
Good,Lying Hamstring,None,Beginner,Hamstrings,Stretching,Other
Bad,Chair Leg Extended Stretch,None,Beginner,Hamstrings,Stretching,Other
Bad,Suspended Leg Curl,None,Beginner,Hamstrings,Strength,Other
Bad,Box Skip,None,Beginner,Hamstrings,Plyometrics,Other
Bad,Power Stairs,None,Beginner,Hamstrings,Strongman,Other
Bad,Seated Hamstring and Calf Stretch,None,Beginner,Hamstrings,Stretching,Other
Bad,Hamstring slide,"The hamstring slide is a bodyweight exercise targeting the hamstrings. Lying supine on a smooth surface, bend your knees to pull both heels toward you. The sliding action requires a pad, cloth, or furniture sliders under the heels. These are considered more difficult than exercise ball hamstring curls and are a great primer movement before heavy squats or deadlifts, or as an accessory movement later in a lower-body workout.",Beginner,Hamstrings,Strength,Other
Bad,Seated Band Hamstring Curl,None,Intermediate,Hamstrings,Strength,Other
Best,Lying cable leg curl,"The lying cable leg curl is a classic machine exercise for building greater muscle size and strength in the hamstrings. It's easy to learn, easy to master, and poses little in the way of injury risk. It is usually performed for moderate to high reps, at least 8-12 reps per set, as part of lower-body training.",Intermediate,Hamstrings,Strength,Cable
Best,Standing cable leg curl,"The standing cable leg curl is an isolation exercise for the hamstrings. It is often used as a variation of leg curl machines and for working each side independently. It is usually performed for moderate to high reps, at least 8-12 reps per set, as part of lower-body training.",Intermediate,Hamstrings,Strength,Cable
Best,Lying Leg Curls,"The lying leg curl is a popular machine-based exercise for the legs, particularly the hamstrings. It is similar to the seated leg curl, but the open hip angle in the lying leg curl may incorporate more glute and calf activation. It is usually performed for moderate to high reps, such as 8-12 reps per set or more, as part of a leg pre-exhaust or as a muscle-building movement for lower-body training.",Beginner,Hamstrings,Strength,Machine
Good,Glute Ham Raise,The glute ham raise is an exercise targeting the glutes and hamstrings on a GHD.,Intermediate,Hamstrings,Powerlifting,Machine
Good,Reverse Hyperextension,None,Beginner,Hamstrings,Strength,Machine
Good,Seated Leg Curl,"The leg curl is a popular machine-based exercise for the legs, particularly the hamstrings. It comes in seated and lying varieties, but the seated leg curl machine is more common in commercial gyms. Leg curl variations are usually performed for moderate to high reps, such as 8-12 reps per set or more, as part of a leg pre-exhaust or as a muscle-building movement for lower-body training.",Intermediate,Hamstrings,Strength,Machine
Good,Standing Leg Curl,None,Beginner,Hamstrings,Strength,Machine
Good,Smith machine stiff-legged deadlift,"The Smith machine stiff-legged deadlift is a machine-based exercise targeting the muscles of the hamstrings, glutes, and upper back. The Smith machine mimics a barbell but provides more stability. This movement can be programmed like a traditional stiff-legged or Romanian deadlift, in low reps for strength or higher reps for muscle and strength endurance. It is often performed for moderate to high reps, such as 8-12 reps per set or more, as part of a full-body or lower-body workout.",Beginner,Hamstrings,Strength,Machine
Good,Lying Leg Curl - Gethin Variation,"The lying leg curl is a popular machine-based exercise for the legs, particularly the hamstrings. It is similar to the seated leg curl, but the open hip angle in the lying leg curl may incorporate more glute and calf activation. It is usually performed for moderate to high reps, such as 8-12 reps per set or more, as part of a leg pre-exhaust or as a muscle-building movement for lower-body training.",Intermediate,Hamstrings,Strength,Machine
Good,Paul Carter Leg Extension,The leg extension is an isolation exercise for the quads.,Intermediate,Hamstrings,Strength,Machine
Best,Lying leg curl,"The lying leg curl is a popular machine-based exercise for the legs, particularly the hamstrings. It is similar to the seated leg curl, but the open hip angle in the lying leg curl may incorporate more glute and calf activation. It is usually performed for moderate to high reps, such as 8-12 reps per set or more, as part of a leg pre-exhaust or as a muscle-building movement for lower-body training.",Intermediate,Hamstrings,Strength,Machine
Best,Seated Hamstring Curl - Gethin Variation,"The leg curl is a popular machine-based exercise for the legs, particularly the hamstrings. It comes in seated and lying varieties, but the seated leg curl machine is more common in commercial gyms. Leg curl variations are usually performed for moderate to high reps, such as 8-12 reps per set or more, as part of a leg pre-exhaust or as a muscle-building movement for lower-body training.",Intermediate,Hamstrings,Strength,Machine
Bad,Single-leg lying leg curl,"The single-leg lying leg curl is a popular machine-based exercise for the legs, particularly the hamstrings. It is similar to the seated leg curl, but the open hip angle in the lying leg curl may incorporate more glute and calf activation. It is usually performed for moderate to high reps, such as 8-12 reps per set or more, as part of a leg pre-exhaust or as a muscle-building movement for lower-body training. Performing it one leg a time allows you to focus on the mind-muscle connection of each leg and address muscle imbalances.",Intermediate,Hamstrings,Strength,Machine
Bad,Leg curl,"The leg curl is a popular machine-based exercise for the legs, particularly the hamstrings. It comes in seated and lying varieties, but the seated leg curl machine is more common in commercial gyms. Leg curl variations are usually performed for moderate to high reps, such as 8-12 reps per set or more, as part of a leg pre-exhaust or as a muscle-building movement for lower-body training.",Intermediate,Hamstrings,Strength,Machine
Best,Leg Extension - Gethin Variation,The leg extension is an isolation exercise for the quads.,Intermediate,Hamstrings,Strength,Machine
Good,Single-leg leg extension-,"The single-leg leg extension is a popular machine-based exercise for the legs, particularly the quadriceps. It is usually performed for moderate to high reps, such as 8-12 reps per set or more, as part of a leg pre-exhaust or as a muscle-building movement for lower-body training. Performing it one leg a time allows you to focus on the mind-muscle connection of each leg and address muscle imbalances.",Intermediate,Hamstrings,Strength,Machine
Bad,Lying Hamstring Curls - Gethin Variation,"The lying leg curl is a popular machine-based exercise for the legs, particularly the hamstrings. It is similar to the seated leg curl, but the open hip angle in the lying leg curl may incorporate more glute and calf activation. It is usually performed for moderate to high reps, such as 8-12 reps per set or more, as part of a leg pre-exhaust or as a muscle-building movement for lower-body training.",Intermediate,Hamstrings,Strength,Machine
Bad,AM Seated Hamstring Curl,"The leg curl is a popular machine-based exercise for the legs, particularly the hamstrings. It comes in seated and lying varieties, but the seated leg curl machine is more common in commercial gyms. Leg curl variations are usually performed for moderate to high reps, such as 8-12 reps per set or more, as part of a leg pre-exhaust or as a muscle-building movement for lower-body training.",Intermediate,Hamstrings,Strength,Machine
Best,UP Hamstring Curl,"The lying leg curl is a popular machine-based exercise for the legs, particularly the hamstrings. It is similar to the seated leg curl, but the open hip angle in the lying leg curl may incorporate more glute and calf activation. It is usually performed for moderate to high reps, such as 8-12 reps per set or more, as part of a leg pre-exhaust or as a muscle-building movement for lower-body training.",Intermediate,Hamstrings,Strength,Machine
Good,30 Legs Leg Extension,None,Intermediate,Hamstrings,Strength,Machine
Good,30 Legs Seated Leg Curl,None,Intermediate,Hamstrings,Strength,Machine
Best,Natural Glute Ham Raise,The glute ham raise is an exercise targeting the glutes and hamstrings on a GHD.,Beginner,Hamstrings,Strength,Body Only
Good,Standing leg swing,"The standing leg swing is a dynamic stretching exercise that involves moving one leg up in front of you, as if to punt an imaginary football. This is a classic move for warming up the body and stretching the hamstrings.",Beginner,Hamstrings,Stretching,Body Only
Good,Linear Acceleration Wall Drill,None,Intermediate,Hamstrings,Plyometrics,Body Only
Good,Knee Tuck Jump,"The tuck jump is a vertical jump, an explosive lower-body exercise that is a common way to measure explosive hip and lower-body strength in athletes. The more explosive you are, the higher you'll be able to jump.",Intermediate,Hamstrings,Plyometrics,Body Only
Good,Leg-Up Hamstring Stretch,None,Intermediate,Hamstrings,Stretching,Body Only
Good,Inchworm,The inchworm is a popular bodyweight exercise that involves “walking” the hands on the floor from a bent-over toe-touch position into a straight-arm plank. It is usually performed as part of a dynamic warm-up to help raise core body temperature and “limber up” the body from head to toe.,Beginner,Hamstrings,Stretching,Body Only
Good,Moving Claw Series,None,Intermediate,Hamstrings,Plyometrics,Body Only
Good,Lying groin stretch with band,"The lying groin stretch with band is a simple way to stretch a chronically tight muscle group of the lower body. It is common in stretching and yoga classes but can also be performed individually as part of a warm-up, paired with movements in a workout, or as part of a cool-down or recovery strategy.",Intermediate,Hamstrings,Stretching,Body Only
Bad,90/90 Hamstring,None,Beginner,Hamstrings,Stretching,Body Only
Bad,World's greatest stretch,"The world's greatest stretch is a popular movement that earned its name because it targets multiple parts of the body, including the hips, shoulders, and thoracic spine, in a single sequence. This makes it a great dynamic warm-up, post-workout stretch, or mobility work you can do anytime.",Intermediate,Hamstrings,Stretching,Body Only
Bad,The Straddle,None,Intermediate,Hamstrings,Stretching,Body Only
Bad,Prone Manual Hamstring,None,Intermediate,Hamstrings,Strength,Body Only
Bad,Knee To Chest,None,Beginner,Hamstrings,Stretching,Body Only
Bad,Hurdle Hops,None,Intermediate,Hamstrings,Plyometrics,Body Only
Bad,Hip Stretch With Twist,None,Beginner,Hamstrings,Stretching,Body Only
Bad,Linear 3-Part Start Technique,None,Intermediate,Hamstrings,Plyometrics,Body Only
Bad,Alternating Leg Swing,None,Beginner,Hamstrings,Stretching,Body Only
Bad,Single-leg balance and reach,The single-leg balance and reach is an exercise that focuses on lower-body strength and stability.,Beginner,Hamstrings,Stretching,Body Only
Bad,High Kick,None,Beginner,Hamstrings,Stretching,Body Only
Bad,Boss Everline 10-Yard Sprints,None,Intermediate,Hamstrings,Strength,Body Only
Best,Standing hamstring stretch,"The standing hamstring stretch is an exercise that stretches the hamstrings, the muscles that cover the back of the thighs. It involves looping a band around one foot and then pulling it, which produces an intense stretch in the hamstrings. It can be performed prior to training the lower body or playing sports, or as a restorative stretch anytime.",Intermediate,Hamstrings,Stretching,Body Only
Good,Reverse lunge,"The reverse lunge is a lower-body exercise targeting the quads, glutes, and hamstrings. The reverse lunge places more emphasis on the glutes than other lunge variations.",Intermediate,Hamstrings,Stretching,Body Only
Bad,HM Alternating Cross Lunge,None,Intermediate,Hamstrings,Strength,Body Only
Best,HM Alternating Front Kick,None,Intermediate,Hamstrings,Strength,Body Only
Good,HM World's Greatest Stretch,None,Intermediate,Hamstrings,Stretching,Body Only
Best,HM Alternating Sprawl Kick-Through,None,Intermediate,Hamstrings,Strength,Body Only
Bad,HM Alternating Step-Back,None,Intermediate,Hamstrings,Strength,Body Only
Good,HM Alternating Step-Up With Chair,None,Intermediate,Hamstrings,Strength,Body Only
Bad,HM Right Knee-Up,None,Intermediate,Hamstrings,Strength,Body Only
Best,HM Low Lunge With External Twist,None,Intermediate,Hamstrings,Strength,Body Only
Bad,HM Ninja Crawl,None,Intermediate,Hamstrings,Strength,Body Only
Bad,HM Pigeon Stretch,None,Intermediate,Hamstrings,Strength,Body Only
Good,Single-Leg Deadlift Walk,None,Intermediate,Hamstrings,Strength,Body Only
Best,Total Fitness Hamstring Slide,"The hamstring slide is a bodyweight exercise targeting the hamstrings. Lying supine on a smooth surface, you bend your knees to pull both heels toward you. The sliding action requires a pad, cloth, or furniture sliders under the heel. These are considered more difficult than exercise ball hamstring curls, and are a great primer movement before heavy squats or deadlifts, or as an accessory movement later in a lower-body workout.",Intermediate,Hamstrings,Strength,Body Only
Best,30 Legs Walking Lunge,None,Intermediate,Hamstrings,Strength,Body Only
Best,Glute ham raise-,"The glute ham raise is an exercise targeting the glutes and hamstrings on a GHD, or glute ham developer bench. The unassisted version of the movement requires serious hamstring strength, so it is more common to see versions that use a band or PVC pipe for assistance. It is commonly performed as an accessory movement for heavy barbell lifts. While a single rep may be a struggle at first, with time, strong athletes can build up to doing them for 8-12 reps per set.",Beginner,Hamstrings,Strength,None
Good,Lying hamstring stretch with band,"The lying hamstring stretch with band is a simple way to stretch a chronically tight muscle group of the lower body. It is common in stretching and yoga classes but can also be performed individually as part of a warm-up, paired with movements in a workout, or as part of a cool-down or recovery strategy.",Beginner,Hamstrings,Stretching,None
Bad,Upper Back-Leg Grab,None,Beginner,Hamstrings,Stretching,None
Bad,Seated Hamstring,None,Beginner,Hamstrings,Stretching,None
Bad,Alternating lunge jump,"The alternating lunge jump is an explosive bodyweight exercise that targets the lower-body muscles, including the quads, glutes, and hamstrings. It can be performed for time or reps in power training, and is also effective in any fat-loss or athleticism-focused workout.",Beginner,Hamstrings,Stretching,None
Bad,Runner's Stretch,None,Intermediate,Hamstrings,Stretching,None
Best,Exercise ball leg curl,"The exercise ball leg curl is an exercise targeting the hamstrings. In particular, it targets the knee flexion function of the hamstrings, as opposed to deadlift variations, which target the other hamstring function, hip flexion. Many lifters opt for this exercise when they don't have access to a lying leg curl machine, but it is worth considering even if you already do machine curls.",Intermediate,Hamstrings,Strength,Exercise Ball
Good,Ball Hamstring Hat Trick,"The exercise ball leg curl is an exercise targeting the hamstrings. In particular, it targets the knee flexion function of the hamstrings, as opposed to deadlift variations, which target the other hamstring function, hip flexion. Many lifters opt for this exercise when they don’t have access to a lying leg curl machine, but it is worth considering even if you already do machine curls.",Intermediate,Hamstrings,Strength,Exercise Ball
Good,Band-assisted pull-up,"The band-assisted pull-up is a variation of the pull-up exercise in which the reps are performed with an elastic band looped around the feet or knees. This reduces weight and resistance at the bottom of the rep, while increasing it toward the top. Like other pull-up variations, it builds strength and muscle in the upper back, biceps, and core, and is often used as a way to help people boost their pull-up numbers or perform their first rep.",Intermediate,Lats,Strength,Bands
Bad,Assisted Chin-Up,"The reverse-grip chin-up is a variation of the pull-up exercise in which the reps are performed with the palms facing toward the body, in an underhand position, with a band looped around the feet or knees. This reduces weight and resistance at the bottom of the rep, while increasing it toward the top. Like other pull-up variations, it builds strength and muscle in the upper back, biceps, and core, but it utilizes the biceps slightly more than overhand band-assisted pull-ups.",Beginner,Lats,Strength,Bands
Bad,UN Band Assisted Pull-up Pronated,None,Intermediate,Lats,Strength,Bands
Bad,UN Band Assisted Pull-up Neutral,None,Intermediate,Lats,Strength,Bands
Bad,UN Band Assisted Pull-up Supinated,None,Intermediate,Lats,Strength,Bands
Good,FYR2 Monster Band Face-Pull Hold,None,Intermediate,Lats,Strength,Bands
Good,Single-arm band low row,"The single-arm band low row is a single-arm row variation utilizing a band for resistance that is anchored low. It targets the muscles of the middle back, like the lats (latissimus dorsi) and rhomboids, but also the core. It is usually performed for moderate to high reps, at least 8-15 reps per set, in the later stages of a back or upper-body workout.",Intermediate,Lats,Strength,Bands
Bad,Latissimus dorsi SMR,"Latissimus dorsi self-myofascial release (SMR) is a self-administered soft-tissue treatment for the upper body, usually using a foam roller, lacrosse ball, or other ""trigger point"" massage tool. By applying pressure strategically to the lat muscles of the mid back, some people find they can cause this often painful and tight area to relax or ""release."" Latissimus dorsi SMR is often accompanied by SMR on the pectorals or rhomboids, or by stretches that target the lats.",Intermediate,Lats,Stretching,Foam Roll
Good,Bent-arm barbell pull-over,"The bent-arm barbell pull-over was a staple exercise of the ""Golden Era"" of bodybuilding and a favorite of Arnold Schwarzenegger himself. Done properly, the exercise targets the pecs, lats, and serratus anterior muscles. Old-school bodybuilders would perform them with light weights for sets of 20 between sets of heavy 20-rep squats, but pull-overs are more popular today in moderate rep ranges, such as 8-12 reps per set, as part of an upper-body workout.",Intermediate,Lats,Strength,Barbell
Bad,Barbell pull-over to press,"The barbell pull-over to press is a complex that combines two popular exercises into one sequence that works much of the upper body, particularly the chest, triceps, and serratus anterior muscles. It is commonly performed with an EZ-bar, but can also be performed with a straight bar or neutral-grip bar. Because the pull-over will determine the amount of weight you can use, this movement is usually performed for moderate to high reps, such as 8-12 reps per set or more, as part of the upper-body portion of a workout.",Beginner,Lats,Strength,Barbell
Good,Single-arm barbell bent-over row,"The single-arm barbell bent-over row is a barbell exercise focused on the muscles of the middle back, such as the lats (latissimus dorsi) and rhomboids. It also targets the biceps and grip. If the loose end of the barbell moves around, it can be secured by placing it in the corner of a room.",Intermediate,Lats,Strength,Barbell
Good,Reverse Barbell Row,None,Intermediate,Lats,Strength,Barbell
Bad,Side kick-through to kettlebell high pull,"The side kick-through to kettlebell high pull is a combination of a popular bodyweight exercise and an explosive kettlebell movement. Between them, the pairing targets the traps, shoulders, core, hips, hamstrings, and glutes. This combination can be performed for time or for reps, often as circuit-style training for conditioning or fat loss.",Intermediate,Lats,Strength,Kettlebells
Best,FYR2 Alternating Kettlebell Snatch,None,Intermediate,Lats,Strength,Kettlebells
Best,FYR2 Alternating Kettlebell Swing,None,Intermediate,Lats,Strength,Kettlebells
Bad,FYR2 American Kettlebell Swing,None,Intermediate,Lats,Strength,Kettlebells
Best,FYR2 Double-Kettlebell Standing Clean,None,Intermediate,Lats,Strength,Kettlebells
Good,FYR2 Kettlebell Swing High Pull,None,Intermediate,Lats,Strength,Kettlebells
Good,FYR2 Kettlebell Swing-Clean-Press Combo,None,Intermediate,Lats,Strength,Kettlebells
Bad,FYR2 Kettlebell Swing-Clean-Press-Row Combo,None,Intermediate,Lats,Strength,Kettlebells
Good,FYR2 Single-Arm Kettlebell Clean,None,Intermediate,Lats,Strength,Kettlebells
Best,FYR2 Single-Arm Kettlebell Swing,None,Intermediate,Lats,Strength,Kettlebells
Good,PJR pull-over-,"The PJR pull-over is a triceps-focused version of the pull-over exercise, usually performed on either a flat or slightly inclined bench. The low position of the movement stretches the triceps—particularly the long head of the muscle—while the top position is a triceps press that contracts all three heads. It can be done in any type of strength or muscle-focused workout, in traditional muscle-building rep ranges, such as 8-12 reps, or for higher reps.",Intermediate,Lats,Strength,Dumbbell
Best,Dumbbell seal row,"The dumbbell seal row is a weighted exercise targeting the muscles of the middle back, including the lats (latissimus dorsi) and rhomboids. It can be performed on a special elevated bench, on a bench placed on top of boxes or benches, or on a bench with a slight incline. The higher the bench, the greater the range of motion and stretch at the bottom of the movement. It is usually performed as an assistance movement for back strength and muscle growth, in rep ranges of 8-12 reps per set or higher.",Intermediate,Lats,Strength,Dumbbell
Bad,Incline Dumbbell Row - Gethin Variation,The incline dumbbell row is an upper body isolation exercise targeting the lower lats and upper back muscles.,Intermediate,Lats,Strength,Dumbbell
Good,FYR Bent-Over Dumbbell Row,"The dumbbell bent-over row is a popular exercise to develop and strengthen the muscles of the upper and middle back, like the latissimus (lat), lower trapezius, and rear deltoids. It can work equally well in strength, muscle-building, or circuit-style fat-loss workouts.",Intermediate,Lats,Strength,Dumbbell
Good,Straight-Arm Dumbbell Pull-Over - Gethin Variation,"The straight-arm dumbbell pull-overpull-over was a staple exercise of the Golden Era of bodybuilding and a favorite of Arnold Schwarzenegger himself. Done properly, the exercise hits the bottom of the pecs, the lats, the abs, and the triceps.",Intermediate,Lats,Strength,Dumbbell
Best,Bent-Over Dumbbell Row - Gethin Variation,"The dumbbell bent-over row is a popular exercise to develop and strengthen the muscles of the upper and middle back, like the latissimus (lat), lower trapezius, and rear deltoids. It can work equally well in strength, muscle-building, or circuit-style fat-loss workouts.",Intermediate,Lats,Strength,Dumbbell
Best,Bent-over dumbbell rear delt fly,"The bent-over dumbbell rear delt fly is a popular upper-body exercise that targets the muscles on the back of the shoulder joint, specifically the rear head of the deltoid. Since pressing movements build the front and (to a lesser degree) side deltoid heads, this move is often done to promote balanced shoulder development. It is usually performed for high reps, such as 10-15 reps per set or more, as part of a shoulder or upper-body workout.",Intermediate,Lats,Strength,Dumbbell
Best,Band Resisted Dumbbell Row,None,Intermediate,Lats,Strength,Dumbbell
Best,Holman Right Arm Weighted Half Jack,None,Intermediate,Lats,Strength,Dumbbell
Good,Holman Left Arm Weighted Half Jack,None,Intermediate,Lats,Strength,Dumbbell
Good,Holman Renegade Row,None,Intermediate,Lats,Strength,Dumbbell
Bad,Holman Renegade Row with Opposite Foot Step-Out,None,Intermediate,Lats,Strength,Dumbbell
Good,Holman Renegade Row to Weighted Burpee,None,Intermediate,Lats,Strength,Dumbbell
Good,Holman Weighted Double-Arm Cross Punch,None,Intermediate,Lats,Strength,Dumbbell
Best,Holman Standing Flat Back Row,None,Intermediate,Lats,Strength,Dumbbell
Bad,Total Fitness Dumbbell Isometric Row Hold,"The dumbbell bent-over row is a popular exercise to develop and strengthen the muscles of the upper and middle back, like the latissimus (lat), lower trapezius, and rear deltoids. It can work equally well in strength, muscle-building, or circuit-style fat-loss workouts.",Intermediate,Lats,Strength,Dumbbell
Best,Dumbbell renegade row,"The dumbbell renegade row combines rowing and core training into a single difficult movement. It's popular in time-efficient strength and muscle-building workouts, as well as in circuit-style training.",Intermediate,Lats,Strength,Dumbbell
Best,MetaBurn Bent-Over Row to Rear-Delt Raise,None,Intermediate,Lats,Strength,Dumbbell
Good,FYR2 Bent-Over Reverse Fly,None,Intermediate,Lats,Strength,Dumbbell
Best,Weighted pull-up,"The weighted pull-up is a more advanced variation of the pull-up exercise in which the lifter adds extra weight to their body. Options for adding weight include a dip belt, weighted vest, chains, a dumbbell placed between the feet or legs, or looping a kettlebell over the foot. Like other pull-up variations, the weighted pull-up builds strength and muscle in the upper back, biceps, and core.",Intermediate,Lats,Strength,Other
Best,Rocky Pull-Ups/Pulldowns,None,Beginner,Lats,Strength,Other
Best,Gironda Sternum Chins,None,Beginner,Lats,Strength,Other
Good,Floor rope climb,"The floor rope climb is an exercise that involves performing partial rope climbs in a prone position with the feet on the floor. It can help prepare someone for full rope climbs, but also trains the muscles of the back, biceps, and grip. It can be done for time or reps.",Beginner,Lats,Strength,Other
Bad,Overhead Lat,None,Beginner,Lats,Stretching,Other
Bad,Around-the-world pull-up,"The around-the-world pull-up is a more advanced version of the classic pull-up. It focuses stress more directly on the individual arms or sides of the back, while also boosting the time under tension at the top of each rep. It can be used as a progression toward a one-arm pull-up, or simply as a way to increase the challenge and variety of your pull-up training.",Beginner,Lats,Strength,Other
Bad,L-sit chin-up,"The L-sit chin-up is an exercise targeting the back, biceps, core, and overall upper-body strength. It is considered significantly more difficult than standard chin-ups, and as such, is often performed for relatively low reps, such as 5-8 reps per set or less, with a focus on strength and form.",Beginner,Lats,Strength,Other
Good,Back Flyes - Gethin Variation,"The incline dumbbell reverse fly is an upper-body exercise targeting the posterior or rear deltoids, as well as the postural muscles of the upper back. Because it targets such small muscles, this exercise is usually performed with light weight for high reps, such as 10-15 reps per set or more.",Intermediate,Lats,Strength,Other
Best,Incline straight-arm pull-over,"The incline straight-arm pull-over is an upper-body exercise targeting the chest and lats (latissimus dorsi). Performing it on an incline bench emphasizes the stretch on the chest in particular. If this movement causes pain in the front of the shoulders, perform it with a more limited range of motion or try pull-overs using a high cable stack instead. Pull-over variations are usually performed for moderate to high reps, such as 8-12 reps per set or more, as part of chest or back-focused upper-body training.",Intermediate,Lats,Strength,Other
Bad,Machine high row,"The machine high row is a machine-based exercise targeting the back muscles, including the lats, rhomboids, and middle and lower traps. It approximates the motion of a free-weight row, but uses a selectorized weight-stack or plate-loaded machine. Many such machines also allow you to choose between different grips and grip widths. Machine rows are often done for moderate to high reps, such as 8-12 reps per set or more, as part of the upper-body or back-focused portion of a workout.",Intermediate,Lats,Strength,Other
Best,AM T-Bar Row,None,Intermediate,Lats,Strength,Other
Good,Assisted Single-Arm Pull-Up,None,Expert,Lats,Strength,Other
Good,Assisted Single-Arm Chin-Up,None,Expert,Lats,Strength,Other
Bad,Holman Renegade Punch-Under,None,Intermediate,Lats,Strength,Other
Good,Holman Renegade Row to Split Jump,None,Intermediate,Lats,Strength,Other
Best,Holman Dirty Dog to Renegade Row,None,Intermediate,Lats,Strength,Other
Good,Holman Renegade Row to Side Punch to Forward Punch,None,Intermediate,Lats,Strength,Other
Good,Standing dumbbell knee crunch,"The standing dumbbell knee crunch is a great way to train the abs while standing up. Additionally, the deltoids are worked because the lifter holds a pair of dumbbells overhead throughout.",Intermediate,Lats,Strength,Other
Best,Close-grip pull-down,"The close-grip pull-down is a variation on the lat pull-down that is performed with an overhand grip and the hands slightly closer than shoulder-width apart. This increases the range of motion beyond wider grips, and may increase the time under tension in each rep. This variation is usually performed for moderate to high reps as part of a back or upper-body workout.",Intermediate,Lats,Strength,Cable
Best,Shotgun row,"The shotgun row is a single-arm row variation utilizing a cable stack in a staggered stance. It targets the muscles of the middle back, like the lats (latissimus dorsi) and rhomboids, but also the core. It is usually performed for moderate to high-reps, at least 8-15 reps per set, in the later stages of a back or upper-body workout.",Intermediate,Lats,Strength,Cable
Best,Close-Grip Front Lat Pulldown,"The close-grip pull-down is a variation on the lat pull-down, acable-based exercise machine that’s ubiquitous in gyms around the world. This back builder is easy to learn and highly effective, allowing for variable resistance depending on where you place the pin in the stack.",Intermediate,Lats,Strength,Cable
Best,Straight-arm rope pull-down,"The straight-arm rope pull-down is a variation of the straight-arm lat pull-down performed using a cable stack machine and a rope grip. It can either be performed in an athletic upright stance, or slightly bent over. It both stretches and contracts the muscles of the lats (latissimus dorsi) as well as providing additional activation to the other upper back muscles and the core. Because the triceps are also isometrically involved in the movement, it is usually performed for higher reps, such as 8-15 reps or more.",Intermediate,Lats,Strength,Cable
Best,Lat pull-down,"The lat pull-down is a cable-based exercise that's ubiquitous in gyms around the world. This back builder is easy to learn and highly effective at building back size and strength. It's usually trained in moderate to high reps, such as 8-12 reps per set. If grip strength is a limitation, you can wear wrist straps.",Intermediate,Lats,Strength,Cable
Good,Straight-Arm Pulldown,"The straight-arm bar pull-down is a variation of the straight-arm lat pull-down performed using a cable stack machine. It can either be performed in an athletic upright stance, or slightly bent-over. It both stretches and contracts the muscles of the lats (latissimus dorsi) as well as providing additional activation to the other upper back muscles and the core. Because the triceps are also isometrically involved in the movement, it is usually performed for higher reps, like 8-15 reps or above.",Intermediate,Lats,Strength,Cable
Good,Single-arm kneeling lat pull-down,"The single-arm kneeling lat pull-down is a variation of the lat pull-down exercise performed one arm at a time, with the knees on the ground, rather than sitting on a bench or machine. It has all of the same benefits of a lat pull-down performed on a bench or machine, in addition to providing further activation to the core and lower body.",Beginner,Lats,Strength,Cable
Good,Elevated Cable Rows,"The cable seated row is a popular exercise to train the muscles of the upper back, including the lats (latissimus dorsi), traps, rhomboids, and rear deltoids, using a cable stack. It also targets the biceps to a lesser degree. The cable row can work well in a variety of rep-ranges, but is most popular in muscle-building workouts or as an accessory movement for strength workouts.",Beginner,Lats,Strength,Cable
Good,Full Range-Of-Motion Lat Pulldown,None,Beginner,Lats,Strength,Cable
Good,Kneeling lat pull-down,"The kneeling lat pull-down is a variation of the lat pull-down exercise performed with the knees on the ground rather than sitting on a bench or machine. It has all of the same benefits of a lat pull-down performed on a bench or machine, in addition to providing further activation to the core and lower body.",Intermediate,Lats,Strength,Cable
Good,Behind-the-neck pull-down,"The behind-the-neck pull-down is a cable exercise intended to target the muscles of the upper and middle back. If you have the requisite shoulder mobility, it can help you target the upper back muscles, including the trapezius and rhomboids, as well as the lats (latissimus dorsi). It is popular among elite bodybuilders and physique athletes, but some coaches consider it unsafe to the shoulder joint, particularly for people with existing shoulder problems.",Intermediate,Lats,Strength,Cable
Bad,Straight-arm cable pull-over,"The straight-arm cable pull-over is an exercise that focuses on the muscles of the lats (latissimus dorsi) and chest using a cable stack and a flat bench. It is most commonly used for higher reps, such as 10-15 or more, in muscle-building workouts. It is also an effective substitute for dumbbell pull-overs or a pull-over machine, if you don't have access to them or they aggravate your shoulders.",Intermediate,Lats,Strength,Cable
Best,Cable Straight-Arm Pulldown - Gethin Variation,"The straight-arm bar pull-down is a variation of the straight-arm lat pull-down performed using a cable stack machine. It can either be performed in an athletic upright stance, or slightly bent-over. It both stretches and contracts the muscles of the lats (latissimus dorsi) as well as providing additional activation to the other upper back muscles and the core. Because the triceps are also isometrically involved in the movement, it is usually performed for higher reps, like 8-15 reps or above.",Intermediate,Lats,Strength,Cable
Best,Rope Lat Pull-down - Gethin Variation,"The close-grip pull-down is a variation on the lat pull-down, acable-based exercise machine that’s ubiquitous in gyms around the world. This back builder is easy to learn and highly effective, allowing for variable resistance depending on where you place the pin in the stack.",Intermediate,Lats,Strength,Cable
Best,Straight-Arm Pull-Down - Gethin Variation,"The straight-arm bar pull-down is a variation of the straight-arm lat pull-down performed using a cable stack machine. It can either be performed in an athletic upright stance, or slightly bent-over. It both stretches and contracts the muscles of the lats (latissimus dorsi) as well as providing additional activation to the other upper back muscles and the core. Because the triceps are also isometrically involved in the movement, it is usually performed for higher reps, like 8-15 reps or above.",Intermediate,Lats,Strength,Cable
Good,High-cable standing row,"The high-cable standing row is an exercise targeting the lats. The high position allows for more engagement of the upper back, as well, specifically the rhomboids and teres major.",Intermediate,Lats,Strength,Cable
Best,Lat Pull-down - Gethin Variation,"The lat pull-down is a cable-based exercise machine that’s ubiquitous in gyms around the world. This back builder is easy to learn and highly effective, allowing for variable resistance depending on where you place the pin in the stack.",Intermediate,Lats,Strength,Cable
Good,Wide-Grip Lat Pull-Down - Gethin Variation,"The lat pull-down is a cable-based exercise machine that’s ubiquitous in gyms around the world. This back builder is easy to learn and highly effective, allowing for variable resistance depending on where you place the pin in the stack.",Intermediate,Lats,Strength,Cable
Good,Behind-The-Neck Pull-Down - Gethin Variation,"The behind-the-neck pull-down is a cable exercise intended to target the muscles of the upper and middle back. If you have the requisite shoulder mobility, it can help you targets the upper back muscles, including the trapezius and rhomboids, as well as the lats (latissimus dorsi). It is popular among elite bodybuilders and physique athletes, but some coaches consider it unsafe to the shoulder joint, in particular to people with existing shoulder problems.",Intermediate,Lats,Strength,Cable
Best,Single-Arm Cable Row - Gethin Variation,"The single-arm cable seated row is a version of the cable row movement that train the muscles of the upper back one side at a time. It targets a wide range of muscles including the lats (latissimus dorsi), traps, rhomboids, and rear deltoids, as well as the biceps. The single-arm row can work well in a variety of rep-ranges, but is most popular in muscle-building workouts or as an accessory movement for strength workouts.",Intermediate,Lats,Strength,Cable
Best,Scapular Rows,None,Intermediate,Lats,Strength,Cable
Good,Standing V-Grip Cable Rows,None,Intermediate,Lats,Strength,Cable
Best,AM Close-Grip Pull-Down,"The close-grip pull-down is a variation on the lat pull-down, acable-based exercise machine that’s ubiquitous in gyms around the world. This back builder is easy to learn and highly effective, allowing for variable resistance depending on where you place the pin in the stack.",Intermediate,Lats,Strength,Cable
Good,AM Wide-Grip Pull-Down,"The lat pull-down is a cable-based exercise machine that’s ubiquitous in gyms around the world. This back builder is easy to learn and highly effective, allowing for variable resistance depending on where you place the pin in the stack.",Intermediate,Lats,Strength,Cable
Bad,UP Lat Pull-Down,"The lat pull-down is a cable-based exercise machine that’s ubiquitous in gyms around the world. This back builder is easy to learn and highly effective, allowing for variable resistance depending on where you place the pin in the stack.",Intermediate,Lats,Strength,Cable
Best,Reverse-grip lat pull-down,"The reverse-grip lat pull-down is variation on the lat pull-down that targets the lower lats more than an overhand grip. Because the hands are relatively close together, it also increases the range of motion beyond wider-grip pull-down variations. It can be performed for low reps, such as 5-6 per set, for back strength, or for higher reps for size.",Intermediate,Lats,Strength,Machine
Good,Machine seated row,"The machine seated row is a popular exercise targeting the back muscles, particularly the lats (latissimus dorsi), rhomboids, and middle and lower trapezius. There is a wide variety of seated row machines, but most of them approximate the motion of a free-weight row, but in an upright, forward-facing position. Machine row variations are often performed for moderate to high reps, such as 8-12 reps per set or more, as part of an upper-body or back-focused portion of a workout.",Beginner,Lats,Strength,Machine
Good,Machine-assisted pull-up,"The machine-assisted pull-up takes a classic back-building exercise and adds assistance to make the movement easier than the bodyweight version. The amount of assistance can easily be changed by moving the pin in the stack. While some people use this variation as a substitute for pull-ups or as an assistance exercise for pull-ups, it is also effective as a way to perform the pull-up motion in traditional muscle-building ranges. This variation is often performed for moderate to high reps, such as 8-12 reps per set or more, as part of upper-body or back-focused training.",Beginner,Lats,Strength,Machine
Good,Single-arm pull-down,"The single-arm pull-down is a variation on the lat pull-down that is performed one arm at a time, usually with a D-shaped handle and a cable stack. Many lifters find they can feel the lat (latissimus dorsi) muscles working better with single-arm variations.",Intermediate,Lats,Strength,Machine
Bad,Chest-Supported Smith Machine Row - Gethin Variation,None,Intermediate,Lats,Strength,Machine
Best,Single-arm machine high row,"The single-arm machine high row is a machine-based exercise targeting the back muscles, including the lats, rhomboids, and middle and lower traps. It approximates the motion of a free-weight row, but uses a selectorized weight-stack or plate-loaded machine. Many such machines also allow you to choose between different grips and grip widths. Machine-based rows are often done for moderate to high reps, such as 8-12 reps per set or more, as part of the upper-body or back-focused portion of a workout.",Intermediate,Lats,Strength,Machine
Good,Machine Pull-Over - Gethin Variation,None,Intermediate,Lats,Strength,Machine
Bad,Seated Machine Row - Gethin Variation,"The machine seated row is an exercise targeting the back muscles, emphasizing the mid- to upper-back.",Intermediate,Lats,Strength,Machine
Bad,Wide-Grip Machine Row,None,Intermediate,Lats,Strength,Machine
Bad,King Maker Lat Pull-Down,"The lat pull-down is a cable-based exercise machine that’s ubiquitous in gyms around the world. This back builder is easy to learn and highly effective, allowing for variable resistance depending on where you place the pin in the stack.",Intermediate,Lats,Strength,Machine
Good,Robertson Half-Kneeling Landmine Press,None,Intermediate,Lats,Strength,Machine
Best,Pullups,"The pull-up is a multi-joint bodyweight exercise that builds strength and muscle in the upper back, biceps, and core. It is often used as a measurement tool in military or tactical fitness tests, and is an excellent gauge of “relative strength” which is strength in relation to bodyweight.",Intermediate,Lats,Strength,Body Only
Best,Pull-up,"The pull-up is a multijoint bodyweight exercise that builds strength and muscle in the upper back, biceps, and core. It is often used as a measurement tool in military or tactical fitness tests, and is an excellent gauge of ""relative strength"" which is strength in relation to body weight.",Beginner,Lats,Strength,Body Only
Best,Muscle Up,None,Intermediate,Lats,Strength,Body Only
Best,Rope climb,"The rope climb is an exercise that is used commonly in CrossFit workouts and as a test of upper-body strength. It was even contested at the Olympics in the early 20th century. It targets a wide range of upper-body musculature, including the hands and forearms, shoulders, biceps, lats (latissimus dorsi), and core.",Intermediate,Lats,Strength,Body Only
Best,Wide-Grip Rear Pull-Up,None,Beginner,Lats,Strength,Body Only
Good,Side To Side Chins,None,Intermediate,Lats,Strength,Body Only
Good,Neutral-grip pull-up,"The neutral-grip pull-up is a multijoint bodyweight exercise in which the reps are performed with the palms facing one another. Like other pull-up variations, it builds strength and muscle in the upper back, biceps, and core. It can be used as a more shoulder-friendly alternative to straight-bar pull-ups, or to help perform more reps than you can perform overhand.",Intermediate,Lats,Strength,Body Only
Good,Kipping Muscle Up,None,Intermediate,Lats,Strength,Body Only
Good,One Arm Against Wall,None,Intermediate,Lats,Stretching,Body Only
Bad,One Handed Hang,"The single-arm hang is a static exercise that involves hanging from a bar by one hand. It is an advanced hanging exercise that demands above-average shoulder stability and grip strength, and may not be appropriate for some people. However, if someone is strong and stable enough to perform it, the movement can help build those same qualities.",Intermediate,Lats,Stretching,Body Only
Bad,Standing side bend stretch,"The standing side bend stretch is a stretching exercise targeting the obliques, the muscles that run along the side of the core. It is a common inclusion in dynamic warm-ups for the upper body, but can also be performed to help ""limber up"" for lifting or athletics anytime.",Intermediate,Lats,Stretching,Body Only
Bad,Burpee to pull-up,The burpee to pull-up is a variation of the bodyweight burpee in which the jump at the top of each rep leads into a jumping pull-up. It is popular in circuit-style and metcon workouts.,Intermediate,Lats,Plyometrics,Body Only
Bad,Negative pull-up,"The negative pull-up is a multijoint bodyweight exercise that focuses on just one half of the traditional pull-up: the lowering, eccentric, or ""negative"" portion. Because muscles are stronger eccentrically than they are concentrically, many people can perform negatives even if they can't perform full pull-ups. For this reason, it is a popular training tool to help people earn their first pull-up rep, or as a back-off exercise after doing full pull-ups.",Intermediate,Lats,Strength,Body Only
Best,Chin-Up,"The a chin-up is a variation of the pull-up exercise in which the reps are performed with the palms facing toward the body, in an underhand position, with a grip that is narrower than shoulder-width. Like other pull-up variations, it builds strength and muscle in the upper back, biceps, and core, but it utilizes the biceps slightly more than overhand pull-ups. It can be used as a more shoulder-friendly alternative to straight-bar pull-ups, or to help perform more reps than you can perform overhand.",Intermediate,Lats,Strength,Body Only
Best,HM Superman Lat Pull,None,Intermediate,Lats,Strength,Body Only
Best,AM Pull-Up,"The pull-up is a multi-joint bodyweight exercise that builds strength and muscle in the upper back, biceps, and core. It is often used as a measurement tool in military or tactical fitness tests, and is an excellent gauge of “relative strength” which is strength in relation to bodyweight.",Intermediate,Lats,Strength,Body Only
Best,UP Chin-Up,None,Intermediate,Lats,Strength,Body Only
Good,Holman Alternating Forward and Side Punch,None,Intermediate,Lats,Strength,Body Only
Good,Jump to pull-up,"The jump to pull-up is a bodyweight exercise that targets the muscles of the back, biceps, and, to a lesser degree, legs. It involves jumping up to a pull-up bar between reps. Similar to a push-press, the legs help power through the most difficult portion of the pull-up, allowing you to perform more reps. Jumping pull-ups are often performed for moderate to high reps, such as 8-12 reps per set or more, as an accessory to other pulling or pull-up training, or as a full-body movement in a circuit or metcon.",Intermediate,Lats,Strength,Body Only
Good,Bent-over scapular slide,The bent-over scapular slide is an upper-body exercise that helps with scapular and shoulder mobility. It is commonly performed for time or reps as part of a dynamic warm-up for the upper body.,Intermediate,Lats,Strength,Body Only
Best,Iron cross stretch,The iron cross stretch is a bodyweight stretch that focuses on hip and thoracic spine mobility.,Intermediate,Lats,Strength,Body Only
Good,Total Fitness Standing Lat Stretch,None,Intermediate,Lats,Strength,Body Only
Bad,King Maker Pull-Up,"The pull-up is a multi-joint bodyweight exercise that builds strength and muscle in the upper back, biceps, and core. It is often used as a measurement tool in military or tactical fitness tests, and is an excellent gauge of “relative strength” which is strength in relation to bodyweight.",Intermediate,Lats,Strength,Body Only
Good,Medicine ball slam,"The medicine ball slam is an explosive exercise for developing power, strength, and speed. Muscles worked include the abdominals, legs, triceps, shoulders, and lats. The slams are usually done in rapid succession to complete one set. It can also be a component of a power or athleticism-focused circuit workout.",Intermediate,Lats,Plyometrics,Medicine Ball
Good,Catch and Overhead Throw,None,Beginner,Lats,Plyometrics,Medicine Ball
Best,FYR2 Bent-Over Medicine Ball Slam,None,Intermediate,Lats,Strength,Medicine Ball
Bad,Dynamic Back Stretch,None,Beginner,Lats,Stretching,None
Bad,Chair Lower Back Stretch,None,Beginner,Lats,Stretching,None
Bad,Side-Lying Floor Stretch,None,Beginner,Lats,Stretching,None
Best,Band good morning-,"The band good morning is an exercise targeting the hamstrings and glutes. It is often performed in powerlifting-style training for high reps, or in the place of barbell good mornings.",Intermediate,Lower Back,Strength,Bands
Bad,FYR2 Monster Banded Good Morning,None,Intermediate,Lower Back,Strength,Bands
Best,Band deadlift,The band deadlift is a lower-body exercise that mainly targets the hamstrings while also benefiting the glutes and lats using a proper hip-hinging motion.,Intermediate,Lower Back,Strength,Bands
Bad,Lower back SMR,"Lower back self-myofascial release (SMR) is a self-administered soft-tissue treatment, usually using a foam roller, lacrosse ball, or other ""trigger point"" massage tool. By applying pressure strategically to the quadratus lumborum or spinal erector (erector spinae) muscles of the lower back, some people find they can cause this often painful and tight area to relax or ""release."" Lower back SMR is often accompanied by SMR on the glutes or piriformis muscles, or by stretches that target the piriformis or hips. However, some people find that SMR on the lower back can aggravate existing pain or injury, so be cautious when performing it.",Intermediate,Lower Back,Stretching,Foam Roll
Best,Barbell deficit deadlift,"The barbell deficit deadlift is a compound exercise targeting the posterior chain. It is commonly utilized in powerlifting training to build pulling strength off the floor, but is also an effective muscle-building movement for the glutes and hamstrings. It is usually performed with lighter weight, and perhaps for higher reps, than traditional deadlifts. If these make your back sore, decrease the deficit and/or wear a weightlifting belt.",Beginner,Lower Back,Powerlifting,Barbell
Best,Deadlift with Bands,None,Beginner,Lower Back,Powerlifting,Barbell
Best,Deadlift with Chains,None,Beginner,Lower Back,Powerlifting,Barbell
Best,Rack Pull with Bands,None,Beginner,Lower Back,Powerlifting,Barbell
Good,Rack pull,"The rack pull is a variation of the deadlift performed from an elevated height, either using boxes, safety pins, or the safeties in a squat rack. It targets all the same muscles as the deadlift, including the glutes, hamstrings, upper back, lower back, and grip. It can be used to strengthen deadlift lockout, but also as a deadlift alternative for people who can't deadlift from the floor without pain.",Intermediate,Lower Back,Powerlifting,Barbell
Good,Seated Good Mornings,None,Beginner,Lower Back,Powerlifting,Barbell
Good,Stiff Leg Barbell Good Morning,None,Beginner,Lower Back,Strength,Barbell
Bad,Reverse Band Deadlift,None,Beginner,Lower Back,Powerlifting,Barbell
Best,Paul Carter Romanian Deadlift,"The barbell stiff-legged deadlift targets the hamstrings, glutes, lower and upper back, as well as the core. It is a popular accessory movement for the deadlift, but also a muscle-building hamstring movement.",Intermediate,Lower Back,Strength,Barbell
Bad,TBS Good Morning,"The barbell good morning is an exercise that targets glute, hamstring, and lower back development. It is often trained as an accessory movement to the deadlift, but also has value on its own. It is sometimes performed for reps in traditional strength-focused rep ranges such as 5-8 reps per set, but due to the risk posed to the lower back, is rarely treated as a max-effort single-rep lift.",Intermediate,Lower Back,Strength,Barbell
Bad,TBS Romanian Deadlift,"The barbell stiff-legged deadlift targets the hamstrings, glutes, lower and upper back, as well as the core. It is a popular accessory movement for the deadlift, but also a muscle-building hamstring movement.",Intermediate,Lower Back,Strength,Barbell
Bad,Barbell deadlift-,"The barbell deadlift is a compound exercise used to develop overall strength and size in the posterior chain. It is a competition lift in the sport of powerlifting, but is also considered a classic benchmark of overall strength. When performed with the hands outside the knees, it is often called a ""conventional"" deadlift. When the feet are wide and the hands are inside the knees, it is a sumo deadlift.",Intermediate,Lower Back,Strength,Barbell
Bad,Deadlift - Gethin Variation,"The barbell deadlift is a compound exercise used to develop overall strength and size in the posterior chain. It is a competition lift in the sport of powerlifting, but is also considered a classic benchmark of overall strength. When performed with the hands outside the knees, it is often called a ""conventional"" deadlift. When the feet are wide and the hands are inside the knees, it is a sumo deadlift.",Intermediate,Lower Back,Strength,Barbell
Bad,Barbell good morning,"The barbell good morning is an exercise that targets glute, hamstring, and lower back development. It is often trained as an accessory movement to the deadlift, but also has value on its own. It is sometimes performed for reps in traditional strength-focused rep ranges such as 5-8 reps per set, but due to the risk posed to the lower back, is rarely treated as a max-effort single-rep lift.",Intermediate,Lower Back,Strength,Barbell
Good,UP Conventional Deadlift,"The barbell deadlift is a compound exercise used to develop overall strength and size in the posterior chain. It is a competition lift in the sport of powerlifting, but is also considered a classic benchmark of overall strength. When performed with the hands outside the knees, it is often called a ""conventional"" deadlift. When the feet are wide and the hands are inside the knees, it is a sumo deadlift.",Intermediate,Lower Back,Strength,Barbell
Bad,30 Day Back Barbell Rack Pull,None,Intermediate,Lower Back,Strength,Barbell
Bad,FYR Sumo Deadlift High Pull,"The kettlebell sumo deadlift high pull is a dynamic kettlebell exercise that focuses on the muscles of the posterior chain, including the hamstrings, glutes, traps, rear delts, and upper back. It can be done in lower reps for power or strength, or higher reps for conditioning and fat loss. It can also be a component of a circuit-style kettlebell workout, either for time or reps.",Intermediate,Lower Back,Strength,Kettlebells
Bad,Kettlebell deadlift,"The kettlebell deadlift is a foundational movement in kettlebell training. It's often taught as a buildup or regression to the kettlebell swing, as well as to instruct the ""hip hinge"" motion in a more approachable manner than with a barbell.",Intermediate,Lower Back,Strength,Kettlebells
Bad,HM Kettlebell Swing,None,Intermediate,Lower Back,Strength,Kettlebells
Bad,KV Romanian Deadlift with Kettlebell,None,Intermediate,Lower Back,Strength,Kettlebells
Bad,FYR2 Kettlebell Good Morning,None,Intermediate,Lower Back,Strength,Kettlebells
Good,FYR2 Kettlebell Romanian Deadlift,None,Intermediate,Lower Back,Strength,Kettlebells
Bad,FYR2 Kettlebell Staggered-Stance Deadlift,None,Intermediate,Lower Back,Strength,Kettlebells
Best,Dumbbell Fix Dumbbell Deadlift,None,Intermediate,Lower Back,Strength,Dumbbell
Bad,Dumbbell skier,"As the name suggests, the dumbbell skier takes the motion of skiing and replaces the poles with dumbbells. The hip and torso motion are similar to a kettlebell swing, as are the muscles it targets, including the hamstrings, glutes, upper back, and grip. However, unlike the traditional kettlebell swing, the arms are outside of the knees. This movement can be performed for time or for reps, but is usually performed for relatively high reps, such as 8-12 sets per rep or more, as part of a fat-loss or athleticism-focused circuit or workout.",Intermediate,Lower Back,Strength,Dumbbell
Best,TBS Dumbbell Romanian Deadlift,"The dumbbell stiff-legged deadlift targets the hamstrings, glutes, low and upper back, as well as the core. The purpose of the stiff-legged, as opposed to Romanian deadlift with slightly bent knees, is to engage the hamstrings and low back to an even greater degree.",Intermediate,Lower Back,Strength,Dumbbell
Bad,Stiff-Legged Dumbbell Deadlift - Gethin Variation,"The dumbbell stiff-legged deadlift targets the hamstrings, glutes, low and upper back, as well as the core. The purpose of the stiff-legged, as opposed to Romanian deadlift with slightly bent knees, is to engage the hamstrings and low back to an even greater degree.",Intermediate,Lower Back,Strength,Dumbbell
Best,UNS Dumbbell Romanian Deadlift,None,Intermediate,Lower Back,Strength,Dumbbell
Best,Holman Slow Deadlift,None,Intermediate,Lower Back,Strength,Dumbbell
Best,Holman Deadlift to Overhead Press,None,Intermediate,Lower Back,Strength,Dumbbell
Bad,Holman Staggered-Stance Deadlift,None,Intermediate,Lower Back,Strength,Dumbbell
Bad,Holman Deadlift to Front Raise,None,Intermediate,Lower Back,Strength,Dumbbell
Bad,Holman Deadlift to Chest Press,None,Intermediate,Lower Back,Strength,Dumbbell
Bad,Holman Deadlift to Squat Thrust,None,Intermediate,Lower Back,Strength,Dumbbell
Good,Holman Deadlift to Biceps Curl,None,Intermediate,Lower Back,Strength,Dumbbell
Best,Dumbbell kickstand deadlift,"The dumbbell kickstand deadlift is a movement targeting the muscles of the hamstrings, glutes, and back. The kickstand position can help focus the stretch and contraction on each individual leg, similar to a single-leg Romanian deadlift, while presenting less of a balance challenge. It can be performed in low reps, such as 5-8 reps per set, for strengthening the posterior chain, or for higher reps for muscle growth.",Intermediate,Lower Back,Strength,Dumbbell
Best,Single-leg stiff-legged deadlift to row,"The single-leg stiff-legged deadlift to row takes two popular strength moves and combines them into one full-body blaster. Between the deadlift and the row, you'll target the glutes, hamstrings, quads, back, and biceps. Because balance can be a challenge, this movement is usually done with relatively light weights for high reps, such as 8-12 reps per set or more.",Intermediate,Lower Back,Strength,Dumbbell
Good,FYR2 Dumbbell Deadlift,None,Intermediate,Lower Back,Strength,Dumbbell
Good,FYR2 Dumbbell Deadlift to Dumbbell Upright Row,None,Intermediate,Lower Back,Strength,Dumbbell
Best,Atlas Stones,None,Intermediate,Lower Back,Strongman,Other
Best,Axle Deadlift,None,Beginner,Lower Back,Strongman,Other
Good,Atlas Stone Trainer,None,Beginner,Lower Back,Strongman,Other
Bad,Partner Flat-Bench Back Extension,"The partner bench back extensionis a clever way to perform this exercise, which works the spinal erectors in the lower back. There are machines and angled apparatus that allow this exercise to performed solo; but, lacking those, all you need is a bench and a workout partner.",Beginner,Lower Back,Strength,Other
Bad,Keg Load,None,Beginner,Lower Back,Strongman,Other
Bad,Partner bench back extension,"The partner bench back extension is a clever way to target the glutes and spinal erector muscles. There are machines and angled benches that allow this exercise to be performed solo, but, lacking those, all you need is a bench and a workout partner. It is usually performed for high reps as a burnout or accessory movement for lower-body training.",Beginner,Lower Back,Strength,Other
Bad,Rack Pull - Gethin Variation,"The rack pull is a variation of the deadlift performed from an elevated height, either using boxes, safety pins, or the safeties in a squat rack. It targets all the same muscles as the deadlift, including the glutes, hamstrings, upper back, lower back, and grip. It can e used to strengthen deadlift lockout, but also as a deadlift alternative for people who can’t deadlift from the floor without pain.",Intermediate,Lower Back,Strength,Other
Good,Hex Bar Deadlift - Gethin Variation,"The hex bar deadlift is a variety of deadlift performed in a hexagonal barbell also known as a trap bar. The bar is held with a parallel (palms in) grip outside of the legs. It is biomechanically different from a barbell deadlift in that it lines up with a lifter’s center of gravity, rather than placing it in front of their body. The trap bar deadlift can be trained in traditional strength and muscle-focused rep range, or for higher reps. It activates all of the same muscle groups as conventional or sumo deadlifts, including the glutes, quads, hamstring, lower back, lats, upper back, and grip.",Intermediate,Lower Back,Strength,Other
Good,Holman Deadlift,None,Intermediate,Lower Back,Strength,Other
Good,ACFT Low-handle trap bar deadlift,"The low-handle trap bar deadlift is a variety of deadlift performed in a hexagonal barbell also known as a trap bar. This specific exercise is part of the new Army Combat Fitness Test or ACFT. The bar is held with a parallel (palms in) grip outside of the legs. It is biomechanically different from a barbell deadlift in that it lines up with a lifter's center of gravity, rather than placing the weight in front of their body. It activates all of the same muscle groups as conventional or sumo deadlifts, including the glutes, quads, hamstrings, lower back, lats, upper back, and grip.",Intermediate,Lower Back,Strength,Other
Best,Neutral-grip lat pull-down,"The neutral-grip lat pull-down is a variation on the lat pull-down that uses a handle with a neutral (palms facing in) grip. This arrangement helps to build lat width and target the upper lats. This movement is usually performed for moderate to high reps, such as 8-12 per set or higher, as part of an upper-body or back-focused workout.",Intermediate,Lower Back,Strength,Cable
Best,Seated cable deadlift,"The seated cable deadlift is a version of the deadlift or hip hinge movement that is performed on a seated cable row machine. Similar to a stiff-legged deadlift or 45-degree back extension, it targets the muscles of the lower back, as well as the glutes and upper back to a lesser degree. It is usually utilized in higher rep ranges, at least 8-12 reps per set, on a back-focused muscle-building day, or as a deadlift accessory lift to strengthen the lower back.",Intermediate,Lower Back,Strength,Cable
Good,Cable stiff-legged deadlift,"The cable stiff-legged deadlift is a lower-body exercise that mainly targets the hamstrings, while also benefiting the glutes using a proper hip-hinging motion.",Intermediate,Lower Back,Strength,Cable
Bad,Single-leg cable stiff-legged deadlift,"The single-leg cable stiff-legged deadlift is a lower-body exercise that mainly targets the hamstrings, while also benefiting the glutes using a proper hip-hinging motion. Training one leg at a time allows for working out imbalances.",Intermediate,Lower Back,Strength,Cable
Good,UNS Banded Dumbbell Romanian Deadlift,None,Intermediate,Lower Back,Strength,Cable
Good,Seated Back Extension,None,Beginner,Lower Back,Strength,Machine
Best,Back extension,"The back extension is an exercise used to build lower back strength that also targets the hamstrings and glutes. It is often performed on a 45-degree bench with the feet anchored. Unweighted back extensions are often performed for high reps, such as 15-20 reps or more, but the movement can also be performed with added weight in lower rep ranges, such as 8-12 reps per set.",Intermediate,Lower Back,Strength,Body Only
Best,Hyperextensions With No Hyperextension Bench,None,Beginner,Lower Back,Strength,Body Only
Good,Superman,"The Superman is a bodyweight exercise that consists of isometric holds in an extended spine position. It targets the muscles of the posterior chain, including the muscles of the glutes, spinal erectors, and upper back. It can be performed as part of a dynamic warm-up, or for muscle activation or mobility anytime.",Intermediate,Lower Back,Stretching,Body Only
Bad,Hug A Ball,None,Intermediate,Lower Back,Stretching,Body Only
Bad,Child's pose,Child’s pose is a traditional yoga pose that is also popular in fitness and strength training. It targets mobility of the thoracic spine and control of the vertebral column. It can be performed for time or reps as part of a dynamic warm-up or as a mobility or restorative exercise anytime. It can also work as part of a yoga or bodyweight sequence with other poses.,Intermediate,Lower Back,Stretching,Body Only
Bad,Pelvic Tilt Into Bridge,None,Intermediate,Lower Back,Stretching,Body Only
Bad,Hug Knees To Chest,None,Intermediate,Lower Back,Stretching,Body Only
Bad,Pyramid,None,Intermediate,Lower Back,Stretching,Body Only
Bad,Partner Superman with alternating high-five,"The partner Superman with alternating high-five is an exercise in which both partners perform isometric holds for reps, high-fiving each other in between. It targets the muscles of the posterior chain, including the muscles of the glutes, spinal erectors, and upper back. It can be performed as part of a dynamic warm-up, or as part of a core or back-focused workout or finisher.",Beginner,Lower Back,Strength,Body Only
Good,Yoga plex,"The yoga plex is a stretch that combines elements of the downward facing dog yoga pose with the “world’s greatest stretch.” It is most commonly performed as part of a dynamic warm-up, to limber up muscles from head to toe, raise the body’s core temperature, and mobilize the hips, upper back, and shoulders.",Intermediate,Lower Back,Stretching,Body Only
Good,TBS Back Extension,"The back extension is an exercise used to build lower back strength that also targets the hamstrings and glutes. It is often performed on a 45-degree bench with the feet anchored. Unweighted back extensions are often performed for high reps, such as 15-20 reps or more, but the movement can also be performed with added weight in lower rep ranges, such as 8-12 reps per set.",Intermediate,Lower Back,Strength,Body Only
Bad,Lower Back Stretch - Yates Variation,"The lying cross-over lower back stretch is a simple bodyweight stretch targeting the lower back, hips, and torso. It involves rotating the legs while lying flat on the back. It is commonly included in dynamic warm-ups, but can also be performed as full-body mobility work anytime.",Intermediate,Lower Back,Strength,Body Only
Best,Hyperextension - Gethin Variation,"The back extension is an exercise used to build lower back strength that also targets the hamstrings and glutes. It is often performed on a 45-degree bench with the feet anchored. Unweighted back extensions are often performed for high reps, such as 15-20 reps or more, but the movement can also be performed with added weight in lower rep ranges, such as 8-12 reps per set.",Intermediate,Lower Back,Strength,Body Only
Bad,Back Extension - Gethin Variation,"The back extension is an exercise used to build lower back strength that also targets the hamstrings and glutes. It is often performed on a 45-degree bench with the feet anchored. Unweighted back extensions are often performed for high reps, such as 15-20 reps or more, but the movement can also be performed with added weight in lower rep ranges, such as 8-12 reps per set.",Intermediate,Lower Back,Strength,Body Only
Best,HM Banana Stretch,None,Intermediate,Lower Back,Strength,Body Only
Good,HM T-Spine Stretch on Wall,None,Intermediate,Lower Back,Stretching,Body Only
Best,HM Child's Pose,None,Intermediate,Lower Back,Strength,Body Only
Good,HM Cobra,None,Intermediate,Lower Back,Strength,Body Only
Bad,HM Cobra With Arm Retraction,None,Intermediate,Lower Back,Strength,Body Only
Best,HM Dive-Bomber,None,Intermediate,Lower Back,Strength,Body Only
Good,HM Downward-Facing Dog Pose,None,Intermediate,Lower Back,Strength,Body Only
Good,HM Downward Dog To Left Leg Extension To Warrior Pose,None,Intermediate,Lower Back,Strength,Body Only
Best,HM Downward Dog To Right Leg Extension To Warrior Pose,None,Intermediate,Lower Back,Strength,Body Only
Best,HM Spine Twist,None,Intermediate,Lower Back,Strength,Body Only
Best,HM Good Morning,None,Intermediate,Lower Back,Strength,Body Only
Bad,HM Rag Doll,None,Intermediate,Lower Back,Strength,Body Only
Good,HM Upward-Facing Dog Pose,None,Intermediate,Lower Back,Strength,Body Only
Good,Superman-,"The Superman is a bodyweight exercise that consists of isometric holds in an extended spine position. It targets the muscles of the posterior chain, including the muscles of the glutes, spinal erectors, and upper back. It can be performed as part of a dynamic warm-up, or for muscle activation or mobility anytime.",Intermediate,Lower Back,Strength,Body Only
Best,Weighted back extension,"The weighted back extension is an exercise targeting the spinal erectors, as well as the glutes and hamstrings. Back extensions are often done for high reps without weight, but when done with weight, they can be an excellent accessory movement for deadlift strength as well as an overall posterior-chain strength builder. Because your back is the limiting factor, it's still an exercise that is usually done for moderate to high reps, such as 8-12 reps per set or higher. You can weight it with a plate or by holding a dumbbell or other weight in your hands.",Intermediate,Lower Back,Strength,Body Only
Bad,MetaBurn Alternating Superman,None,Intermediate,Lower Back,Strength,Body Only
Good,MetaBurn Swimmer,None,Intermediate,Lower Back,Strength,Body Only
Bad,Dancer's Stretch,None,Beginner,Lower Back,Stretching,None
Bad,Cat Stretch,None,Beginner,Lower Back,Stretching,None
Bad,Crossover Reverse Lunge,None,Beginner,Lower Back,Stretching,None
Bad,Standing Pelvic Tilt,None,Beginner,Lower Back,Stretching,None
Good,Exercise ball weighted hyperextension,"The exercise ball weighted hyperextension is an exercise that strengthens the lower back. If balance is an issue, have someone hold your feet.",Beginner,Lower Back,Strength,Exercise Ball
Good,Exercise ball rear delt fly,"The exercise ball rear delt fly is a dumbbell exercise targeting the rear heads of the shoulders, as well as the muscles of the upper-middle back. Lying prone on an exercise ball offers support to perform the movement. It is generally performed for moderate to high reps as a part of upper body or shoulder training.",Intermediate,Lower Back,Strength,Exercise Ball
Good,Lying rear delt Y,"The lying rear delt Y works the shoulders, specifically the rear heads, as well as the lower trapezius muscles. At the top of the motion, the arms and torso form a Y—hence the name. Shoulder Y variations are usually performed with light weights as a warm-up or prehab movement for upper-body training, or as a burnout on shoulder day.",Intermediate,Lower Back,Strength,Exercise Ball
Bad,Partner Facing Feet-Elevated Side Plank With Band Row,None,Beginner,Middle Back,Strength,Bands
Bad,Partner side plank band row,The partner side plank band row is an abdominal exercise where two partners perform side planks while pulling on the opposite ends of an exercise band. This technique can be done for time or reps in any ab-focused workout.,Intermediate,Middle Back,Strength,Bands
Good,Band-assisted chin-up,"The band-assisted chin-up is a variation of the pull-up exercise in which the reps are performed with the palms facing toward the body in an underhand position, with a band looped around the feet or knees. This reduces weight and resistance at the bottom of the rep, while increasing it toward the top. Like other pull-up variations, it builds strength and muscle in the upper back, biceps, and core, but it utilizes the biceps slightly more than overhand band-assisted pull-ups.",Intermediate,Middle Back,Strength,Bands
Best,30 Back Band-Assisted Pull-Up,None,Intermediate,Middle Back,Strength,Bands
Best,30 Back Reverse-Grip Band-Assisted Pull-Up,None,Intermediate,Middle Back,Strength,Bands
Good,Band bent-over row,"The band bent-over row is an exercise to develop and strengthen the muscles of the upper and middle back, like the latissimus (lat), lower trapezius, and rear deltoids. Bands provide dynamic resistance and can work equally well in strength, muscle-building, or circuit-style fat-loss workouts.",Intermediate,Middle Back,Strength,Bands
Bad,Heavy band bent-over row,"The heavy band bent-over row is a variation of the popular barbell exercise to develop and strengthen the muscles of the upper and middle back, like the latissimus (lats), lower trapezius, and rear deltoids. It can work equally well in strength, muscle-building, or circuit-style fat-loss workouts.",Intermediate,Middle Back,Strength,Bands
Best,Reverse-grip bent-over row,"The reverse-grip bent-over row is a compound exercise used to build strength and size in both the lower and upper back. It targets nearly all of the muscles in the back, but particularly the lats, rhomboids, and lower back. It is thought to target the biceps and lats a bit more directly than overhand barbell rows. Because it can be loaded heavily, it is a popular movement in strength and muscle-focused upper-body workouts.",Intermediate,Middle Back,Strength,Barbell
Best,One-Arm Long Bar Row,"The single-arm landmine bent-over row is a barbell exercise focused on the muscles of the middle back, such as the lats (latissimus dorsi) and rhomboids. It also targets the biceps and grip. It utilizes a landmine device which anchors one end of the barbell near the ground, but could also be approximated by placing the barbell in the corner of a room.",Intermediate,Middle Back,Strength,Barbell
Best,Bent Over Barbell Row,"The barbell bent-over row is a compound exercise used to build strength and size in both the lower and upper back. It targets nearly all of the muscles in the back, but particularly the lats, rhomboids, and lower back. It is commonly utilized as an accessory movement for the deadlift in powerlifting, but is also popular in strength and muscle-focused upper-body workouts.",Intermediate,Middle Back,Strength,Barbell
Good,Yates Row Reverse Grip,None,Beginner,Middle Back,Strength,Barbell
Good,Pendlay Row,"The Pendlay row, named after the well-known strength coach Glenn Pendlay, is a bent-over row variation where each rep starts with the barbell resting on the ground. This eliminates the stretch reflex and forces the lifter to pull with power and a bent-over spine. The Pendlay row can be performed heavy for low reps, but is usually performed for moderate reps, such as 5-8 per set.",Intermediate,Middle Back,Strength,Barbell
Good,Straight Bar Bench Mid Rows,None,Beginner,Middle Back,Strength,Barbell
Good,Barbell seal row,"The barbell seal row is a weighted exercise targeting the muscles of the middle back, including the lats (latissimus dorsi) and rhomboids. It can be performed on a special elevated bench, on a bench placed on top of boxes or benches, or on a bench with a slight incline. The higher the bench, the greater the range of motion and stretch at the bottom of the movement. It is usually performed as an assistance movement for back strength and muscle growth, in rep ranges of 8-12 reps per set or higher.",Intermediate,Middle Back,Strength,Barbell
Bad,Yates Row,None,Beginner,Middle Back,Strength,Barbell
Bad,Plate Row,None,Beginner,Middle Back,Strength,Barbell
Bad,Barbell Deadlift Bent Row Complex,"The barbell deadlift bent-over row complex combines two movements to target the posterior chain. It requires using a lighter weight than you could handle for heavy deadlifts alone, but doubles down on activation in the upper back, lower back, and glutes.",Beginner,Middle Back,Strength,Barbell
Bad,Single-Arm Landmine Row,None,Beginner,Middle Back,Strength,Barbell
Good,TBS T-Bar Row,None,Intermediate,Middle Back,Strength,Barbell
Bad,TBS Deficit Deadlift,The barbell deficit deadlift is a compound exercise targeting the posterior chain.,Intermediate,Middle Back,Strength,Barbell
Best,Bent-Over Barbell Row - Gethin Variation,"The barbell bent-over row is a compound exercise used to build strength and size in both the lower and upper back. It targets nearly all of the muscles in the back, but particularly the lats, rhomboids, and lower back. It is commonly utilized as an accessory movement for the deadlift in powerlifting, but is also popular in strength and muscle-focused upper-body workouts.",Intermediate,Middle Back,Strength,Barbell
Bad,Barbell bent-over row,"The barbell bent-over row is a compound exercise used to build strength and size in both the lower and upper back. It targets nearly all of the muscles in the back, but particularly the lats, rhomboids, and lower back. It is commonly utilized as an accessory movement for the deadlift in powerlifting, but is also popular in strength and muscle-focused upper-body workouts.",Intermediate,Middle Back,Strength,Barbell
Good,UN Barbell Rack Pull,None,Intermediate,Middle Back,Strength,Barbell
Best,UN Barbell Scrape The Rack,None,Intermediate,Middle Back,Strength,Barbell
Bad,Barbell deadlift bent-over row complex,"The barbell deadlift bent-over row complex combines two movements to target the posterior chain. It requires using a lighter weight than you could handle for heavy deadlifts alone, but doubles down on activation in the upper back, lower back, and glutes.",Intermediate,Middle Back,Strength,Barbell
Bad,30 Back Barbell Deadlift,None,Intermediate,Middle Back,Strength,Barbell
Bad,30 Back Bent-Over Barbell Row,None,Intermediate,Middle Back,Strength,Barbell
Good,30 Back T-Bar Row,None,Intermediate,Middle Back,Strength,Barbell
Bad,30 Back Underhand Bent-Over Barbell Row,None,Intermediate,Middle Back,Strength,Barbell
Best,Kettlebell alternating renegade row,"The kettlebell alternating renegade row combines rowing and core training into a single difficult movement. It's popular in time-efficient strength and muscle-building workouts, as well as in circuit-style training.",Intermediate,Middle Back,Strength,Kettlebells
Good,Alternating Kettlebell Row,None,Intermediate,Middle Back,Strength,Kettlebells
Good,Two-Arm Kettlebell Row,None,Beginner,Middle Back,Strength,Kettlebells
Good,Kettlebell bent-over row to clean,"The kettlebell bent-over row to clean is a combination kettlebell exercise that targets many of the muscles of the upper body including the lats (latissimus dorsi), biceps, shoulders, and core. It also strengthens and trains power output of the lower body. It can be done for reps or for time as a strength or muscle-focused complex, or in circuit-style training for conditioning or fat loss.",Intermediate,Middle Back,Strength,Kettlebells
Bad,UP Deficit Kettlebell Stiff-Legged Deadlift,"The kettlebell deficit deadlift is a more advanced version of the kettlebell deadlift movement that is performed standing on steps or boxes. It can be done to build strength or hip mobility for squats or deadlifts, in high reps or in more traditional strength and muscle-focused rep ranges.",Intermediate,Middle Back,Strength,Kettlebells
Good,FYR2 Dagger-Grip Double-Kettlebell Gorilla Row,None,Intermediate,Middle Back,Strength,Kettlebells
Best,FYR2 Double-Kettlebell Swing Clean,None,Intermediate,Middle Back,Strength,Kettlebells
Good,Single-arm kettlebell row-,"The single-arm kettlebell row is a popular muscle- and strength-building exercise that works the muscles of the back and core simultaneously. It has all the same benefits as a single-arm dumbbell row, but some people find a kettlebell more comfortable to hold during the movement.",Intermediate,Middle Back,Strength,Kettlebells
Good,FYR2 Ascending-Rep Swing-Squat Complex,None,Intermediate,Middle Back,Strength,Kettlebells
Best,One-Arm Dumbbell Row,"The single-arm bench dumbbell row is a popular exercise for building the latissimus dorsi, or lat, muscles of the back. The bench is used for support during the rowing motion.",Intermediate,Middle Back,Strength,Dumbbell
Best,Incline dumbbell row,"The incline dumbbell row is an upper-body exercise targeting the lats (latissimus dorsi) and upper-back muscles, as well as the biceps. Performing it on an incline bench helps target the lower lats in particular. Dumbbell row variations are usually performed for moderate to high reps, such as 8-12 reps per set or more, as part of the upper-body or back-focused portion of a workout.",Intermediate,Middle Back,Strength,Dumbbell
Best,Bent Over Two-Dumbbell Row With Palms In,None,Beginner,Middle Back,Strength,Dumbbell
Good,Man-maker,"The man-maker is a sequence of exercises combining a dumbbell front squat, military press, renegade row, and sprawl. Between these movements it challenges muscles across the body, along with the cardiovascular system. It can be performed for rounds or for time as a single full-body exercise or as part of a fat-loss or athleticism-focused workout.",Intermediate,Middle Back,Strength,Dumbbell
Good,Dumbbell bent-over row,"The dumbbell bent-over row is a popular exercise to develop and strengthen the muscles of the upper and middle back, like the latissimus (lat), lower trapezius, and rear deltoids. It can work equally well in strength, muscle-building, or circuit-style fat-loss workouts.",Intermediate,Middle Back,Strength,Dumbbell
Good,Middle Back Shrug,None,Beginner,Middle Back,Strength,Dumbbell
Good,Dumbbell pull-over to skullcrusher,"The dumbbell pull-over to skullcrusher is a complex that combines two popular exercises into one sequence that works much of the upper body, particularly the chest, triceps, and serratus anterior muscles. Because the pull-over will determine the amount of weight you can use, this movement is usually performed for moderate to high reps, such as 8-12 reps per set or more, as part of the upper-body portion of a workout.",Intermediate,Middle Back,Strength,Dumbbell
Best,Dumbbell Fix Single-Arm Dumbbell Row,None,Intermediate,Middle Back,Strength,Dumbbell
Good,Dumbbell Fix Bent-Over Dumbbell Row,None,Intermediate,Middle Back,Strength,Dumbbell
Best,Dumbbell Seal Row - Gethin Variation,"The dumbbell seal row is a weighted exercise targeting the muscles of the middle back, including the lats (latissimus dorsi) and rhomboids. It can be performed on a special elevated bench, on a bench placed on top of boxes or benches, or on a bench with a slight incline. The higher the bench, the greater the range of motion and stretch at the bottom of the movement. It is usually performed as an assistance movement for back strength and muscle growth, in rep ranges of 8-12 reps per set or higher.",Intermediate,Middle Back,Strength,Dumbbell
Bad,Decline dumbbell chest fly,"The decline dumbbell chest fly is an upper-body exercise targeting the muscles of the chest, particularly the lower chest. It will require less weight than a decline press, which makes it a great hypertrophy exercise with high reps. Fly variations are usually performed for moderate to high reps, such as 8-12 reps per set or more.",Intermediate,Middle Back,Strength,Dumbbell
Bad,TBS Bent-Over Dumbbell Row,"The dumbbell bent-over row is a popular exercise to develop and strengthen the muscles of the upper and middle back, like the latissimus (lat), lower trapezius, and rear deltoids. It can work equally well in strength, muscle-building, or circuit-style fat-loss workouts.",Intermediate,Middle Back,Strength,Dumbbell
Bad,HM Alternating Bent-Over Quick Row,None,Intermediate,Middle Back,Strength,Dumbbell
Bad,HM Bent-Over Dumbbell Row,None,Intermediate,Middle Back,Strength,Dumbbell
Best,AM Single Arm Row,"The single-arm bench dumbbell row is a popular exercise for building the latissimus dorsi, or lat, muscles of the back. The bench is used for support during the rowing motion.",Intermediate,Middle Back,Strength,Dumbbell
Bad,Dumbbell stiff-legged deadlift,"The dumbbell stiff-legged deadlift is a dumbbell exercise that targets the hamstrings, glutes, lower and upper back, and core. The difference between a stiff-legged deadlift and a Romanian deadlift is primarily the amount of knee bend. The knees are only slightly bent in a stiff-legged deadlift, while they bend more in a Romanian deadlift. Stiff-legged deadlifts are generally performed for low to moderate reps, such as 8-10 reps per set, with a focus on maximizing the hamstring stretch rather than moving heavy weight. Feel free to wear a weight belt to protect your lower back.",Intermediate,Middle Back,Strength,Dumbbell
Bad,Single-arm bench dumbbell row,"The single-arm bench dumbbell row is a popular exercise for building the latissimus dorsi, or lat, muscles of the back. The bench is used for support during the rowing motion.",Intermediate,Middle Back,Strength,Dumbbell
Best,UN Bent-Over Dumbbell Row,None,Intermediate,Middle Back,Strength,Dumbbell
Bad,UN Dumbbell RDL,None,Intermediate,Middle Back,Strength,Dumbbell
Good,UN Chest Supported Row,None,Intermediate,Middle Back,Strength,Dumbbell
Good,MetaBurn Bent-Over Renegade Row,None,Intermediate,Middle Back,Strength,Dumbbell
Good,30 Back Bent-Over Dumbbell Row,None,Intermediate,Middle Back,Strength,Dumbbell
Bad,30 Back Dumbbell Pull-Over,None,Intermediate,Middle Back,Strength,Dumbbell
Good,30 Back Incline Dumbbell Row,None,Intermediate,Middle Back,Strength,Dumbbell
Good,30 Back Single-Arm Dumbbell Row,None,Intermediate,Middle Back,Strength,Dumbbell
Best,30 Back Single-Arm Dumbbell Swing Row,None,Intermediate,Middle Back,Strength,Dumbbell
Best,T-Bar Row with Handle,None,Intermediate,Middle Back,Strength,Other
Best,T-Bar Row,None,Intermediate,Middle Back,Strength,Other
Best,Alternating sit-through with crunch,"The alternating sit-through with crunch is a full-body movement that starts in a bear crawl position and ends with a leg kicked out to the side. In between reps, you perform a crunch. It is commonly performed for reps or time in bodyweight circuits and animal-style flows, but can also work on its own or as part of a dynamic warm-up or mobility sequence.",Intermediate,Middle Back,Strength,Other
Best,Seated Cable Rows,"The cable seated row is a popular exercise to train the muscles of the upper back, including the lats (latissimus dorsi), traps, rhomboids, and rear deltoids, using a cable stack. It also targets the biceps to a lesser degree. The cable row can work well in a variety of rep-ranges, but is most popular in muscle-building workouts or as an accessory movement for strength workouts.",Intermediate,Middle Back,Strength,Cable
Best,Upside-down pull-up,"The upside-down pull-up is an advanced bodyweight exercise that is normally performed on a pair of gymnastic rings. It involves pulling the body toward the ceiling in an inverted position. It targets the same muscles as traditional pull-ups, including the lats (latissimus dorsi), biceps, and core. However, the pulling angle is more akin to a bent-over row or upright row, depending on the angle of your hips.",Intermediate,Middle Back,Strength,Other
Good,Smith machine inverted row,"The Smith machine inverted row is a bodyweight exercise targeting the muscles of the lats (latissimus dorsi) and upper back, using the bar of the Smith machine to hang and pull from. You can change the bar height to customize the difficulty level and desired angle of the row. This variation is usually performed for moderate to high reps, such as 8-12 reps per set or more.",Intermediate,Middle Back,Strength,Other
Good,Lying T-Bar Row,None,Intermediate,Middle Back,Strength,Other
Good,Suspended row,"The suspended row is a bodyweight pulling exercise that focuses on the muscles of the middle and upper back, as well as the biceps. It can be trained in traditional muscle-building rep ranges or for higher reps. It can also work as part of a dynamic warm-up for a pressing or pulling-focused workout.",Intermediate,Middle Back,Strength,Other
Good,Inverted Row with Straps,None,Beginner,Middle Back,Strength,Other
Good,One Arm Chin-Up,None,Beginner,Middle Back,Strength,Other
Bad,Sled Row,None,Beginner,Middle Back,Strength,Other
Good,Paul Carter T-Bar Row,None,Intermediate,Middle Back,Strength,Other
Best,Single-Arm Bent-Over Rear Delt Raise - Gethin Variation,"The single-arm bent-over rear delt fly or rear delt raise is a popular upper-body exercise that targets the muscles on the back of the shoulder joint, specifically the rear head of the deltoid. Since pressing movements build the front and (to a lesser degree) side deltoid heads, this move is often done to promote balanced shoulder development. It is usually performed for high reps, such as 10-15 reps per set or more, as part of a shoulder or upper-body workout.",Intermediate,Middle Back,Strength,Other
Best,30 Back Plate Hyperextension,None,Intermediate,Middle Back,Strength,Other
Best,Seated Cable Rows,"The cable seated row is a popular exercise to train the muscles of the upper back, including the lats (latissimus dorsi), traps, rhomboids, and rear deltoids, using a cable stack. It also targets the biceps to a lesser degree. The cable row can work well in a variety of rep-ranges, but is most popular in muscle-building workouts or as an accessory movement for strength workouts.",Intermediate,Middle Back,Strength,Cable
Best,Single-arm cable seated row,"The single-arm cable seated row is a version of the cable row movement that trains the muscles of the upper back one side at a time. It targets a wide range of muscles including the lats (latissimus dorsi), traps, rhomboids, and rear deltoids. It also targets the biceps to a lesser degree. The single-arm row can work well in a variety of rep ranges but is most popular in muscle-building workouts or as an accessory movement for strength workouts.",Intermediate,Middle Back,Strength,Cable
Good,Paul Carter Lat Pull-Down,"The lat pull-down is a cable-based exercise machine that’s ubiquitous in gyms around the world. This back builder is easy to learn and highly effective, allowing for variable resistance depending on where you place the pin in the stack.",Intermediate,Middle Back,Strength,Cable
Best,TBS Lat Pull-Down,None,Intermediate,Middle Back,Strength,Cable
Bad,One-Arm Cable Read Delt Fly - Gethin Variation,"The single-arm bent-over cable rear delt fly is an exercise targeting the rear deltoids. It is a great way to isolate this area of the shoulder and attack each side independently. It is usually performed for moderate to high reps, at least 8-12 reps per set, as part of an upper-body or shoulder-focused workout.",Intermediate,Middle Back,Strength,Cable
Best,UP Seated Cable Row,"The cable seated row is a popular exercise to train the muscles of the upper back, including the lats (latissimus dorsi), traps, rhomboids, and rear deltoids, using a cable stack. It also targets the biceps to a lesser degree. The cable row can work well in a variety of rep-ranges, but is most popular in muscle-building workouts or as an accessory movement for strength workouts.",Intermediate,Middle Back,Strength,Cable
Bad,UP Cable Straight-Arm Pull-Down,"The straight-arm rope pull-down is a variation of the straight-arm lat pull-down performed using a cable stack machine and a rope grip. It can either be performed in an athletic upright stance, or slightly bent-over. It both stretches and contracts the muscles of the lats (latissimus dorsi) as well as providing additional activation to the other upper back muscles and the core. Because the triceps are also isometrically involved in the movement, it is usually performed for higher reps, like 8-15 reps or above.",Intermediate,Middle Back,Strength,Cable
Bad,UN Cable Pull-Through,None,Intermediate,Middle Back,Strength,Cable
Good,30 Back Close-Grip Seated Cable Row,None,Intermediate,Middle Back,Strength,Cable
Bad,30 Back Incline Face-Up Cable Pull-Down,None,Intermediate,Middle Back,Strength,Cable
Best,30 Back Kneeling High Cable Pull-Down,None,Intermediate,Middle Back,Strength,Cable
Good,30 Back Leaning V-Bar Pull-Down,None,Intermediate,Middle Back,Strength,Cable
Good,30 Back Reverse-Grip Pull-Down,None,Intermediate,Middle Back,Strength,Cable
Bad,30 Back Standing Low Cable Bar Row,None,Intermediate,Middle Back,Strength,Cable
Best,30 Back Standing Low Cable Rope Row,None,Intermediate,Middle Back,Strength,Cable
Good,30 Back Straight-Arm Bar Pull-Down,None,Intermediate,Middle Back,Strength,Cable
Best,30 Back Straight-Arm Rope Pull-Down,None,Intermediate,Middle Back,Strength,Cable
Good,30 Back Wide-Grip Behind-The-Head Pull-Down,None,Intermediate,Middle Back,Strength,Cable
Best,30 Back Wide-Grip Pull-Down,None,Intermediate,Middle Back,Strength,Cable
Bad,30 back Wide-Grip Seated Cable Row,None,Intermediate,Middle Back,Strength,Cable
Best,Rower,"The rower is a popular gym machine that is serious cardiovascular work, but also targets the legs, back, and arm muscles. It's a great way build overall aerobic and muscular fitness. It is popular in CrossFit-style workouts, but is also a staple in all types of gyms. It can be equally effective for HIIT-style interval workouts or for longer-duration endurance work.",Intermediate,Middle Back,Cardio,Machine
Best,Seated Cable Rows,"The cable seated row is a popular exercise to train the muscles of the upper back, including the lats (latissimus dorsi), traps, rhomboids, and rear deltoids, using a cable stack. It also targets the biceps to a lesser degree. The cable row can work well in a variety of rep-ranges, but is most popular in muscle-building workouts or as an accessory movement for strength workouts.",Intermediate,Middle Back,Strength,Cable
Good,Smith machine bent-over row,"The Smith machine bent-over row is an upper-body exercise targeting the muscles of the back, particularly the lats (latissimus dorsi). This movement can be programmed in low reps for strength or higher reps for muscle and strength endurance. It is often performed for moderate to high reps, such as 8-12 reps per set or more, as part of an upper-body or back-focused workout.",Intermediate,Middle Back,Strength,Machine
Good,Leverage High Row,The machine high row is an exercise targeting the lats and works the back overall.,Beginner,Middle Back,Strength,Machine
Best,Machine Low Row,The machine low row is an exercise targeting the back muscles.,Intermediate,Middle Back,Strength,Machine
Bad,Standing lat pull-down,"The standing lat pull-down is a variation of the lat pull-down performed standing next to a cable stack rather than sitting on a bench or machine. It has all of the same benefits of a lat pull-down performed on a bench or machine, in addition to providing further activation to the core and lower body. If you are too tall to perform this movement, a kneeling lat pull-down provides all of the same benefits.",Intermediate,Middle Back,Strength,Machine
Bad,30 Back Machine Seated Row,None,Intermediate,Middle Back,Strength,Machine
Bad,30 Back Smith Machine Push-Up,None,Intermediate,Middle Back,Strength,Machine
Good,Mixed Grip Chin,None,Intermediate,Middle Back,Strength,Body Only
Bad,Rhomboids SMR,"Rhomboids self-myofascial release (SMR) is a self-administered soft-tissue treatment for the upper body, usually using a foam roller, lacrosse ball, or other ""trigger point"" massage tool. By applying pressure strategically to the rhomboid muscles of the mid back, some people find they can cause this often painful and tight area to relax or ""release."" Rhomboids SMR is often accompanied by SMR on the lats, or by stretches that target the rhomboids or lats.",Intermediate,Middle Back,Stretching,Body Only
Bad,Spinal Stretch,None,Intermediate,Middle Back,Stretching,Body Only
Bad,Upper Back Stretch,None,Intermediate,Middle Back,Stretching,Body Only
Bad,Middle Back Stretch,None,Intermediate,Middle Back,Stretching,Body Only
Best,TBS Pull-Up,None,Intermediate,Middle Back,Strength,Body Only
Best,HM Angel Stretch,None,Intermediate,Middle Back,Strength,Body Only
Best,UNS Foam Roll Upper Back,None,Intermediate,Middle Back,Strength,Body Only
Good,30 Back Neutral-Grip Pull-Down,None,Intermediate,Middle Back,Strength,Body Only
Good,30 Back Pull-Up,None,Intermediate,Middle Back,Strength,Body Only
Bad,30 Back Reverse-Grip Pull-Up,None,Intermediate,Middle Back,Strength,Body Only
Best,ACFT Medicine ball overhead power throw,"The medicine ball overhead power throw is an explosive exercise targeting the abdominals and hips. This specific exercise is part of the new Army Combat Fitness Test or ACFT. It can be performed for lower reps with a focus on power or for higher reps with a focus on fat loss and conditioning. It begins in a semi-squat position holding a medicine ball, which then gets ""scooped"" up and thrown overhead in one continuous movement.",Intermediate,Middle Back,Strength,Medicine Ball
Good,Upright Row - With Bands,None,Beginner,Traps,Strength,Bands
Best,Band seated row,"The band seated row is a band alternative to the popular cable exercise and trains the muscles of the upper back, including the lats (latissimus dorsi), traps, rhomboids, and rear deltoids. It also targets the biceps to a lesser degree. The band row can work well in a variety of rep ranges, requiring a heavier band for muscle-building and strength workouts and a lighter band for weight-loss work and as an accessory movement.",Intermediate,Traps,Strength,Bands
Good,Barbell shrug,"The barbell shrug is an exercise targeting the traps (trapezius muscles). It is popular in strength and muscle-focused upper-body training, and is often trained on a shoulder day. With the assistance of straps, it can be loaded heavily, but it is still usually performed for moderate to high reps, such as 8-10 reps per set.",Intermediate,Traps,Strength,Barbell
Good,Barbell behind-the-back shrug,"The barbell behind-the-back shrug is an exercise targeting the traps. Having the bar behind you helps keep your shoulders pulled up and back, rather than rounded forward. It is popular in strength and muscle-focused upper-body training, and is often trained on a shoulder day. With the assistance of straps, it can be loaded heavily, but it is still usually performed for moderate to high reps, such as 8-10 reps per set.",Intermediate,Traps,Strength,Barbell
Good,Clean Shrug,None,Beginner,Traps,Olympic Weightlifting,Barbell
Good,Snatch Shrug,None,Beginner,Traps,Olympic Weightlifting,Barbell
Good,Single-arm inverted row,"The single-arm inverted row is a bodyweight exercise targeting the muscles of the lats (latissimus dorsi) and upper back, using the bar of the Smith machine to hang and pull from. You can change the bar height to customize the difficulty level and desired angle of the row.",Intermediate,Traps,Strength,Barbell
Best,Kettlebell sumo deadlift high pull,"The kettlebell sumo deadlift high pull is a dynamic kettlebell exercise that focuses on the muscles of the posterior chain, including the hamstrings, glutes, traps, rear delts, and upper back. It can be done in lower reps for power or strength, or higher reps for conditioning and fat loss. It can also be a component of a circuit-style kettlebell workout, either for time or reps.",Intermediate,Traps,Strength,Kettlebells
Best,Standing dumbbell shrug,"The standing dumbbell shrug is a popular movement to build and strengthen the trapezius muscles. It's often trained on a bodybuilding-style shoulder or back training day, but can also work well in full-body or strength-focused training.",Intermediate,Traps,Strength,Dumbbell
Best,Standing dumbbell upright row,"The standing dumbbell upright row is a popular movement for building stronger and bigger traps and shoulders. Many lifters combine this move with either their back or shoulder workout, since it involves both body parts. It is generally performed for moderate to high reps, such as 8-12 reps per set or more.",Intermediate,Traps,Strength,Dumbbell
Good,Dumbbell pull-over,"The dumbbell pull-over is a popular muscle and strength-building exercise that targets the muscles of the chest, upper back, lats, and the serratus anterior. It was a favorite of old-school bodybuilders, who believed high-rep pull-overs helped build a V-taper shape in the torso.",Intermediate,Traps,Strength,Dumbbell
Good,Standing Dumbbell Shrug - Gethin Variation,"The standing dumbbell shrug is a popular movement to build and strengthen the trapezius muscles. It’s a often trained on a bodybuilding-style shoulder or back training day, but can also work well in full-body or strength-focused training.",Intermediate,Traps,Strength,Dumbbell
Best,Single-arm dumbbell row,"The single-arm dumbbell row is a popular exercise for building the latissimus dorsi, or lat, muscles of the back. It is most often performed for moderate to high reps, such as 8-12 reps per arm or more, as part of a muscle-building upper-body or back-focused portion of a workout.",Intermediate,Traps,Strength,Dumbbell
Best,Lying Face Down Plate Neck Resistance,None,Beginner,Neck,Strength,Other
Good,Lying Face Up Plate Neck Resistance,None,Beginner,Neck,Strength,Other
Good,Seated Head Harness Neck Resistance,None,Beginner,Neck,Strength,Other
Good,Cable straight-bar upright row,"The cable straight-bar upright row is an isolation exercise for the traps and the medial deltoids. It may not be appropriate for all lifters depending on their shoulder health and injury history. It is usually performed for moderate to high reps, such as 8-12 reps per set or more, as part of an upper-body or shoulder-focused workout.",Intermediate,Traps,Strength,Cable
Good,Cable shrug,"The cable shrug is an exercise targeting the traps, as well as hitting the shoulders and upper back. Cables allow for lighter loading which is beneficial for higher-rep sets.",Intermediate,Traps,Strength,Cable
Best,Smith machine shrug,"The Smith machine shrug is an upper-body exercise targeting the traps (trapezius muscles). It is usually performed for moderate to high reps, such as 8-12 reps per set or more, as part of shoulder or trap-focused training.",Intermediate,Traps,Strength,Machine
Best,Leverage Shrug,None,Intermediate,Traps,Strength,Machine
Best,Calf-Machine Shoulder Shrug,None,Beginner,Traps,Strength,Machine
Good,Smith machine behind-the-back shrug,"The Smith machine behind-the-back shrug is an upper-body exercise targeting the traps (trapezius muscles). It is usually performed for moderate to high reps, such as 8-12 reps per set or more, as part of shoulder or trap-focused training.",Intermediate,Traps,Strength,Machine
Good,Smith machine upright row,"The Smith machine upright row is an upper-body exercise targeting the muscles of the traps and shoulders. This movement is often performed for moderate to high reps, such as 8-12 reps per set or more, as part of an upper-body or shoulder-focused workout.",Intermediate,Traps,Strength,Machine
Bad,Machine low row-,"The machine low row is a popular exercise targeting the back muscles, particularly the lats (latissimus dorsi), rhomboids, and middle and lower trapezius. Machine row variations are often performed for moderate to high reps, such as 8-12 reps per set or more, as part of an upper-body or back-focused portion of a workout.",Intermediate,Traps,Strength,Machine
Good,Machine Shrug - Gethin Variation,None,Intermediate,Traps,Strength,Machine
Best,Smith machine single-arm shrug,"The Smith machine single-arm shrug is an upper-body exercise targeting the traps (trapezius muscles). It is usually performed for moderate to high reps, such as 8-12 reps per set or more, as part of shoulder or trap-focused training.",Intermediate,Traps,Strength,Machine
Good,Isometric Neck Exercise - Sides,None,Beginner,Neck,Strength,Body Only
Good,Isometric Neck Exercise - Front And Back,None,Beginner,Neck,Strength,Body Only
Bad,Neck Bridge Prone,None,Beginner,Neck,Strength,Body Only
Bad,Side Neck Stretch,None,Intermediate,Neck,Stretching,Body Only
Bad,Neck-SMR,None,Intermediate,Neck,Stretching,Body Only
Good,Scapular Pull-Up,None,Beginner,Traps,Strength,None
Best,Single-leg depth squat,"The single-leg depth squat is an exercise targeting the muscles of the lower body, including the quads, glutes, and hamstrings. It is sometimes used as a substitute for the pistol squat, since it doesn't demand the same level of flexibility to perform. It is usually performed for low to moderate reps with a focus on proper form and control.",Intermediate,Quadriceps,Strength,Bands
Good,Squats - With Bands,None,Beginner,Quadriceps,Strength,Bands
Bad,Hip Flexion with Band,None,Beginner,Quadriceps,Strength,Bands
Bad,Forward Band Walk,None,Beginner,Quadriceps,Strength,Bands
Bad,Boss Everline Resistance-Band Pull Sprint,None,Intermediate,Quadriceps,Strength,Bands
Bad,Banded jump squat,"The banded jump squat is an explosive bodyweight squat variation performed with a band around the thighs just above the knees. This increases muscle activation in the hips and glutes, while the squat targets the quads, hamstrings, and glutes. The banded jump squat can be performed for low reps as a power-focused exercise, or for higher reps to build muscle in the lower body, challenge conditioning, and burn fat.",Intermediate,Quadriceps,Strength,Bands
Bad,Speed Box Squat,"The banded barbell box squat is a strength and power exercise targeting the lower body. It is popular in powerlifting training, either performed with light weights as a power and speed exercise, or heavier for strength. It is usually performed to a box of a height that demands the squatter to decent to around parallel.",Intermediate,Quadriceps,Powerlifting,Bands
Best,HM Banded Squat Toe Tap,None,Intermediate,Quadriceps,Strength,Bands
Bad,UP Band Abducted Squat,None,Intermediate,Quadriceps,Strength,Bands
Best,FYR2 Lateral Band Walk,None,Intermediate,Quadriceps,Strength,Bands
Best,FYR2 Banded Squat Hold-Pulse-Jump Complex,None,Intermediate,Quadriceps,Strength,Bands
Good,Band split squat,"The band split squat is a band movement targeting the quads, glutes, and hamstrings. It can be performed either for time or reps, and is often included as part of a fat-loss or athleticism-focused circuit workout. Leaning back places more emphasis on the glutes and hamstrings, while standing straight up targets the quads.",Intermediate,Quadriceps,Strength,Bands
Bad,Band front squat,"The band front squat is a popular exercise for targeting the muscles of the lower body, including the quadriceps, glutes, and hamstrings. Holding band in the racked position also works the core and upper-back muscles to maintain posture while the lower body moves. Because the tension of the band changes as it stretches, the resistance more closely matches the natural strength curve of the squat. This movement is usually performed for moderate to high reps, at least 8-12 reps per set or more. If this movement hurts your knees, try performing it with a wider stance.",Intermediate,Quadriceps,Strength,Bands
Bad,Squat hold with band pull-apart,"The squat hold with band pull-apart is a combination of the squat hold and band pull-apart. It involves holding the squat position with the thighs at or below parallel to the ground while performing a band pull-apart. The band pull-apart is an exercise targeting the upper back muscles, including the trapezius, rear delts, and rhomboids. The squat hold band pull-apart can be performed for mobility purposes or to increase time under tension on lower-body muscles including the quads, glutes, and hamstrings.",Intermediate,Quadriceps,Strength,Bands
Bad,Banded squat toe tap,"The banded squat toe tap is a banded variation on the classic bodyweight squat, but with a lateral toe tap to add extra focus to the stabilizer muscles around the hips. It can be performed for time or for reps as part of a dynamic warm-up for the lower body, or in any lower-body portion of a workout.",Intermediate,Quadriceps,Strength,Bands
Good,Band overhead squat,"The band overhead squat is a full-body, functional movement that works to build full-body strength and stability. It is a variation of the classic barbell exercise and can be used to train core strength and stability for Olympic weightlifting or CrossFit.",Intermediate,Quadriceps,Strength,Bands
Bad,Quadriceps SMR,"Quadriceps self-myofascial release (SMR) is a self-administered soft-tissue treatment for the lower body, usually using a foam roller, lacrosse ball, or other ""trigger point"" massage tool. By applying pressure strategically to the quad muscles of the upper leg, some people find they can cause this often painful and tight muscle group to relax or ""release."" Quadriceps SMR is often accompanied by SMR on the calf, glute, or hip muscles, or by stretches that target the calves or quads.",Intermediate,Quadriceps,Stretching,Foam Roll
Best,Clean from Blocks,None,Beginner,Quadriceps,Olympic Weightlifting,Barbell
Best,Barbell Full Squat,"The barbell back squat is a popular compound movement that emphasizes building the lower-body muscle groups and overall strength. It's the classic way to start a leg day, and is a worthy centerpiece to a lower-body training program. The squat is a competitive lift in the sport of powerlifting, but is also a classic measurement of lower-body strength. With the barbell racked on the traps or upper back, the emphasis is placed on the posterior chain but the entire body gets worked. The back squat can be trained in everything from heavy singles to sets of 20 reps or higher.",Intermediate,Quadriceps,Strength,Barbell
Best,Barbell back squat to box,"The barbell back squat to box is a popular version of a classic lower-body exercise that utilizes a box at the bottom position of the movement. This allows the lifter to customize the depth of the squat, as well as limit the stretch reflex at the bottom of the squat. The movement targets the quadriceps, glutes, and hamstrings. The squat to box can be performed for low reps to build strength or power, or for higher reps to build muscle.",Intermediate,Quadriceps,Powerlifting,Barbell
Best,Push-press,"The push-press is an overhead press variation in which the barbell is pushed upward with assistance from the lower body. This ""push"" helps the weight travel through the sticking point of a strict press. The push-press is commonly performed as part of barbell complexes, power training for all types of athletics, or as a powerful shoulder exercise.",Intermediate,Quadriceps,Olympic Weightlifting,Barbell
Best,Power snatch-,"The power snatch is a full-body lift in which the bar is pulled from the floor with a wide grip to the overhead position in one movement. The bar is received in the ""power"" position, with the hips higher than a full-depth squat position. The power snatch can be used as a learning tool for the full snatch, or to train muscular power and strength on its own. It is usually performed for low reps, focusing on power and movement quality.",Expert,Quadriceps,Olympic Weightlifting,Barbell
Best,Hang Clean,None,Beginner,Quadriceps,Olympic Weightlifting,Barbell
Best,Barbell walking lunge,"The barbell walking lunge tests your ability to maintain balance while challenging the quads, glutes, and hamstrings as well as the core muscles. Using a barbell allows you to overload the exercise. It can be performed for moderate reps, such as 8-15 per set or across the gym, or for higher reps as a conditioning and mental toughness challenge.",Intermediate,Quadriceps,Strength,Barbell
Best,Olympic Squat,None,Beginner,Quadriceps,Olympic Weightlifting,Barbell
Best,Narrow-stance squat,"The narrow-stance squat is an exercise that targets the lower body with an emphasis on the quads. Many people will find they can't go as deep in a narrow-stance squat as with a wider squat, which is normal. The narrow-stance squat can be performed for time or reps in any workout.",Expert,Quadriceps,Strength,Barbell
Best,Box Squat with Bands,None,Beginner,Quadriceps,Powerlifting,Barbell
Best,Weighted Jump Squat,None,Beginner,Quadriceps,Strength,Barbell
Best,Squat with Chains,None,Beginner,Quadriceps,Powerlifting,Barbell
Best,Barbell Squat,"The barbell back squat is a popular compound movement that emphasizes building the lower-body muscle groups and overall strength. It's the classic way to start a leg day, and is a worthy centerpiece to a lower-body training program. The squat is a competitive lift in the sport of powerlifting, but is also a classic measurement of lower-body strength. With the barbell racked on the traps or upper back, the emphasis is placed on the posterior chain but the entire body gets worked. The back squat can be trained in everything from heavy singles to sets of 20 reps or higher.",Intermediate,Quadriceps,Strength,Barbell
Best,Barbell front squat,"The barbell front squat is a compound movement that emphasizes building the lower-body muscle groups. With the barbell racked in front of the body on the anterior delts, the front squat emphasizes the quads and glutes, but also upper back and core strength to remain upright. Front squats can be trained as an alternative to back squats, as an accessory movement for either squats or deadlifts, or for strength and muscle on their own. Many lifters and athletes prefer them to back squats, although they can be uncomfortable and difficult to learn at first.",Intermediate,Quadriceps,Strength,Barbell
Best,Barbell forward lunge,"The barbell forward lunge is a popular lower-body exercise targeting the quads, glutes, and hamstrings. Using a barbell allows you to overload the exercise beyond body weight and perform the movement in strength or muscle-focused rep ranges. The forward lunge can be performed as part of a barbell complex, in a circuit, or on its own in the lower-body portion of any workout.",Expert,Quadriceps,Strength,Barbell
Best,Smith machine box squat,"The Smith machine box squat is a machine-based exercise targeting the quads, glutes, and hamstrings. The Smith machine mimics a barbell but provides more stability. This movement can be programmed in low reps for strength or power or higher reps for muscle and strength endurance. It is often performed for moderate to high reps, such as 8-12 reps per set or more, as part of a full-body or lower-body workout.",Intermediate,Quadriceps,Strength,Barbell
Best,Barbell step-up,"The barbell step-up is a great exercise for building lower-body strength and power. It targets all the same muscles as bodyweight step-ups, such as the quads, glutes, and hamstrings, but allows for greater muscular overload.",Intermediate,Quadriceps,Strength,Barbell
Best,Barbell Bulgarian split squat,"The barbell Bulgarian split squat is a single-leg exercise targeting the quads, glutes, and hamstrings. It is easier to overload with the barbell than when using dumbbells. If balance is an issue, consider using a Smith machine or holding dumbbells at your side instead.",Intermediate,Quadriceps,Strength,Barbell
Best,Hang Clean - Below the Knees,None,Beginner,Quadriceps,Olympic Weightlifting,Barbell
Best,Barbell hack squat,"The barbell hack squat is a variety of deadlift performed with the barbell behind the legs. This forces the lifter into a body position similar to a squat and targets the quads and glutes. It is named after famed strongman George Hackenschmidt, who performed it as an overall leg-building exercise. The barbell hack squat can be used as a substitute for the machine hack squat, or as a lower-body strength and size movement on its own.",Expert,Quadriceps,Strength,Barbell
Good,Hack Squat,"The hack squat is a machine-based exercise that targets the muscles of the legs, particularly the quadriceps. It is often used as an accessory for squats, but can also be the main lower-body movement in a workout. It is often performed for moderate to high reps, such as 8-12 reps per set or more.",Intermediate,Quadriceps,Strength,Barbell
Good,Barbell thruster,"The barbell thruster is a full-body exercise that incorporates both squatting and pressing in one functional movement. It's especially common in contemporary CrossFit workouts, but also in general strength training. The barbell is usually cleaned into place first, but it could be performed taken from a squat rack in a front-rack position. The thruster can be performed in traditional strength-focused rep ranges to build strength in the press, or in higher reps for full-body conditioning.",Intermediate,Quadriceps,Strength,Barbell
Good,Split Jerk,None,Beginner,Quadriceps,Olympic Weightlifting,Barbell
Good,Push-jerk,"The push-jerk is a movement in which the barbell is pushed from the front rack position to overhead with help from the legs. It differs from the push-press in that the lifter dips under the bar rather than simply pushing it up. It is popular in CrossFit workouts and Olympic weightlifting, as well as power training for athletics. It is usually performed for low reps, focusing on power and movement quality.",Intermediate,Quadriceps,Olympic Weightlifting,Barbell
Good,Barbell back squat,"The barbell back squat is a popular compound movement that emphasizes building the lower-body muscle groups and overall strength. It's the classic way to start a leg day, and is a worthy centerpiece to a lower-body training program. The squat is a competitive lift in the sport of powerlifting, but is also a classic measurement of lower-body strength. With the barbell racked on the traps or upper back, the emphasis is placed on the posterior chain but the entire body gets worked. The back squat can be trained in everything from heavy singles to sets of 20 reps or higher.",Intermediate,Quadriceps,Strength,Barbell
Good,Zercher squat,The Zercher squat is a barbell exercise in which the bar is placed in the crease of your elbows as you perform a normal squat. This movement can be awkward at first but is extremely effective in building both size and strength.,Intermediate,Quadriceps,Strength,Barbell
Good,Jefferson Squats,None,Beginner,Quadriceps,Strength,Barbell
Good,Jerk Dip Squat,None,Beginner,Quadriceps,Olympic Weightlifting,Barbell
Good,Barbell side split squat,"The barbell side split squat is a variation of the split squat that targets the lower body, specifically the quads, and requires good hip mobility.",Intermediate,Quadriceps,Strength,Barbell
Good,Frankenstein Squat,None,Beginner,Quadriceps,Olympic Weightlifting,Barbell
Good,Barbell speed squat,"The barbell speed squat targets the lower-body muscle groups using lighter weights to perform fast-paced back squats. Speed squats are popular in certain powerlifting training methodologies as a way to engrain form and lifting speed that can carry over to max-effort lifts. In this approach, they are usually performed in numerous sets of 3-5 reps with adequate rest in between. Speed squats are also sometimes performed with bands or chains adding extra resistance to the top half of the lift.",Intermediate,Quadriceps,Strength,Barbell
Good,Single-arm side deadlift,"The single-arm side deadlift is a compound exercise that strengthens the glutes, quads, hamstrings, back, and core. It has more of a core stability and anti-rotational component than other deadlift variations. The side deadlift is usually done for low to moderate reps, such as 5-8 reps per side, with a focus on posture and movement quality.",Expert,Quadriceps,Strength,Barbell
Good,Barbell Squat To A Bench,"The barbell back squat to box takes a classic compound exercise for developing the lower body and adds the box element. Muscles worked include the quads, hips, glutes, and upper hamstrings.",Intermediate,Quadriceps,Strength,Barbell
Good,Clean Pull,None,Beginner,Quadriceps,Olympic Weightlifting,Barbell
Bad,Front Barbell Squat To A Bench,None,Beginner,Quadriceps,Strength,Barbell
Bad,Barbell reverse lunge,"The barbell reverse lunge is a popular lower-body exercise targeting the quads, glutes, and hamstrings. Using a barbell allows you to overload the exercise beyond body weight and perform the movement in strength or muscle-focused rep ranges. The reverse lunge can be performed as part of a barbell complex, in a circuit, or on its own in the lower-body portion of any workout.",Intermediate,Quadriceps,Strength,Barbell
Bad,Split Clean,None,Beginner,Quadriceps,Olympic Weightlifting,Barbell
Bad,Close-stance dumbbell front squat,"The close-stance dumbbell front squat is a popular exercise for targeting the muscles of the lower body, the quadriceps in particular. Holding dumbbells in the racked position also works the core and upper-back muscles to maintain posture while the lower body moves. Because the amount of weight you can use will be limited by what you can clean to the rack position, this movement is usually performed for moderate to high reps, at least 8-12 reps per set or more. If this movement hurts your knees, try performing it with a wider stance.",Intermediate,Quadriceps,Strength,Barbell
Bad,Front Squat (Clean Grip),None,Beginner,Quadriceps,Strength,Barbell
Bad,Barbell front squat to back squat,"The barbell front squat to back squat is a complex that combines two fundamental barbell squat movements with a press in between to build overall strength, coordination, and endurance. This combo hits every muscle in the lower body, but also seriously challenges the upper-body musculature to control and transition the weight.",Intermediate,Quadriceps,Strength,Barbell
Bad,Squat Jerk,None,Beginner,Quadriceps,Strength,Barbell
Bad,Barbell Front-To-Back Squat,"The barbell front squat to back squat is a complex that combines two fundamental barbell squat movements with a press in between to build overall strength, coordination, and endurance. This combo hits every muscle in the lower body, but also seriously challenges the upper-body musculature to control and transition the weight.",Intermediate,Quadriceps,Strength,Barbell
Bad,Box Squat with Chains,None,Beginner,Quadriceps,Strength,Barbell
Bad,Snatch from Blocks,None,Beginner,Quadriceps,Olympic Weightlifting,Barbell
Bad,Power Snatch from Blocks,None,Beginner,Quadriceps,Olympic Weightlifting,Barbell
Bad,Front Squat (Bodybuilder),"The barbell front squat is a compound movement that emphasizes building the lower-body muscle groups. With the barbell racked in front of the body on the anterior delts, the front squat emphasizes the quads and glutes, but also upper back and core strength to remain upright. Front squats can be trained as an alternative to back squats, as an accessory movement for either squats or deadlifts, or for strength and muscle on their own. Many lifters and athletes prefer them to back squats, although they can be uncomfortable and difficult to learn at first.",Intermediate,Quadriceps,Strength,Barbell
Bad,Barbell step-down reverse lunge,"The barbell step-down reverse lunge is an exercise targeting the lower body, particularly the glutes and hamstrings. The front foot is slightly elevated during this movement, making the subsequent step-down more pronounced and difficult. These are usually performed for time or for relatively high reps, such as 10 reps or more per set.",Intermediate,Quadriceps,Strength,Barbell
Bad,Squat with Bands,None,Beginner,Quadriceps,Powerlifting,Barbell
Bad,Heaving Snatch Balance,None,Beginner,Quadriceps,Olympic Weightlifting,Barbell
Bad,Snatch Balance,None,Beginner,Quadriceps,Olympic Weightlifting,Barbell
Bad,Reverse Band Power Squat,None,Beginner,Quadriceps,Powerlifting,Barbell
Best,Paul Carter Back Squat,"The barbell back squat is a popular compound movement that emphasizes building the lower-body muscle groups and overall strength. It's the classic way to start a leg day, and is a worthy centerpiece to a lower-body training program. The squat is a competitive lift in the sport of powerlifting, but is also a classic measurement of lower-body strength. With the barbell racked on the traps or upper back, the emphasis is placed on the posterior chain but the entire body gets worked. The back squat can be trained in everything from heavy singles to sets of 20 reps or higher.",Intermediate,Quadriceps,Strength,Barbell
Bad,Paul Carter Barbell Split Squat,"The barbell Bulgarian split squat is a single-leg, full-body exercise targeting the quads, glutes, and hamstrings. It is easier to overload with the barbell as opposed to using dumbbells.",Intermediate,Quadriceps,Strength,Barbell
Bad,TBS High-Bar Back Squat,"The barbell back squat is a popular compound movement that emphasizes building the lower-body muscle groups and overall strength. It's the classic way to start a leg day, and is a worthy centerpiece to a lower-body training program. The squat is a competitive lift in the sport of powerlifting, but is also a classic measurement of lower-body strength. With the barbell racked on the traps or upper back, the emphasis is placed on the posterior chain but the entire body gets worked. The back squat can be trained in everything from heavy singles to sets of 20 reps or higher.",Intermediate,Quadriceps,Strength,Barbell
Bad,TBS Barbell Front Squat,"The barbell front squat is a compound movement that emphasizes building the lower-body muscle groups. With the barbell racked in front of the body on the anterior delts, the front squat emphasizes the quads and glutes, but also upper back and core strength to remain upright. Front squats can be trained as an alternative to back squats, as an accessory movement for either squats or deadlifts, or for strength and muscle on their own. Many lifters and athletes prefer them to back squats, although they can be uncomfortable and difficult to learn at first.",Intermediate,Quadriceps,Strength,Barbell
Bad,Squat - Gethin Variation,"The barbell back squat is a popular compound movement that emphasizes building the lower-body muscle groups and overall strength. It's the classic way to start a leg day, and is a worthy centerpiece to a lower-body training program. The squat is a competitive lift in the sport of powerlifting, but is also a classic measurement of lower-body strength. With the barbell racked on the traps or upper back, the emphasis is placed on the posterior chain but the entire body gets worked. The back squat can be trained in everything from heavy singles to sets of 20 reps or higher.",Intermediate,Quadriceps,Strength,Barbell
Bad,Front-To-Back Barbell Squat,None,Intermediate,Quadriceps,Strength,Barbell
Best,Barbell Lunge - Gethin Variation,"The barbell forward lunge is a popular lower-body exercise targeting the quads, glutes, and hamstrings. Using a barbell allows you to overload the exercise beyond body weight and perform the movement in strength or muscle-focused rep ranges. The forward lunge can be performed as part of a barbell complex, in a circuit, or on its own in the lower-body portion of any workout.",Intermediate,Quadriceps,Strength,Barbell
Bad,Rack Deadlift - Gethin Variation,"The rack pull is a variation of the deadlift performed from an elevated height, either using boxes, safety pins, or the safeties in a squat rack. It targets all the same muscles as the deadlift, including the glutes, hamstrings, upper back, lower back, and grip. It can e used to strengthen deadlift lockout, but also as a deadlift alternative for people who can’t deadlift from the floor without pain.",Intermediate,Quadriceps,Strength,Barbell
Good,Barbell Squat - Gethin Variation,"The barbell back squat is a popular compound movement that emphasizes building the lower-body muscle groups and overall strength. It's the classic way to start a leg day, and is a worthy centerpiece to a lower-body training program. The squat is a competitive lift in the sport of powerlifting, but is also a classic measurement of lower-body strength. With the barbell racked on the traps or upper back, the emphasis is placed on the posterior chain but the entire body gets worked. The back squat can be trained in everything from heavy singles to sets of 20 reps or higher.",Intermediate,Quadriceps,Strength,Barbell
Bad,Barbell Good Morning - Gethin Variation,"The barbell good morning is an exercise that targets glute, hamstring, and lower back development. It is often trained as an accessory movement to the deadlift, but also has value on its own. It is sometimes performed for reps in traditional strength-focused rep ranges such as 5-8 reps per set, but due to the risk posed to the lower back, is rarely treated as a max-effort single-rep lift.",Intermediate,Quadriceps,Strength,Barbell
Bad,AM Barbell Squat,"The barbell back squat is a popular compound movement that emphasizes building the lower-body muscle groups and overall strength. It's the classic way to start a leg day, and is a worthy centerpiece to a lower-body training program. The squat is a competitive lift in the sport of powerlifting, but is also a classic measurement of lower-body strength. With the barbell racked on the traps or upper back, the emphasis is placed on the posterior chain but the entire body gets worked. The back squat can be trained in everything from heavy singles to sets of 20 reps or higher.",Intermediate,Quadriceps,Strength,Barbell
Bad,Plyometric Power Clean,None,Intermediate,Quadriceps,Strength,Barbell
Bad,Banded Split Jerk,None,Intermediate,Quadriceps,Strength,Barbell
Best,UP Squat,"The barbell back squat is a popular compound movement that emphasizes building the lower-body muscle groups and overall strength. It's the classic way to start a leg day, and is a worthy centerpiece to a lower-body training program. The squat is a competitive lift in the sport of powerlifting, but is also a classic measurement of lower-body strength. With the barbell racked on the traps or upper back, the emphasis is placed on the posterior chain but the entire body gets worked. The back squat can be trained in everything from heavy singles to sets of 20 reps or higher.",Intermediate,Quadriceps,Strength,Barbell
Best,UN Barbell Back Squat,None,Intermediate,Quadriceps,Strength,Barbell
Good,UN Barbell Box Squat,None,Intermediate,Quadriceps,Strength,Barbell
Good,UN Barbell Front Squat,None,Intermediate,Quadriceps,Strength,Barbell
Bad,KV Bulgarian Split Squat,None,Intermediate,Quadriceps,Strength,Barbell
Bad,King Maker Barbell Back Squat,"The barbell back squat is a popular compound movement that emphasizes building the lower-body muscle groups and overall strength. It's the classic way to start a leg day, and is a worthy centerpiece to a lower-body training program. The squat is a competitive lift in the sport of powerlifting, but is also a classic measurement of lower-body strength. With the barbell racked on the traps or upper back, the emphasis is placed on the posterior chain but the entire body gets worked. The back squat can be trained in everything from heavy singles to sets of 20 reps or higher.",Intermediate,Quadriceps,Strength,Barbell
Best,King Maker Barbell Deadlift,"The barbell deadlift is a compound exercise used to develop overall strength and size in the posterior chain. It is a competition lift in the sport of powerlifting, but is also considered a classic benchmark of overall strength. When performed with the hands outside the knees, it is often called a ""conventional"" deadlift. When the feet are wide and the hands are inside the knees, it is a sumo deadlift.",Intermediate,Quadriceps,Strength,Barbell
Bad,30 Legs Barbell Back Squat,None,Intermediate,Quadriceps,Strength,Barbell
Good,30 Legs Barbell Front Squat,None,Intermediate,Quadriceps,Strength,Barbell
Good,Barbell Back Squats,None,Intermediate,Quadriceps,Strength,Barbell
Best,Front Squats With Two Kettlebells,None,Beginner,Quadriceps,Strength,Kettlebells
Best,Kettlebell Pistol Squat,None,Beginner,Quadriceps,Strength,Kettlebells
Best,Goblet Squat,"The goblet squat is a popular lower-body exercise where you hold a kettlebell or dumbbell in front of your chest as if you are supporting a heavy cup or goblet. It can help lifters of all levels improve their squat technique and hip mobility, but can also work as a muscle-building or strength accessory movement for experienced athletes. It also works well in combinations, complexes, and flows with other kettlebell movements like swings, presses, and cleans.",Intermediate,Quadriceps,Strength,Kettlebells
Good,Kettlebell Curtsy Lunge,None,Beginner,Quadriceps,Strength,Kettlebells
Good,Single-arm kettlebell overhead squat,"The single-arm kettlebell overhead squat is a popular kettlebell movement performed while holding a single kettlebell in a locked-out overhead position. It targets the muscles of the lower body dynamically, while also challenging and building shoulder stability and upper-back mobility. It can be trained in traditional strength or muscle-building rep ranges, in circuit or fat-loss training, or as part of a kettlebell combination or complex.",Expert,Quadriceps,Strength,Kettlebells
Bad,Kettlebell side squat,"The kettlebell side squat is a popular movement to build mobility and lateral strength in the hips. It can be performed for time or for reps, either on its own or as part of a kettlebell circuit, complex, or flow.",Intermediate,Quadriceps,Strength,Kettlebells
Bad,Kettlebell sumo squat,"The kettlebell sumo squat is a lower-body movement emphasizing the muscles of the hips, glutes, and quads. It shares attributes with both the kettlebell deadlift and the goblet squat, but is usually performed with a wider stance and the feet pointed more outward, similar to a sumo deadlift. Its unique stance helps the lifter keep an upright torso, as well as emphasize stretching the hips and adductor muscles.",Intermediate,Quadriceps,Strength,Kettlebells
Bad,Kettlebell thruster progression,"The kettlebell thruster progression is a kettlebell combination movement that includes a squat, curl, press, and overhead extension in a single sequence. It can work well with a light or moderate weight either for time or reps, in circuit-style training, or as a single kettlebell ""flow.""",Intermediate,Quadriceps,Strength,Kettlebells
Bad,Kettlebell power clean,"The kettlebell power clean is an explosive kettlebell exercise where the lifter pulls the weight to shoulder level with a slight swing between the legs. It is often used as a drill to teach kettlebell clean technique, but is also a valuable power exercise in its own right. It can be performed in low rep ranges for strength or higher rep ranges for technique practice or muscle growth.",Intermediate,Quadriceps,Strength,Kettlebells
Bad,Kettlebell fire feet,"Kettlebell fire feet is a dynamic movement that works most of the major muscle groups in the body simultaneously, while also elevating the heart rate. It's a great movement to include in kettlebell or bodyweight circuit training to increase fatigue and burn serious calories.",Intermediate,Quadriceps,Plyometrics,Kettlebells
Bad,Single Arm Overhead Kettlebell Squat,"The single-arm kettlebell overhead squat is a popular kettlebell movement performed while holding a single kettlebell in a locked-out overhead position. It targets the muscles of the lower body dynamically, while also challenging and building shoulder stability and upper-back mobility. It can be trained in traditional strength or muscle-building rep ranges, in circuit or fat-loss training, or as part of a kettlebell combination or complex.",Intermediate,Quadriceps,Strength,Kettlebells
Best,Pulsing goblet squat,"The pulsing goblet squat is a simple way to make a popular squat variation more taxing for the lower body and cardiovascular system. They can be done for time or reps, allowing you to get a significant training effect from a light weight in circuit-style training.",Intermediate,Quadriceps,Strength,Kettlebells
Good,Double-kettlebell alternating lunge to clean,"The double-kettlebell alternating lunge to clean is a combination of kettlebell moves in a single sequence. This combination can be performed for time or for reps, often as circuit-style training for conditioning or fat loss, or in a kettlebell complex or flow.",Intermediate,Quadriceps,Strength,Kettlebells
Best,FYR Goblet Squat,"The goblet squat is a popular lower-body exercise where you hold a kettlebell or dumbbell in front of your chest as if you are supporting a heavy cup or goblet. It can help lifters of all levels improve their squat technique and hip mobility, but can also work as a muscle-building or strength accessory movement for experienced athletes. It also works well in combinations, complexes, and flows with other kettlebell movements like swings, presses, and cleans.",Intermediate,Quadriceps,Strength,Kettlebells
Best,FYR Kettlebell Sumo Squat,"The kettlebell sumo squat is a lower-body movement emphasizing the muscles of the hips, glutes, and quads. It shares attributes with both the kettlebell deadlift and the goblet squat, but is usually performed with a wider stance and the feet pointed more outward, similar to a sumo deadlift. Its unique stance helps the lifter keep an upright torso, as well as emphasize stretching the hips and adductor muscles.",Intermediate,Quadriceps,Strength,Kettlebells
Bad,Double-kettlebell front squat,"The double-kettlebell front squat is a popular kettlebell movement performed while holding two kettlebells in the front-racked position. It targets the muscles of the lower body dynamically, and the muscles of the upper back and core isometrically. It can be trained in traditional strength or muscle-building rep ranges, in circuit or fat-loss training, or as part of a larger kettlebell combination or complex.",Intermediate,Quadriceps,Strength,Kettlebells
Good,FYR Kettlebell Squat Clean,"The kettlebell squat clean is an explosive kettlebell exercise where the lifter pulls the weight to shoulder level with a slight swing between the legs. It is often used as a drill to teach kettlebell clean technique, but is also a valuable power exercise in its own right. It can be performed in low rep ranges for strength or higher rep ranges for technique practice or muscle growth.",Intermediate,Quadriceps,Strength,Kettlebells
Bad,Single-arm kettlebell front squat,"The single-arm kettlebell front squat is a popular kettlebell movement performed while holding a single kettlebell in the front-racked position. It targets the muscles of the lower body dynamically, and the muscles of the upper back and core isometrically. It can be trained in traditional strength or muscle-building rep ranges, in circuit or fat-loss training, or as part of a kettlebell combination or complex.",Intermediate,Quadriceps,Strength,Kettlebells
Best,Kettlebell front rack lunge,"The kettlebell front rack lunge is a dynamic leg and core exercise in which a lifter performs lunges while holding a single kettlebell in the front-racked position. It is a unique coordination challenge, but also challenging to the musculature of the abdomen, lower body, shoulders, and upper back. It is most commonly performed for higher reps, such as 10-15 reps per side, or for time. It can work in circuit-style workouts, as well as in muscle or strength-focused workouts.",Intermediate,Quadriceps,Strength,Kettlebells
Best,HM Turkish Get-Up,None,Intermediate,Quadriceps,Strength,Kettlebells
Best,HM Single-Leg Romanian Deadlift,None,Intermediate,Quadriceps,Strength,Kettlebells
Best,Taylor Single-Arm Kettlebell Front Squat,None,Intermediate,Quadriceps,Strength,Kettlebells
Bad,Taylor Kettlebell Goblet Squat,None,Intermediate,Quadriceps,Strength,Kettlebells
Best,Goblet squat-,"The goblet squat is a popular lower-body exercise where you hold a kettlebell or dumbbell in front of your chest as if you are supporting a heavy cup or goblet. It can help lifters of all levels improve their squat technique and hip mobility, but can also work as a muscle-building or strength accessory movement for experienced athletes. It also works well in combinations, complexes, and flows with other kettlebell movements like swings, presses, and cleans.",Intermediate,Quadriceps,Strength,Kettlebells
Bad,Holman Kettlebell Squat Clean,None,Intermediate,Quadriceps,Strength,Kettlebells
Bad,Holman Kettlebell Swing,None,Intermediate,Quadriceps,Strength,Kettlebells
Good,Holman Kettlebell Swing Transfer,None,Intermediate,Quadriceps,Strength,Kettlebells
Good,Dumbbell goblet squat-,"The goblet squat is a popular lower-body exercise in which a dumbbell or kettlebell is held in front of the chest with two hands, approximating how you might hold a heavy goblet. It is used as a teaching tool to help instruct and develop proper squat form, but is also effective for building size in the quads, glutes, and hamstrings. It can be performed for low reps to build strength, or for higher reps to build muscle and conditioning.",Intermediate,Quadriceps,Strength,Kettlebells
Best,Robertson Kettlebell Jump,None,Intermediate,Quadriceps,Strength,Kettlebells
Best,FYR2 Alternating Kettlebell Squat Clean,None,Intermediate,Quadriceps,Strength,Kettlebells
Bad,FYR2 Banded Double-Kettlebell Squat Pulse,None,Intermediate,Quadriceps,Strength,Kettlebells
Bad,FYR2 Double-Kettlebell Ballin' Lunge,None,Intermediate,Quadriceps,Strength,Kettlebells
Good,FYR2 Double-Kettlebell Front Rack Lunge,None,Intermediate,Quadriceps,Strength,Kettlebells
Best,FYR2 Double-Kettlebell Front Squat,None,Intermediate,Quadriceps,Strength,Kettlebells
Best,FYR2 Explosive Kettlebell Jump Squat,None,Intermediate,Quadriceps,Strength,Kettlebells
Good,FYR2 Kettlebell Goblet Squat,None,Intermediate,Quadriceps,Strength,Kettlebells
Bad,FYR2 Kettlebell Reverse Lunge Switch Grip,None,Intermediate,Quadriceps,Strength,Kettlebells
Bad,FYR2 Kettlebell Reverse Lunge to Kneeling Press,None,Intermediate,Quadriceps,Strength,Kettlebells
Bad,FYR2 Kettlebell Sumo Squat Pulse,None,Intermediate,Quadriceps,Strength,Kettlebells
Best,FYR2 Reverse Lunge to Single-Leg Kettlebell Deadlift,None,Intermediate,Quadriceps,Strength,Kettlebells
Good,FYR2 Kettlebell Goblet-Squat-Deadlift Complex,None,Intermediate,Quadriceps,Strength,Kettlebells
Best,FYR2 Kettlebell Squat-Press-Deadlift Complex,None,Intermediate,Quadriceps,Strength,Kettlebells
Best,Goblet Squats,None,Intermediate,Quadriceps,Strength,Kettlebells
Best,Dumbbell Goblet Squat,"The goblet squat is a common exercise used in the early stages of learning to squat, or as a movement in general training programs for building size to the quads, glutes, and hamstrings.",Intermediate,Quadriceps,Strength,Dumbbell
Best,Dumbbell squat,"The dumbbell squat is a classic lower-body exercise that targets the quadriceps, hamstrings, and glutes. While this variation is usually performed with relatively light weights for high reps, it can also be used as a substitute for squats or the trap-bar deadlift in any workout.",Intermediate,Quadriceps,Strength,Dumbbell
Best,Dumbbell Lunges,"The dumbbell split squat is a popular lower-body exercise to build strength and muscle one leg at a time. It can be used to teach proper lunge form, but is also valuable on its own when trained in traditional strength-focused rep ranges, such as 5-8 reps per set, or for higher reps to build muscle or for conditioning.",Intermediate,Quadriceps,Strength,Dumbbell
Best,Dumbbell reverse lunge,"The dumbbell reverse lunge is a popular lower-body movement that targets the muscles of the quads, glutes, hamstrings, and hips. It also works the core and upper-back muscles to maintain posture while the lower body moves. Lunge variations are often performed for moderate to high reps, such as 8-12 reps per leg or more, as part of the lower-body portion of a workout. If this movement hurts your knees, try performing split squats instead.",Intermediate,Quadriceps,Strength,Dumbbell
Best,Split Squat with Dumbbells,"The dumbbell Bulgaria split squat is a single-leg exercise targeting the quads, glutes, and hamstrings.",Intermediate,Quadriceps,Strength,Dumbbell
Good,Dumbbell sumo squat,"The dumbbell sumo squat is a popular lower-body movement using a single dumbbell held in front of the legs. It is performed with a wider than shoulder-width stance, which increases the demand on the glutes, hamstrings, and adductors while still benefiting the quads, core, and upper body. It is usually performed for moderate to high reps, at least 8-12 reps per set, as part of the lower-body portion of a workout.",Intermediate,Quadriceps,Strength,Dumbbell
Good,Dumbbell seated box jump,"The dumbbell seated box jump is an explosive exercise that builds the quadriceps as well as overall lower-body strength and explosiveness. All you need is a box, a bench, and a light dumbbell. Performing it from a seated position eliminates the stretch reflex in the lower body, forcing you to generate more power. This is an advanced move, so consider starting off with box jumps or squat jumps before progressing to this.",Intermediate,Quadriceps,Plyometrics,Dumbbell
Good,Dumbbell step-up,"The dumbbell step-up is a great exercise for building lower-body strength and power. It targets all the same muscles as bodyweight step-ups, such as the quads, glutes, and hamstrings, but allows for greater muscular overload.",Intermediate,Quadriceps,Strength,Dumbbell
Good,Dumbbell Walking Lunge,"The dumbbell walking lunge tests your ability to maintain balance while challenging the quads, glutes, and hamstrings as well as core muscles.",Intermediate,Quadriceps,Strength,Dumbbell
Good,Dumbbell Squat To A Bench,None,Beginner,Quadriceps,Strength,Dumbbell
Bad,Dumbbell thruster,"The dumbbell thruster, which begins with a squat and ends with an overhead press, works the entire body at once in a single fluid motion. This exercise is often performed with kettlebells, but dumbbells are also a great option.",Intermediate,Quadriceps,Strength,Dumbbell
Bad,Dumbbell front squat,"The dumbbell front squat is a popular exercise for targeting the muscles of the lower body, including the quadriceps, glutes, and hamstrings. Holding dumbbells in the racked position also works the core and upper-back muscles to maintain posture while the lower body moves. Because the amount of weight you can use will be limited by what you can clean to the rack position, this movement is usually performed for moderate to high reps, at least 8-12 reps per set or more. If this movement hurts your knees, try performing it with a wider stance.",Intermediate,Quadriceps,Strength,Dumbbell
Bad,Single-Arm Dumbbell Overhead Squat,None,Beginner,Quadriceps,Strength,Dumbbell
Bad,Dumbbell lateral hop,"The dumbbell lateral hop is an explosive exercise that targets the muscles of the hips and legs. Adding dumbbells adds a challenge to the core, as well. Because balance can be a challenge, it is usually performed with relatively light weights, often as a component of fat-loss or athletic training.",Intermediate,Quadriceps,Plyometrics,Dumbbell
Bad,Dumbbell lunge with biceps curl,"The dumbbell lunge with biceps curl combines an isometric hold at the bottom of a lunge with a dumbbell biceps curl. The two exercises combine to target the legs, core, and biceps. The curl will determine the amount of weight you can use, but even a light weight will make the lunge hold seriously challenging.",Intermediate,Quadriceps,Strength,Dumbbell
Bad,Dumbbell Pistol Squat,None,Beginner,Quadriceps,Strength,Dumbbell
Bad,Dumbbell Squat Snatch,None,Beginner,Quadriceps,Strength,Dumbbell
Bad,Dumbbell Alternating Lunge,None,Beginner,Quadriceps,Strength,Dumbbell
Bad,Dumbbell jump squat,"The dumbbell jump squat is a popular movement combining an explosive lower-body movement with extra upper-body loading in the form of dumbbells held in the hands. Done with heavier weights, it can be trained for low reps with a power focus. With light weights, it is often done for higher reps for fat-loss and conditioning.",Intermediate,Quadriceps,Plyometrics,Dumbbell
Bad,Dumbbell Side Lunge,None,Beginner,Quadriceps,Strength,Dumbbell
Bad,Boss Everline Dumbbell Lunge Jump,None,Intermediate,Quadriceps,Strength,Dumbbell
Best,Dumbbell Fix Dumbbell Split Squat,None,Intermediate,Quadriceps,Strength,Dumbbell
Bad,Single-leg dumbbell Romanian deadlift,"The single-leg dumbbell Romanian deadlift is a movement targeting the muscles of the hamstrings, glutes, and back. The difference between a Romanian deadlift and a stiff-legged deadlift is the amount of knee bend. The knees are only slightly bent in a stiff-legged deadlift, while they bend more in a Romanian deadlift. Single-leg deadlifts are generally performed for low to moderate reps, such as 8-10 reps per set, with a focus on maximizing the hamstring stretch rather than moving heavy weight. If balance is a challenge, this movement is still very effective if performed while holding on to a stable object for support.",Intermediate,Quadriceps,Strength,Dumbbell
Best,Dumbbell Fix Dumbbell Alternating Reverse Lunge,None,Intermediate,Quadriceps,Strength,Dumbbell
Bad,Dumbbell Fix Turkish Get-Up,None,Intermediate,Quadriceps,Strength,Dumbbell
Good,Seesaw lunge,The seesaw lunge is a bodyweight exercise that combines both the forward and the reverse lunge. It can also be performed holding dumbbells or other weights. It can be performed for time or reps in the lower-body portion of any workout.,Intermediate,Quadriceps,Strength,Dumbbell
Good,FYR Dumbbell Front Squat,"The dumbbell front squat targets the quads, glutes, and hamstrings, as well as the upper body and challenging core stability for building total body strength.",Intermediate,Quadriceps,Strength,Dumbbell
Good,Dumbbell split squat,"The dumbbell split squat is a popular lower-body exercise to build strength and muscle one leg at a time. It can be used to teach proper lunge form, but is also valuable on its own when trained in traditional strength-focused rep ranges, such as 5-8 reps per set, or for higher reps to build muscle or for conditioning.",Intermediate,Quadriceps,Strength,Dumbbell
Bad,Dumbbell deadlift,"The dumbbell deadlift is a movement that targets the hamstrings, glutes, and back muscles. While it can be performed all the way from the ground, in the style of a barbell deadlift, it is more often performed from the top down as a Romanian deadlift. The dumbbell deadlift can be performed in low rep ranges to build posterior strength, or for moderate to high reps to build muscle and endurance.",Intermediate,Quadriceps,Strength,Dumbbell
Best,Single-arm stiff-legged deadlift,"The single-arm stiff-legged deadlift is a dumbbell exercise that targets the hamstrings, glutes, lower and upper back, and core. The difference between a stiff-legged deadlift and a Romanian deadlift is primarily the amount of knee bend. The knees are only slightly bent in a stiff-legged deadlift, while they bend more in a Romanian deadlift. Stiff-legged deadlifts are generally performed for low to moderate reps, such as 8-10 reps per set, with a focus on maximizing the hamstring stretch rather than moving heavy weight. Feel free to wear a weight belt to protect your lower back.",Intermediate,Quadriceps,Strength,Dumbbell
Good,HM Dumbbell Overhead Squat,None,Intermediate,Quadriceps,Strength,Dumbbell
Good,HM Dumbbell Squat,None,Intermediate,Quadriceps,Strength,Dumbbell
Best,UNS Dumbbell Goblet Squat,None,Intermediate,Quadriceps,Strength,Dumbbell
Best,Single-Arm Dumbbell Snatch,None,Intermediate,Quadriceps,Strength,Dumbbell
Best,KV Dumbbell Lunges,None,Intermediate,Quadriceps,Strength,Dumbbell
Bad,Holman Squat to Biceps Curl,None,Intermediate,Quadriceps,Strength,Dumbbell
Good,Holman Burpee to Biceps Curl,None,Intermediate,Quadriceps,Strength,Dumbbell
Good,Holman Slow Weighted Reverse Lunge,None,Intermediate,Quadriceps,Strength,Dumbbell
Bad,Holman Slow Weighted Plie Squat,None,Intermediate,Quadriceps,Strength,Dumbbell
Bad,Holman Weighted Lunge Jump with Biceps Curl,None,Intermediate,Quadriceps,Strength,Dumbbell
Good,Holman Left Reverse Lunge Chest Press to Left Knee-Up Chest Press,None,Intermediate,Quadriceps,Strength,Dumbbell
Good,Holman Weighted Lunge Jump with Chest Press,None,Intermediate,Quadriceps,Strength,Dumbbell
Best,Holman Weighted Half Jack to Biceps Curl,None,Intermediate,Quadriceps,Strength,Dumbbell
Good,Holman Weighted Half Jack to Chest Press,None,Intermediate,Quadriceps,Strength,Dumbbell
Bad,Holman 180 Jump to Renegade Side Raise,None,Intermediate,Quadriceps,Strength,Dumbbell
Good,Holman Right Reverse Lunge Biceps Curl to Right Knee-Up Biceps Curl,None,Intermediate,Quadriceps,Strength,Dumbbell
Best,Holman Roll-Back to Squat Thrust to Renegade Row,None,Intermediate,Quadriceps,Strength,Dumbbell
Bad,Holman Roll-Back to Squat Thrust to Renegade Triceps Press,None,Intermediate,Quadriceps,Strength,Dumbbell
Best,Holman Weighted Narrow Squat Jump,None,Intermediate,Quadriceps,Strength,Dumbbell
Good,Holman Diagonal Deadlift,None,Intermediate,Quadriceps,Strength,Dumbbell
Best,Holman Weighted Burpee to Triceps Press,None,Intermediate,Quadriceps,Strength,Dumbbell
Bad,Holman Squat Thrust Overhead Press,None,Intermediate,Quadriceps,Strength,Dumbbell
Bad,Holman Weighted Burpee to Chest Press,None,Intermediate,Quadriceps,Strength,Dumbbell
Best,Holman Squat to Right-Arm Overhead Press,None,Intermediate,Quadriceps,Strength,Dumbbell
Bad,Holman Right Lunge Jump with Right Overhead Press,None,Intermediate,Quadriceps,Strength,Dumbbell
Bad,Holman Left Lunge Jump with Left Overhead Press,None,Intermediate,Quadriceps,Strength,Dumbbell
Good,Holman Heavy Hip Drive,None,Intermediate,Quadriceps,Strength,Dumbbell
Best,Holman Squat to Left-Arm Overhead Press,None,Intermediate,Quadriceps,Strength,Dumbbell
Good,Holman Weighted Lunge Jump to Floor Lunge Jump,None,Intermediate,Quadriceps,Strength,Dumbbell
Best,Holman Alternating Weighted Lunge Jump to Chest Press,None,Intermediate,Quadriceps,Strength,Dumbbell
Good,Holman Weighted Burpee to Overhead Alternating Reverse Lunge,None,Intermediate,Quadriceps,Strength,Dumbbell
Good,Holman Weighted 180 Jump to Chest Press,None,Intermediate,Quadriceps,Strength,Dumbbell
Bad,Holman Alternating Side Squat Overhead Press,None,Intermediate,Quadriceps,Strength,Dumbbell
Bad,Holman Right Lunge with Right Biceps Curl,None,Intermediate,Quadriceps,Strength,Dumbbell
Best,Holman Left Lunge with Left Biceps Curl,None,Intermediate,Quadriceps,Strength,Dumbbell
Bad,Holman Squat Thrust to Alternating Front Raise,None,Intermediate,Quadriceps,Strength,Dumbbell
Good,Dumbbell racked reverse lunge,"The dumbbell racked reverse lunge is a popular lower-body movement that targets the muscles of the quads, glutes, hamstrings, and hips. Holding dumbbells in the racked position further challenges the core and upper-back muscles to maintain posture while the lower body moves. Lunge variations are often performed for moderate to high reps, such as 8-12 reps per leg or more, as part of the lower-body portion of a workout. If this movement hurts your knees, try performing split squats instead.",Intermediate,Quadriceps,Strength,Dumbbell
Best,Total Fitness Dumbbell Reverse Lunge,"The dumbbell reverse lunge is a great single-leg movement that strengthens and builds the quads, hamstrings, and glutes.",Intermediate,Quadriceps,Strength,Dumbbell
Best,Single-arm dumbbell snatch-,"The single-arm dumbbell snatch is an explosive exercise that builds full-body power and targets the muscles of the hips, back, and shoulders. It involves lifting a dumbbell from the ground to overhead in a single movement. It can be performed for low reps with a focus on power and speed, or for higher reps to build muscle or as part of a metabolic conditioning circuit.",Intermediate,Quadriceps,Strength,Dumbbell
Bad,Total Fitness Dumbbell Step-Up,"The dumbbell step-up is a great exercise for building lower-body strength and power. The dumbbell version is better for intermediate and advanced lifters than beginners, who should begin by performing these unweighted.",Intermediate,Quadriceps,Strength,Dumbbell
Bad,Single-arm dumbbell front squat,"The single-arm dumbbell front squat is an exercise that targets the quads, glutes, and hamstrings, as well as the upper body. It also challenges oblique strength due to the offset loading. It can be performed in strength and muscle-focused workouts, in circuit training, or as part of a larger dumbbell complex with movements like single-arm dumbbell clean and presses.",Intermediate,Quadriceps,Strength,Dumbbell
Best,King Maker Weighted Jump Squat,"The dumbbell jump squat takes a classic bodybuilding move, the squat, and adds a plyometric element, the jump. It builds not only lower-body strength but also explosiveness.",Intermediate,Quadriceps,Strength,Dumbbell
Bad,3D dumbbell lunge,"The 3D dumbbell lunge is a sequence of lower-body exercises that target the muscles of the glutes, quads, and hamstrings from a variety of angles. It consists of one curtsy lunge with each leg, followed by one reverse lunge with each leg. This lunge variation is most commonly performed for multiple rounds as part of a lower-body circuit or workout.",Intermediate,Quadriceps,Strength,Dumbbell
Bad,MetaBurn Dumbbell Burpee,None,Intermediate,Quadriceps,Strength,Dumbbell
Bad,Dumbbell jump squat with rotation,"The dumbbell jump squat with rotation is a popular movement combining an explosive lower-body movement with extra upper-body loading in the form of dumbbells held in the hands. Each jump ends with the body turned 90 degrees, adding a rotational power component to the lift. It is usually performed with light weights for high reps in fat-loss and conditioning workouts.",Intermediate,Quadriceps,Strength,Dumbbell
Bad,MetaBurn Dumbbell Wide Squat to Rack,None,Intermediate,Quadriceps,Strength,Dumbbell
Best,MetaBurn Reverse Lunge To High Pull,None,Intermediate,Quadriceps,Strength,Dumbbell
Good,MetaBurn Reverse Lunge With Overhead Raise,None,Intermediate,Quadriceps,Strength,Dumbbell
Good,MetaBurn Squat to Triceps Extension,None,Intermediate,Quadriceps,Strength,Dumbbell
Good,30 Legs Dumbbell Goblet Squat,None,Intermediate,Quadriceps,Strength,Dumbbell
Best,30 Legs Dumbbell Squat,None,Intermediate,Quadriceps,Strength,Dumbbell
Bad,Dumbbell step-down reverse lunge,"The dumbbell step-down reverse lunge is an exercise targeting the lower body, particularly the glutes and hamstrings. The front foot is slightly elevated during this movement, making the subsequent step-down more pronounced and difficult. These are usually performed for time or for relatively high reps, such as 10 reps or more per side.",Intermediate,Quadriceps,Strength,Dumbbell
Best,Tire flip,"The tire flip is an exercise that works the entire body, starting from a deadlift position and ending with a giant tire being flipped over. Each flip moves the tire farther in one direction until a set has been completed. It can be performed for time or reps as part of a functional fitness or athleticism-focused workout.",Intermediate,Quadriceps,Strongman,Other
Best,Single Leg Push-off,None,Beginner,Quadriceps,Plyometrics,Other
Best,Bear crawl sled drag,"The bear crawl sled drag is an advanced variation of the bear crawl exercise involving added resistance from a sled or other weight. If no sled is available, other viable options include dragging chain, a barbell plate, or a tire. The bear crawl sled drag is an intense full-body movement that targets the cardiovascular system as well as a wide range of muscle groups, particularly the shoulders, core, and legs. It can be done in short bursts for power or circuit training, or for longer durations as cardiovascular conditioning.",Intermediate,Quadriceps,Strongman,Other
Best,Bicycling,None,Intermediate,Quadriceps,Cardio,Other
Best,Hex-bar deadlift,"The hex bar deadlift is a variety of deadlift performed in a hexagonal barbell also known as a trap bar. The bar is held with a parallel (palms in) grip outside of the legs. It is biomechanically different from a barbell deadlift in that it lines up with a lifter's center of gravity, rather than placing the weight in front of their body. It activates all of the same muscle groups as conventional or sumo deadlifts, including the glutes, quads, hamstrings, lower back, lats, upper back, and grip.",Intermediate,Quadriceps,Strength,Other
Good,Skating,None,Beginner,Quadriceps,Cardio,Other
Good,Weighted sissy squat,"The weighted sissy squat is an exercise primarily targeting the quadriceps. In sissy squats, the knees travel over the toes, placing the quads under a fairly extreme stretch. They are usually performed for moderate to high reps as part of a lower-body training session.",Intermediate,Quadriceps,Strength,Other
Good,Dumbbell step-up,"The dumbbell step-up is a great exercise for building lower-body strength and power. It targets all the same muscles as bodyweight step-ups, such as the quads, glutes, and hamstrings, but allows for greater muscular overload.",Intermediate,Quadriceps,Strength,Dumbbell
Good,Yoke Walk,None,Beginner,Quadriceps,Strongman,Other
Good,Front Cone Hops (or hurdle hops),None,Beginner,Quadriceps,Plyometrics,Other
Good,Weighted Squat,None,Beginner,Quadriceps,Strength,Other
Good,Bench skip,"The bench skip is an explosive lower-body exercise that involves alternating the position of the feet on top of a bench. It primarily targets the muscles of the lower body, but is also a serious cardiovascular challenge. It is often performed for high reps or for time as part of a fat-loss or athleticism-focused workout or circuit.",Intermediate,Quadriceps,Plyometrics,Other
Good,Backward Drag,None,Beginner,Quadriceps,Strongman,Other
Good,Sled Push,"The sled push is a conditioning exercise that targets the cardiovascular system and the muscles of the lower body. It involves pushing a sled along a turf or other flat surface either for time or distance. Depending on your type of equipment, you may be pushing handles or straps in front of the sled. It can be used as part of a dynamic warm-up or for power training, as a finisher, or as part of a conditioning workout or circuit.",Intermediate,Quadriceps,Strongman,Other
Good,Barbell squat with plate slide,"The barbell squat with plate slide is an exercise targeting the quadriceps, with the plate slide also working the adductors and abductors. It can help you get more total-leg and hip development out of squats, but is probably not the sort of thing you want to do with a seriously heavy load on your back.",Intermediate,Quadriceps,Strength,Other
Good,Suspended split squat,"The suspended split squat is a single-leg squat variation performed with the rear leg in a suspension strap system. This allows the rear leg to move slightly more naturally than it would be able to on a bench. The exercise targets the quads, hamstring, and glute muscles on the front leg, but also taxes and stretches the quads on the rear leg.",Intermediate,Quadriceps,Strength,Other
Good,Intermediate Hip Flexor and Quad Stretch,None,Beginner,Quadriceps,Stretching,Other
Bad,Sled Drag - Harness,None,Intermediate,Quadriceps,Strongman,Other
Bad,Burpee over barbell,"The burpee over barbell is an exercise that takes the burpee, a popular functional fitness move, and separates each rep with a lateral jump across the barbell. It works the cardiovascular system, but also the chest, quads, glutes, hamstrings, and abs. This exercise is a favorite of many athletes, including obstacle race participants.",Intermediate,Quadriceps,Plyometrics,Other
Bad,Dumbbell walking lunge-,"The dumbbell walking lunge is a popular lower-body movement that targets the muscles of the quads, glutes, hamstrings, and hips. It also works the core and upper-back muscles to maintain posture while the lower body moves. The dumbbell walking lunge is often performed for moderate to high reps, such as 8-12 reps per leg or more, as part of the lower-body portion of a workout. If this movement hurts your knees, try performing reverse lunges or split squats instead.",Intermediate,Quadriceps,Strength,Other
Bad,Single-Leg Box Jump,None,Beginner,Quadriceps,Plyometrics,Other
Bad,Conan's Wheel,None,Beginner,Quadriceps,Strongman,Other
Bad,Single-Leg Hop Progression,None,Beginner,Quadriceps,Plyometrics,Other
Bad,Rickshaw Deadlift,None,Beginner,Quadriceps,Strongman,Other
Bad,Single-cone sprint drill,"The single-cone sprint drill is an agility drill that involves moving quickly around a single cone. It demands that an athlete start, stop, and change directions all in a short period of time and a small space. It can be beneficial for football players and other athletes where quick changes of direction are important.",Intermediate,Quadriceps,Plyometrics,Other
Bad,Single-Leg Stride Jump,None,Beginner,Quadriceps,Plyometrics,Other
Bad,Trap Bar Jump,None,Beginner,Quadriceps,Plyometrics,Other
Bad,Single-Leg Lateral Hop,None,Beginner,Quadriceps,Plyometrics,Other
Bad,Burpee Box-Jumps,None,Intermediate,Quadriceps,Plyometrics,Other
Bad,Sandbag Load,None,Beginner,Quadriceps,Strongman,Other
Bad,Single-leg knee-tap squat,"The single-leg knee-tap squat is a single-leg squat variation that involves “floating” the back leg over the ground on the descent until touching just the knee to the ground or a pad. It is similar to a lunge, but without touching the back foot to the ground. It is an intense strength and coordination challenge that can work in any strength- or athleticism-focused workout.",Intermediate,Quadriceps,Strength,Other
Bad,Car Deadlift,None,Beginner,Quadriceps,Strongman,Other
Bad,Barbell Squat To A Box,None,Beginner,Quadriceps,Strength,Other
Bad,Double Under,None,Beginner,Quadriceps,Cardio,Other
Bad,Plate push,"The plate push is a conditioning exercise that targets the cardiovascular system and the muscles of the lower body. It involves pushing a plate along turf or another flat surface either for time or distance. It can be used as part of a dynamic warm-up or for power training, as a finisher, or as part of a conditioning workout or circuit.",Intermediate,Quadriceps,Cardio,Other
Bad,Hybrid deadlift,"The hybrid deadlift is a version of the barbell deadlift in which the lifter's stance is wider than a conventional position, but narrower than a wide sumo deadlift. The feet are just outside the shoulders and grip placement is just inside of the legs. Many non-competitive lifters find this position to be more spine friendly and strong than either of the other traditional stances. This variation of the deadlift has all the same benefits as the others, and is capable of building serious full-body and posterior chain strength.",Intermediate,Quadriceps,Strength,Other
Best,Boss Everline Suspension Side Run,None,Intermediate,Quadriceps,Strength,Other
Good,Boss Everline Lunge Sled Push,None,Intermediate,Quadriceps,Strength,Other
Best,Squat Bottom Position Hold,None,Intermediate,Quadriceps,Strength,Other
Bad,TRX Squat Jump,None,Intermediate,Quadriceps,Strength,Other
Good,Landmine squat,"The landmine squat is a lower-body exercise that uses an angled barbell anchored at floor level in a landmine device. It can also be performed by sticking a barbell in the corner of a room, preferably in a towel to protect the walls. The landmine squat is similar in many ways to a goblet squat, but with slight differences due to the angle of the barbell. It can be trained in traditional muscle and strength-focused rep ranges or for higher reps.",Intermediate,Quadriceps,Strength,Other
Good,Dumbbell Bulgarian split squat,"The dumbbell Bulgarian split squat is a single-leg exercise targeting the quads, glutes, and hamstrings. Overloading the movement with dumbbells usually presents less of a balance challenge than putting a barbell on the back. Dumbbell split squats are usually performed for moderate to high reps, such as 8-12 reps per leg, but they are also effective done with heavier weights in lower rep ranges.",Intermediate,Quadriceps,Strength,Other
Good,Holman Towel Alternating Prisoner Reverse Lunge,None,Intermediate,Quadriceps,Strength,Other
Bad,Holman Weighted Burpee to Belly Touch,None,Intermediate,Quadriceps,Strength,Other
Bad,Holman Weighted Burpee to Front Punch,None,Intermediate,Quadriceps,Strength,Other
Good,Holman Weighted Low Squat Punch,None,Intermediate,Quadriceps,Strength,Other
Good,Holman Weighted Hook Punch to Squat Thrust,None,Intermediate,Quadriceps,Strength,Other
Best,Holman Towel Alternating Side Lunge Squat,None,Intermediate,Quadriceps,Strength,Other
Best,Holman Weighted Burpee to Renegade Side Punch,None,Intermediate,Quadriceps,Strength,Other
Bad,Holman Weighted Reverse Lunge to Knee-Up Overhead Press,None,Intermediate,Quadriceps,Strength,Other
Best,Holman Lunge Jump with Overhead Press,None,Intermediate,Quadriceps,Strength,Other
Good,Holman Weighted Burpee to Belly Touch to Standing T,None,Intermediate,Quadriceps,Strength,Other
Good,Holman Weighted Squat Jump,None,Intermediate,Quadriceps,Strength,Other
Good,Holman Weighted Plie Squat,None,Intermediate,Quadriceps,Strength,Other
Good,Holman Heels-Elevated Sissy Squat,None,Intermediate,Quadriceps,Strength,Other
Best,Holman Squat Jump to Overhead Press,None,Intermediate,Quadriceps,Strength,Other
Bad,Holman 180 Jump to Overhead Press,None,Intermediate,Quadriceps,Strength,Other
Best,Holman Weighted Burpee to Row,None,Intermediate,Quadriceps,Strength,Other
Good,Holman Weighted Burpee to 180 Jump,None,Intermediate,Quadriceps,Strength,Other
Good,Holman Weighted 180 Jump,None,Intermediate,Quadriceps,Strength,Other
Best,Holman Weighted Narrow-Mid-Wide Hop,None,Intermediate,Quadriceps,Strength,Other
Good,Holman Alternating Weighted Diagonal Burpee,None,Intermediate,Quadriceps,Strength,Other
Good,Holman Towel Burpee to Push-Up,None,Intermediate,Quadriceps,Strength,Other
Best,Holman Towel Right Side Squat,None,Intermediate,Quadriceps,Strength,Other
Bad,ACFT Sprint-drag-carry,"The sprint-drag-carry is a strength and endurance relay that is part of the new Army Combat Fitness Test or ACFT. It combines sprinting, reverse sled drag, side shuffle, and a farmer's carry to test overall strength and athletic conditioning. Practicing this relay as a drill is great for developing strenght, speed, endurance, and power, and can also be great conditioning work for lifters and athletes of all ability levels.",Intermediate,Quadriceps,Strength,Other
Good,Cable Hip Adduction,None,Beginner,Quadriceps,Strength,Cable
Good,Cable Deadlifts,None,Beginner,Quadriceps,Strength,Cable
Good,KV Cable Squat,None,Intermediate,Quadriceps,Strength,Cable
Best,Single-Leg Press,"The single-leg leg press is an exercise targeting the quadriceps one leg at a time. Many lifters prefer the leg press to squatting for several reasons, including the perception that it’s safer for the spine.",Intermediate,Quadriceps,Strength,Machine
Best,Stair climber,"The stair climber is a popular cardio machine found in most commercial gyms. Along with burning a ton of calories, the stair climber also helps build strength in the lower body, especially the glutes. It can work well at higher speeds for interval-style conditioning training, but also works well at slower paces for steady-state cardio.",Intermediate,Quadriceps,Cardio,Machine
Best,Leg Press,The leg press is a machine exercise targeting the quadriceps. It’s favorite among lifters who prefer the seated position to standing with a load on the spine.,Intermediate,Quadriceps,Strength,Machine
Best,Elliptical trainer,"The elliptical trainer is a popular machine for cardiovascular training without the significant impact on your joints of running. On many machines, you can adjust the resistance level to make the movement more difficult for all four limbs. The elliptical is a mainstay in most commercial gyms, and can be equally effective for HIIT-style interval workouts or for longer-duration endurance work.",Intermediate,Quadriceps,Cardio,Machine
Best,Narrow-stance leg press,"The narrow-stance leg press is a machine-based exercise that targets the muscles of the legs. It emphasizes the quads, particularly the muscles of the outer quads and hips. It is often used as an accessory for squats, or as a muscle-building movement during lower-body training when it is usually performed for moderate to high reps, such as 8-12 reps per set or more.",Intermediate,Quadriceps,Strength,Machine
Best,Narrow Stance Hack Squats,None,Beginner,Quadriceps,Strength,Machine
Best,Stairmaster,"The stair climber is a popular cardio machine found in most commercial gyms. Along with burning a ton of calories, the stair climber also helps build strength in the lower body, especially the glutes. It can work well at higher speeds for interval-style conditioning training, but also works well at slower paces for steady-state cardio.",Intermediate,Quadriceps,Cardio,Machine
Best,Machine Squat,None,Intermediate,Quadriceps,Strength,Machine
Best,Smith machine back squat,"The Smith machine back squat is a machine-based exercise targeting the muscles of the lower body. The Smith machine mimics a barbell but provides more stability. This movement can be programmed in low reps for strength or higher reps for muscle and strength endurance. It is often performed for moderate to high reps, such as 8-12 reps per set or more, as part of a full-body or lower-body workout.",Intermediate,Quadriceps,Strength,Machine
Best,Leg Extensions,The leg extension is an isolation exercise for the quads.,Intermediate,Quadriceps,Strength,Machine
Good,Treadmill running,"Treadmill running is a popular cardiovascular exercise performed on a machine that is available in most gyms. Performing this exercise on a treadmill allows you to adjust the speed of your running and, depending on the machine, perform it on an adjustable incline. Many machines also have built-in heart rate monitors and timers to help you track your progress.",Intermediate,Quadriceps,Cardio,Machine
Good,Stationary bike,"The stationary bike is a popular cardio machine found in most commercial gyms. Along with burning a ton of calories, the stationary bike also helps develop the lower body. Stationary bikes come in multiple variations, ranging from ones that resemble riding a bike, to recumbent bikes, to fan bikes that work both the arms and the legs. No matter the variation, a stationary bike can work well at higher speeds for interval-style conditioning training, but also works well at slower paces for steady-state cardio.",Intermediate,Quadriceps,Cardio,Machine
Good,Treadmill jogging,"Treadmill jogging is a popular cardiovascular exercise performed on a machine that is available in most gyms. Performing this exercise on a treadmill allows you to adjust the speed of your jogging and, depending on the machine, perform it on an adjustable incline. Many machines also have built-in heart rate monitors and timers to help you track your progress.",Intermediate,Quadriceps,Cardio,Machine
Good,Recumbent Bike,None,Beginner,Quadriceps,Cardio,Machine
Good,Smith machine leg press,"The Smith machine leg press is a machine-based movement that targets the quads, glutes, and hamstrings. It can serve as a substitute for the leg press or be programmed similarly to the leg press. It is usually performed for moderate to high reps, such as 8-12 reps per set or more, as part of lower-body training. If your Smith machine has safety bars, set them at a height that allows you a full range of motion while giving adequate protection from the weight potentially falling.",Intermediate,Quadriceps,Strength,Machine
Good,Lying Machine Squat,None,Intermediate,Quadriceps,Strength,Machine
Good,Seated Leg Press,"The seated leg press is a lower body exercise that targets the quads, adductors, glutes, and hamstrings.",Intermediate,Quadriceps,Strength,Machine
Good,Smith machine pistol squat,"The Smith machine pistol squat is a machine-based exercise that targets the quads, glutes, and hamstrings. It is similar in form to a pistol squat but is performed with a bar on the shoulders. This adds extra resistance, but also eliminates some of the balance challenge of single-leg squats. This squat variation can be performed in low reps for strength or for higher reps for muscle gain.",Intermediate,Quadriceps,Strength,Machine
Bad,Leverage Deadlift,None,Beginner,Quadriceps,Strength,Machine
Best,Leg press-,"The leg press is a machine exercise targeting the leg muscles, including the quads, glutes, and hamstrings. It's a favorite among lifters who prefer the seated position to standing with a load on the spine. The leg press is often used as an accessory for squats or deadlifts, but can also be the main lower-body movement in a workout. It is often performed for moderate to high reps, such as 8-12 reps per set or more.",Intermediate,Quadriceps,Strength,Machine
Best,TBS Hack Squat,"The hack squat is a machine-based exercise that targets the muscles of the legs, particularly the quadriceps. It is often used as an accessory for squats, but can also be the main lower-body movement in a workout. It is often performed for moderate to high reps, such as 8-12 reps per set or more.",Intermediate,Quadriceps,Strength,Machine
Bad,Leg Extensions - Gethin Variation,The leg extension is an isolation exercise for the quads.,Intermediate,Quadriceps,Strength,Machine
Bad,Seated leg press-,"The seated leg press is a machine-based exercise that targets the quads, glutes, and hamstrings. It is similar in many ways to larger leg press machines, but often utilizes a selectorized weight stack rather than plate loading. Leg press variations are often used as an accessory for squats or deadlifts, but can also be the main lower-body movement in a workout. This movement is often performed for moderate to high reps, such as 8-12 reps per set or more.",Intermediate,Quadriceps,Strength,Machine
Best,Smith machine front squat,"The Smith machine front squat is a machine-based exercise targeting the muscles of the lower body. The Smith machine mimics a barbell but provides more stability. This movement can be programmed in low reps for strength or higher reps for muscle and strength endurance. It is often performed for moderate to high reps, such as 8-12 reps per set or more, as part of a full-body or lower-body workout.",Intermediate,Quadriceps,Strength,Machine
Best,Machine Deadlift - Gethin Variation,None,Intermediate,Quadriceps,Strength,Machine
Best,Single-leg hack squat,"The single-leg hack squat is a lower-body exercise mainly targeting the quads, performed one side at a time per set. It is often used as an accessory for squats, or as a muscle-building movement during lower-body training, and is usually performed for moderate to high reps, such as 8-12 reps per set or more.",Intermediate,Quadriceps,Strength,Machine
Bad,Narrow-stance hack squat,"The narrow-stance hack squat is a machine-based exercise that targets the muscles of the legs, particularly the quadriceps. It is often used as an accessory for squats, or as a muscle-building movement during lower-body training, and is usually performed for moderate to high reps, such as 8-12 reps per set or more.",Intermediate,Quadriceps,Strength,Machine
Good,Alternating Single-Leg Curl - Gethin Variation,None,Intermediate,Quadriceps,Strength,Machine
Good,Stiff-Legged Deadlift - Gethin Variation,"The barbell stiff-legged deadlift targets the hamstrings, glutes, lower and upper back, as well as the core. It is a popular accessory movement for the deadlift, but also a muscle-building hamstring movement.",Intermediate,Quadriceps,Strength,Machine
Best,Single-Leg Press - Gethin Variation,"The single-leg leg press is an exercise targeting the quadriceps one leg at a time. Many lifters prefer the leg press to squatting for several reasons, including the perception that it’s safer for the spine.",Intermediate,Quadriceps,Strength,Machine
Good,Hack squat-,"The hack squat is a machine-based exercise that targets the muscles of the legs, particularly the quadriceps. It is often used as an accessory for squats, but can also be the main lower-body movement in a workout. It is often performed for moderate to high reps, such as 8-12 reps per set or more.",Intermediate,Quadriceps,Strength,Machine
Best,Smith machine lunge squat,"The Smith machine lunge squat is an exercise targeting the quads, glutes, and hamstrings. Using added weight allows you to overload the exercise beyond body weight and perform the movement in strength ranges. The Smith machine mimics a barbell but provides more stability.",Intermediate,Quadriceps,Strength,Machine
Good,Hack Squat - Gethin Variation,"The hack squat is a machine-based exercise that targets the muscles of the legs, particularly the quadriceps. It is often used as an accessory for squats, but can also be the main lower-body movement in a workout. It is often performed for moderate to high reps, such as 8-12 reps per set or more.",Expert,Quadriceps,Strength,Machine
Best,Leg Press - Gethin Variation,The leg press is a machine exercise targeting the quadriceps. It’s favorite among lifters who prefer the seated position to standing with a load on the spine.,Intermediate,Quadriceps,Strength,Machine
Good,AM Leg Press,The leg press is a machine exercise targeting the quadriceps. It’s favorite among lifters who prefer the seated position to standing with a load on the spine.,Intermediate,Quadriceps,Strength,Machine
Bad,Leg extension,"The leg extension is a popular machine-based exercise for the legs, particularly the quadriceps. It is usually performed for moderate to high reps, such as 8-12 reps per set or more, as part of a leg pre-exhaust or as a muscle-building movement for lower-body training.",Intermediate,Quadriceps,Strength,Machine
Best,UP Quad Extension,The leg extension is an isolation exercise for the quads.,Intermediate,Quadriceps,Strength,Machine
Bad,UP Single-Leg Press,"The single-leg leg press is an exercise targeting the quadriceps one leg at a time. Many lifters prefer the leg press to squatting for several reasons, including the perception that it’s safer for the spine.",Intermediate,Quadriceps,Strength,Machine
Good,UP Leg Press,The leg press is a machine exercise targeting the quadriceps. It’s favorite among lifters who prefer the seated position to standing with a load on the spine.,Intermediate,Quadriceps,Strength,Machine
Bad,Pop Squat On Leg Press,None,Intermediate,Quadriceps,Strength,Machine
Good,King Maker Leg Press,The leg press is a machine exercise targeting the quadriceps. It’s favorite among lifters who prefer the seated position to standing with a load on the spine.,Intermediate,Quadriceps,Strength,Machine
Good,Single-leg leg press,"The single-leg leg press is a machine exercise targeting the leg muscles, including the quads, glutes, and hamstrings. The leg press is often used as an accessory for squats or deadlifts, but can also be the main lower-body movement in a workout. It is often performed for moderate to high reps, such as 8-12 reps per set or more.",Intermediate,Quadriceps,Strength,Machine
Good,King Maker Hack Squat,"The hack squat is a machine-based exercise that targets the muscles of the legs, particularly the quadriceps. It is often used as an accessory for squats, but can also be the main lower-body movement in a workout. It is often performed for moderate to high reps, such as 8-12 reps per set or more.",Intermediate,Quadriceps,Strength,Machine
Bad,30 Legs Feet-High Leg Press,None,Intermediate,Quadriceps,Strength,Machine
Best,30 Legs Leg Press,None,Intermediate,Quadriceps,Strength,Machine
Good,30 Legs Leg Press Calf Raise,None,Intermediate,Quadriceps,Strength,Machine
Best,30 Legs Lying Leg Curl,None,Intermediate,Quadriceps,Strength,Machine
Good,30 Legs Machine Hack Squat,None,Intermediate,Quadriceps,Strength,Machine
Good,30 Legs Single-Leg Leg Extension,None,Intermediate,Quadriceps,Strength,Machine
Good,30 Legs Single-Leg Leg Press,None,Intermediate,Quadriceps,Strength,Machine
Best,30 Legs Single-Leg Lying Leg Curl,None,Intermediate,Quadriceps,Strength,Machine
Bad,30 Legs Smith Machine Split Squat,None,Intermediate,Quadriceps,Strength,Machine
Bad,30 Legs Smith Machine Squat,None,Intermediate,Quadriceps,Strength,Machine
Best,Jumping rope,"Jumping rope is a classic conditioning exercise that is popular with everyone from children to boxers to CrossFit athletes. It targets many different muscles, including the calves, glutes, shoulders, and upper back, and is great for everything from fat loss to improving overall athletic performance.",Intermediate,Quadriceps,Cardio,Body Only
Best,Forward lunge,"The forward lunge is a lower-body bodyweight exercise targeting the quads, glutes, and hamstrings. It can also be performed holding dumbbells or other weights. The forward lunge places more emphasis on the quads than other lunge variations. It can be performed for time or reps in the lower-body portion of any workout.",Intermediate,Quadriceps,Strength,Body Only
Best,Side-to-side box skip,"The side-to-side box skip is an explosive lower-body exercise that involves jumping laterally over a bench or box, landing with one foot on top of the surface, and then switching positions. It primarily targets the muscles of the lower body, but is also a serious cardiovascular challenge. It is often performed for high reps or for time as part of a fat-loss or athleticism-focused workout or circuit.",Intermediate,Quadriceps,Plyometrics,Body Only
Best,Bodyweight squat,"The bodyweight squat is a fundamental exercise that strengthens the quads, glutes, and hamstrings. It can be performed as part of a dynamic warm-up, for time or reps during a workout, or for hip and spine mobility any time.",Intermediate,Quadriceps,Strength,Body Only
Best,Broad jump,"The broad jump is an explosive lower-body exercise. It is a common way to measure explosive hip and lower-body strength in athletes. The more explosive you are, the farther you'll be able to jump.",Intermediate,Quadriceps,Plyometrics,Body Only
Best,Burpee,"The burpee is a high-intensity exercise that recruits the entire body to build strength and aerobic capacity. It is common in CrossFit workouts and group fitness classes, but can also be performed for time or reps in any fat-loss or athleticism-focused circuit or workout.",Intermediate,Quadriceps,Cardio,Body Only
Best,Trail Running/Walking,None,Intermediate,Quadriceps,Cardio,Body Only
Best,Scissors Jump,"The alternating lunge jump is an explosive bodyweight exercise that targets the lower-body muscles, including the quads, glutes, and hamstrings. It can be performed for time or reps in power training, and is also effective in any fat-loss or athleticism-focused workout.",Expert,Quadriceps,Plyometrics,Body Only
Best,Jumping jack-,"The jumping jack is a classic calisthenics exercise to improve overall conditioning. It’s one the most recognizable exercises on the planet, and it’s almost synonymous with training for military recruits. It can be done for time or reps, often in dynamic warm-ups or to mobilize the hips and shoulders.",Intermediate,Quadriceps,Plyometrics,Body Only
Good,Arms-crossed jump squat,"The arms-crossed jump squat is an explosive version of the jump squat. Crossing your arms eliminates any extra power that could come from swinging your arms, making the movement extra strict and challenging for the lower body. It can be performed for time or reps and is especially effective in a fat-loss or athleticism-focused circuit or workout.",Intermediate,Quadriceps,Strength,Body Only
Good,Bodyweight Reverse Lunge,"The reverse lunge is a lower-body exercise targeting the quads, glutes, and hamstrings. The reverse lunge places more emphasis on the glutes than other lunge variations.",Intermediate,Quadriceps,Strength,Body Only
Good,Alien Squat,None,Beginner,Quadriceps,Plyometrics,Body Only
Good,Treadmill walking,"Treadmill walking is a popular cardiovascular exercise performed on a machine that is available in most gyms. Performing this exercise on a treadmill allows you to adjust the speed of your walking and, depending on the machine, perform it on an adjustable incline. Many machines also have built-in heart rate monitors and timers to help you track your progress.",Intermediate,Quadriceps,Cardio,Body Only
Good,Rocket Jump,None,Beginner,Quadriceps,Plyometrics,Body Only
Good,Depth jump box jump,"The depth jump box jump is a plyometric exercise that entails jumping off one box, dropping into a squat, and then jumping up onto another box. These are all performed fluidly to complete one rep. Depth jumps have been a staple of high-level athletic programming for decades. They are usually performed for low reps with a focus on power and technique. If they hurt your knees or back, consider performing box jumps or squat jumps instead.",Intermediate,Quadriceps,Plyometrics,Body Only
Good,Bodyweight Walking Lunge,"The walking lunge is a lower-body exercise that targets the glutes, quads, and hamstrings while challenging stability and balance. It can be performed for reps, time, or distance in the lower-body portion of any workout.",Intermediate,Quadriceps,Strength,Body Only
Good,Walking High Knees,None,Intermediate,Quadriceps,Cardio,Body Only
Good,Lateral lunge,"The lateral lunge is a lower-body bodyweight movement that works the quads, glutes, and hamstrings. It can also be performed holding dumbbells or other weights. It is often performed for reps as part of a dynamic warm-up or mobility routine but can also work in a circuit or other workouts.",Intermediate,Quadriceps,Strength,Body Only
Good,Jump Squat,"The jump squat is an explosive bodyweight exercise targeting the quads, hamstrings, and glutes. It is also a serious cardiovascular challenge when done for reps. It can be performed as a power exercise to build jumping power, or in any fat-loss or athleticism-focused workout.",Intermediate,Quadriceps,Plyometrics,Body Only
Good,Over bench jump,The over bench jump is a plyometric exercise requiring only a weight bench to perform. It improves jumping ability and athleticism while burning a lot of calories.,Intermediate,Quadriceps,Plyometrics,Body Only
Good,Split Jump,"The alternating lunge jump is an explosive bodyweight exercise that targets the lower-body muscles, including the quads, glutes, and hamstrings. It can be performed for time or reps in power training, and is also effective in any fat-loss or athleticism-focused workout.",Intermediate,Quadriceps,Plyometrics,Body Only
Good,90-degree jump squat,"The 90-degree jump squat is an explosive bodyweight exercise that targets the muscles of the lower body, including the quads, glutes, and hamstrings, as well as the cardiovascular system. It can be performed for time or reps, usually in a fat-loss or athleticism-focused circuit workout.",Intermediate,Quadriceps,Plyometrics,Body Only
Bad,Skip,"The skip is an exercise that builds power and explosiveness in the legs. It's commonly performed by children and in gym classes, but is also great for working the legs and hip flexors, making it a favorite warm-up for athletes who need to explode vertically.",Intermediate,Quadriceps,Plyometrics,Body Only
Bad,Kneeling hip flexor stretch,"The kneeling hip flexor stretch is a stretch targeting greater flexibility in the front side of the hips. It targets a chronically tight muscle group and is often performed as part of a dynamic warm-up, a cool-down, or as recovery work after training.",Intermediate,Quadriceps,Stretching,Body Only
Bad,Iron Crosses (stretch),None,Intermediate,Quadriceps,Stretching,Body Only
Bad,All Fours Quad Stretch,None,Beginner,Quadriceps,Stretching,Body Only
Bad,Lying quad stretch with band,"The lying quad stretch with band is a simple way to stretch a chronically tight muscle group of the lower body. It is common in stretching and yoga classes but can also be performed individually as part of a warm-up, paired with movements in a workout, or as part of a cool-down or recovery strategy.",Intermediate,Quadriceps,Stretching,Body Only
Bad,One Half Locust,None,Intermediate,Quadriceps,Stretching,Body Only
Bad,Standing Hip Flexors,None,Intermediate,Quadriceps,Stretching,Body Only
Bad,Looking At Ceiling,None,Intermediate,Quadriceps,Stretching,Body Only
Bad,Rear Leg Raises,None,Beginner,Quadriceps,Stretching,Body Only
Bad,On Your Side Quad Stretch,None,Intermediate,Quadriceps,Stretching,Body Only
Bad,On-Your-Back Quad Stretch,None,Intermediate,Quadriceps,Stretching,Body Only
Bad,Standing Elevated Quad Stretch,None,Intermediate,Quadriceps,Stretching,Body Only
Bad,Thigh killa,"The thigh killa is a challenging lower-body bodyweight exercise that builds muscular endurance with a series of hops and bodyweight squats. It can be performed for time or reps, usually in a circuit workout or as a lower-body finisher.",Intermediate,Quadriceps,Strength,Body Only
Bad,Southpaw sprawl,"The southpaw sprawl is a full-body movement that combines elements of a single-arm plank and a sprawl. It also has a rotational component, with a jumping leg-cross and torso twist in a single-arm plank position. It is a challenging move that trains balance, core strength, and many muscle groups, making it work well in a time-efficient bodyweight circuit workout.",Intermediate,Quadriceps,Plyometrics,Body Only
Bad,Stride Jump Crossover,None,Intermediate,Quadriceps,Plyometrics,Body Only
Bad,Side Standing Long Jump,None,Intermediate,Quadriceps,Plyometrics,Body Only
Bad,Wall squat,"The wall squat is a bodyweight exercise targeting the quadriceps, as well as other muscles in the lower body and core. The lifter's back is flat against a wall, and the back slides down and up the wall during each rep. If you don't have a smooth wall to slide on, the exercise can also be performed with an exercise ball between the back and the wall.",Intermediate,Quadriceps,Strength,Body Only
Bad,Slide Jump Shot,None,Beginner,Quadriceps,Plyometrics,Body Only
Bad,Sprawl frog kick,"The sprawl frog kick is an explosive bodyweight exercise that targets multiple muscle groups across the upper and lower body. It is similar to a traditional sprawl, but with an extra hop in the middle of each rep. It can be performed for time or reps in any fat-loss or athleticism-focused circuit or workout.",Intermediate,Quadriceps,Plyometrics,Body Only
Bad,Lateral Speed Step,None,Intermediate,Quadriceps,Cardio,Body Only
Bad,Side Hop-Sprint,None,Intermediate,Quadriceps,Plyometrics,Body Only
Bad,Pop squat,"The pop squat is an explosive bodyweight exercise that targets the lower-body muscles, including the quads, glutes, and hamstrings. It is similar to a jump squat, but alternates between a narrow and wide stance with each jump. It can be performed for time or reps in power training and is also effective in any fat-loss or athleticism-focused workout.",Intermediate,Quadriceps,Plyometrics,Body Only
Bad,Star Jump,None,Beginner,Quadriceps,Plyometrics,Body Only
Bad,Side Lunge Touching Heel,"The side lunge cross-body heel-touch is a lower-body exercise targeting the quads, glutes, and hamstrings. The heel-touch adds a slight rotational challenge.",Intermediate,Quadriceps,Strength,Body Only
Bad,Lying Prone Quadriceps,None,Beginner,Quadriceps,Stretching,Body Only
Bad,Fast Kick With Arm Circles,None,Beginner,Quadriceps,Cardio,Body Only
Bad,Single-leg box squat,"The single-leg box squat is a bodyweight exercise that targets the muscles of the lower body, including the quads, glutes, and hamstrings. It is similar in form to a pistol squat, except that you sit to a box. This allows you to customize the depth of the movement to your movement abilities and mobility level. For this reason, the single-leg box squat is a popular movement for building leg strength in beginning trainees. It can be performed in lower strength-focused rep ranges, such as 5-8 reps per leg, or for higher reps for muscle building.",Intermediate,Quadriceps,Strength,Body Only
Bad,Defensive Slide,None,Beginner,Quadriceps,Cardio,Body Only
Bad,Quick Leap,None,Intermediate,Quadriceps,Plyometrics,Body Only
Bad,Vertical Mountain Climber,None,Beginner,Quadriceps,Cardio,Body Only
Bad,Reverse Burpee,None,Beginner,Quadriceps,Plyometrics,Body Only
Bad,Football Up-Down,None,Beginner,Quadriceps,Cardio,Body Only
Bad,Jump lunge heel kick,"The jump lunge heel kick is a high-intensity, full-body exercise targeting the quads, glutes, and hamstrings. It combines a jump lunge with a standing hamstring stretch in a unique combo that also challenges balance. It can be performed for time or reps as part of a fat-loss or athleticism-focused circuit or workout.",Intermediate,Quadriceps,Plyometrics,Body Only
Bad,Burpee box jump,"The burpee box jump is an explosive bodyweight exercise that combines a burpee with a leap onto a box or step. First, you perform a traditional burpee, and then instead of jumping into the air, you jump onto a box. This makes you focus on power generation in the jump, making each rep more challenging. Burpee box jumps are often performed for high reps as part of metabolic conditioning circuits or workouts.",Intermediate,Quadriceps,Plyometrics,Body Only
Bad,Linear Depth Jump,None,Intermediate,Quadriceps,Plyometrics,Body Only
Bad,Slow Jog,None,Beginner,Quadriceps,Cardio,Body Only
Bad,High knees,"High knees is a full-body, cardio-based exercise with an emphasis on the lower body. It is often performed for reps or time as part of a dynamic warm-up.",Intermediate,Quadriceps,Cardio,Body Only
Bad,Jumping Jack,"The jumping jack is a classic calisthenics exercise to improve overall conditioning. It’s one the most recognizable exercises on the planet, and it’s almost synonymous with training for military recruits. It can be done for time or reps, often in dynamic warm-ups or to mobilize the hips and shoulders.",Intermediate,Quadriceps,Cardio,Body Only
Bad,Square Hop,None,Beginner,Quadriceps,Plyometrics,Body Only
Bad,Running lunge,"The running lunge is a dynamic exercise that targets the lower body. It combines elements of a reverse lunge with a step-up, in that the front leg fully extends and the rear leg flexes up in front of the body. It targets a wide range of muscles in the lower body, including the quads, glutes, and hamstrings. It can be performed for time or reps in any lower-body workout, or in a fat-loss or athleticism-focused circuit.",Intermediate,Quadriceps,Plyometrics,Body Only
Bad,In-out jump squat,"The in-out jump squat is a bodyweight squat variation that alternates wide and narrow jump squats. It targets the lower-body muscles, including the quads, glutes, adductors, and hamstrings, and also provides a serious cardiovascular challenge. It can be performed for time or reps and is especially effective in a fat-loss or athleticism-focused circuit or workout.",Intermediate,Quadriceps,Plyometrics,Body Only
Bad,Gorilla squat,"The gorilla squat is a bodyweight sequence that combines two reverse lunges and a bodyweight squat. It could also be performed with dumbbells, kettlebells, or other weights. It targets most of the muscles of the lower body, including the quads, glutes, and hamstrings. It can be performed for time or reps in the lower-body portion of any workout.",Intermediate,Quadriceps,Plyometrics,Body Only
Bad,Burpee tuck jump,The burpee tuck jump is an explosive version of the burpee exercise that adds a tuck jump to the top of each rep. It can be performed for time or reps in any fat-loss or athleticism-focused circuit or workout.,Intermediate,Quadriceps,Plyometrics,Body Only
Bad,Speed skater,"The speed skater is an explosive version of the lateral lunge that involves jumping from side to side and landing on a single leg, then touching the ground. It challenges the lower-body muscles, including the quads, hips, and glutes, and the cardiovascular system, while training lateral movement.",Intermediate,Quadriceps,Plyometrics,Body Only
Bad,Jumping knee up-down,"The jumping knee up-down is an explosive bodyweight movement that consists of a knee up-down followed by a jump squat. It targets the muscles of the lower body, including the quads, glutes, and hamstrings, but is also a challenging power and conditioning exercise.",Intermediate,Quadriceps,Plyometrics,Body Only
Bad,Jump Lunge To Feet Jack,None,Intermediate,Quadriceps,Plyometrics,Body Only
Good,Reverse Lunge Rotation,None,Intermediate,Quadriceps,Strength,Body Only
Good,Alternating standing knee-pull stretch,"The alternating standing knee-pull stretch targets range of motion in the hips, hamstrings, and lower back. It's a common movement in dynamic warm-ups for athletics or lower-body training, but can also be used to ""limber up"" for activity anytime.",Intermediate,Quadriceps,Stretching,Body Only
Bad,Seal jack,"The seal jack is a variation on the jumping jack, one the most common calisthenic exercises on the planet. The difference between this movement and the jumping jack has to do with the arm motion. Instead of the arms coming together overhead, they come together in front of the body, like a seal clapping its fins.",Intermediate,Quadriceps,Strength,Body Only
Best,Kneeling quad thoracic stretch,"The kneeling quad thoracic stretch is a stretch targeting greater range of motion in your thoracic spine. It is commonly included in dynamic warm-ups or cool-downs, but can also be performed as full-body mobility work any time.",Intermediate,Quadriceps,Strength,Body Only
Good,Single-Leg Squat With Knee Tap,"The single-leg knee-tap squat is a single-leg squat variation that involves “floating” the back leg over the ground on the descent until touching just the knee to the ground or a pad. It is similar to a lunge, but without touching the back foot to the ground. It is an intense strength and coordination challenge that can work in any strength- or athleticism-focused workout.",Expert,Quadriceps,Strength,Body Only
Bad,Shuttle run,"The shuttle run is an athletic conditioning drill that’s great for developing speed and power, as well as changing direction. It’s a favorite of football and basketball players, but it can also be great conditioning work for lifters and athletes of all ability levels.",Intermediate,Quadriceps,Cardio,Body Only
Good,Squat Isometric Hold,"The hack squat is a machine-based exercise that targets the muscles of the legs, particularly the quadriceps. It is often used as an accessory for squats, but can also be the main lower-body movement in a workout. It is often performed for moderate to high reps, such as 8-12 reps per set or more.",Expert,Quadriceps,Plyometrics,Body Only
Good,Wall sit,"The wall sit is an exercise targeting the quadriceps and core muscle. It involves descending into a squat position while leaning against a wall, then holding that position for a predetermined length of time. It's a classic leg endurance-building exercise for basketball players and gymnasts.",Intermediate,Quadriceps,Strength,Body Only
Bad,Walking lunge with hip extension,"The walking lunge with hip extension is a combination of two movements, both targeting the lower body. The added hip extension places more of an emphasis on the glutes. It is a great inclusion in a dynamic warm-up for the lower body, but can also be performed for time or reps in any workout.",Intermediate,Quadriceps,Strength,Body Only
Good,Squat with alternating side leg raise,"The squat with alternating side leg raise is a bodyweight version of the squat, but with a lateral leg lift to add extra focus to the abductor muscles. It can be performed for time or for reps as part of a dynamic warm-up for the lower body, or in any lower-body portion of a workout.",Intermediate,Quadriceps,Strength,Body Only
Best,Lateral Squats,"The lateral lunge is a lower-body bodyweight movement that works the quads, glutes, and hamstrings. It can also be performed holding dumbbells or other weights. It is often performed for reps as part of a dynamic warm-up or mobility routine but can also work in a circuit or other workouts.",Intermediate,Quadriceps,Strength,Body Only
Best,Walking lunge with twist,"The walking lunge with twist is an exercise that targets the lower body and the obliques. The twist not only works the obliques, it also opens up the thoracic spine. It is a great inclusion in a dynamic warm-up for a lower-body or full-body workout, but can also be performed for time or reps in any workout.",Intermediate,Quadriceps,Strength,Body Only
Good,Boss Everline Backward Lunge Walk,None,Intermediate,Quadriceps,Strength,Body Only
Good,Reverse Diagonal Skaters,None,Intermediate,Quadriceps,Strength,Body Only
Good,FYR Air Squat,"The bodyweight squat is a fundamental exercise that strengthens the quads, glutes, and hamstrings. It can be performed as part of a dynamic warm-up, for time or reps during a workout, or for hip and spine mobility any time.",Intermediate,Quadriceps,Strength,Body Only
Good,FYR Tuck Jump,"The tuck jump is a vertical jump, an explosive lower-body exercise that is a common way to measure explosive hip and lower-body strength in athletes. The more explosive you are, the higher you'll be able to jump.",Intermediate,Quadriceps,Strength,Body Only
Good,Push-up sprawl tuck jump,"The push-up sprawl tuck jump is an explosive bodyweight sequence that combines three movements: the push-up, the sprawl, and the tuck jump. It is similar to a burpee, but with a tuck jump at the top. It can be performed for time or reps in any fat-loss or athleticism-focused circuit or workout.",Intermediate,Quadriceps,Strength,Body Only
Best,FYR Running Lunge,"The running lunge is a dynamic exercise that targets the lower body. It combines elements of a reverse lunge with a step-up, in that the front leg fully extends and the rear leg flexes up in front of the body. It targets a wide range of muscles in the lower body, including the quads, glutes, and hamstrings. It can be performed for time or reps in any lower-body workout, or in a fat-loss or athleticism-focused circuit.",Intermediate,Quadriceps,Strength,Body Only
Best,FYR Jumping Lunge,"The alternating lunge jump is an explosive bodyweight exercise that targets the lower-body muscles, including the quads, glutes, and hamstrings. It can be performed for time or reps in power training, and is also effective in any fat-loss or athleticism-focused workout.",Intermediate,Quadriceps,Strength,Body Only
Best,FYR Sprawl Frog Kick,"The sprawl frog kick is an explosive bodyweight exercise that targets multiple muscle groups across the upper and lower body. It is similar to a traditional sprawl, but with an extra hop in the middle of each rep. It can be performed for time or reps in any fat-loss or athleticism-focused circuit or workout.",Intermediate,Quadriceps,Strength,Body Only
Best,Jump squat-,"The jump squat is an explosive bodyweight exercise targeting the quads, hamstrings, and glutes. It is also a serious cardiovascular challenge when done for reps. It can be performed as a power exercise to build jumping power, or in any fat-loss or athleticism-focused workout.",Intermediate,Quadriceps,Strength,Body Only
Best,FYR Sprinter Burpee,None,Intermediate,Quadriceps,Cardio,Body Only
Bad,Single-leg burpee,"The single-leg burpee is an advanced variation of the burpee exercise that involves performing all parts of the sequence with one leg at a time. It is usually performed alternating legs with each rep, but could be performed one side at a time. Performing one leg at a time increases the challenge to all parts of the body, especially the working leg, core, and shoulders.",Intermediate,Quadriceps,Strength,Body Only
Good,FYR Gorilla Squat,"The gorilla squat is a bodyweight sequence that combines two reverse lunges and a bodyweight squat. It could also be performed with dumbbells, kettlebells, or other weights. It targets most of the muscles of the lower body, including the quads, glutes, and hamstrings. It can be performed for time or reps in the lower-body portion of any workout.",Intermediate,Quadriceps,Strength,Body Only
Bad,Banded compass jump squat,"The banded compass jump squat is an explosive squat variation performed with a band around the thighs just above the knees. This increases muscle activation in the hips and glutes, while the squat targets the quads, hamstrings, and glutes. The landing for each jump is a 90-degree rotation from the starting position. The banded compass jump squat can be performed for low reps as a power-focused exercise, or for higher reps to build muscle in the lower body, challenge conditioning, and burn fat.",Intermediate,Quadriceps,Strength,Body Only
Bad,In-out sprawl,"The in-out sprawl is a full-body movement that combines elements of a plank and a sprawl. It demands an explosive full-body jump from a plank position. It is a challenging move that trains balance, core strength, and many muscle groups, making it work well in a time-efficient bodyweight circuit workout.",Intermediate,Quadriceps,Strength,Body Only
Best,Knee-tuck kick-up,"The knee-tuck kick-up is a bodyweight movement that targets the muscles of the abs, the rectus abdominis or ""six-pack"" muscles in particular. It can be performed for time or reps in the ab-focused portion of any workout.",Intermediate,Quadriceps,Strength,Body Only
Bad,Bear crawl donkey kick,"The bear crawl donkey kick is a more advanced version of the bear crawl exercise that adds a donkey kick. It adds an extra coordination and shoulder challenge to an already intense full-body movement that targets the cardiovascular system as well as a wide range of muscle groups, the shoulders, core, and legs in particular. It can be done as a full-body warm-up, in short bursts for power or circuit training, or for longer durations as cardiovascular conditioning.",Intermediate,Quadriceps,Strength,Body Only
Bad,Southpaw sprawl with push-up,"The southpaw sprawl with push-up is a full-body movement that combines elements of a plank and a sprawl, with the addition of a push-up. It also has a rotational component, with a jumping leg-cross and torso twist in a straight-arm plank position. It is a challenging move that trains balance, core strength, and many muscle groups, making it work well in a time-efficient bodyweight circuit workout.",Intermediate,Quadriceps,Strength,Body Only
Bad,Bouncing lunge,"The bouncing lunge is a bodyweight movement targeting the quads. It can be performed either for time or reps, and is often included as part of a fat-loss or athleticism-focused circuit workout.",Intermediate,Quadriceps,Strength,Body Only
Good,Bodyweight Squat - Gethin Variation,"The bodyweight squat is a fundamental exercise that strengthens the quads, glutes, and hamstrings. It can be performed as part of a dynamic warm-up, for time or reps during a workout, or for hip and spine mobility any time.",Intermediate,Quadriceps,Strength,Body Only
Best,FYR Alternating Lunge,"The forward lunge is a lower-body bodyweight exercise targeting the quads, glutes, and hamstrings. It can also be performed holding dumbbells or other weights. The forward lunge places more emphasis on the quads than other lunge variations. It can be performed for time or reps in the lower-body portion of any workout.",Intermediate,Quadriceps,Strength,Body Only
Good,Bodyweight Walking Lunge - Gethin Variation,"The walking lunge is a lower-body exercise that targets the glutes, quads, and hamstrings while challenging stability and balance. It can be performed for reps, time, or distance in the lower-body portion of any workout.",Intermediate,Quadriceps,Strength,Body Only
Best,Seated Quad Contraction,None,Intermediate,Quadriceps,Strength,Body Only
Best,HM Squat with Alternating Leg Extension,None,Intermediate,Quadriceps,Strength,Body Only
Good,HM Air Squat,None,Intermediate,Quadriceps,Strength,Body Only
Good,HM Alternating Jump Lunge,None,Intermediate,Quadriceps,Strength,Body Only
Bad,HM Alternating Lunge-In-Place,None,Intermediate,Quadriceps,Strength,Body Only
Bad,HM Alternating Side Lunge,None,Intermediate,Quadriceps,Strength,Body Only
Good,HM Sumo Pulse,None,Intermediate,Quadriceps,Strength,Body Only
Good,HM Sumo Squat,None,Intermediate,Quadriceps,Strength,Body Only
Bad,HM Alternating Side-Kick,None,Intermediate,Quadriceps,Strength,Body Only
Best,HM Tuck-Up Burpee,None,Intermediate,Quadriceps,Strength,Body Only
Bad,HM Bear Crawl,None,Intermediate,Quadriceps,Strength,Body Only
Bad,HM Bear Stance Fire Hydrant,None,Intermediate,Quadriceps,Strength,Body Only
Good,HM Walking Frankenstein,None,Intermediate,Quadriceps,Strength,Body Only
Bad,HM Walking Hip Stretch,None,Intermediate,Quadriceps,Stretching,Body Only
Best,HM Wide Jump Squat,None,Intermediate,Quadriceps,Strength,Body Only
Bad,HM Boxer Shuffle,None,Intermediate,Quadriceps,Strength,Body Only
Bad,HM Running Lunge,None,Intermediate,Quadriceps,Cardio,Body Only
Bad,HM Bulgarian Split Squat On Chair,None,Intermediate,Quadriceps,Strength,Body Only
Good,HM Burpee,None,Intermediate,Quadriceps,Strength,Body Only
Best,HM Butterfly,None,Intermediate,Quadriceps,Strength,Body Only
Bad,HM Alternating Lunge Push-Up,None,Intermediate,Quadriceps,Strength,Body Only
Best,HM Comet,None,Intermediate,Quadriceps,Strength,Body Only
Best,HM Couch Stretch,None,Intermediate,Quadriceps,Strength,Body Only
Best,HM Down Up,None,Intermediate,Quadriceps,Strength,Body Only
Bad,HM Duck Walk,None,Intermediate,Quadriceps,Strength,Body Only
Best,HM Fragon,None,Intermediate,Quadriceps,Strength,Body Only
Bad,HM Frankenstein,None,Intermediate,Quadriceps,Strength,Body Only
Best,HM Single-Leg Squat on Chair,None,Intermediate,Quadriceps,Strength,Body Only
Good,HM Single-Leg Touchdown,None,Intermediate,Quadriceps,Strength,Body Only
Good,HM Speed Skater,None,Intermediate,Quadriceps,Strength,Body Only
Good,HM Squat Jump,None,Intermediate,Quadriceps,Strength,Body Only
Best,HM Squat Lunge,None,Intermediate,Quadriceps,Strength,Body Only
Good,HM Garland Pose,None,Intermediate,Quadriceps,Strength,Body Only
Best,HM High Knees,None,Intermediate,Quadriceps,Strength,Body Only
Bad,HM In-And-Out Squat,None,Intermediate,Quadriceps,Strength,Body Only
Best,HM In-And-Out Squat Jump,None,Intermediate,Quadriceps,Strength,Body Only
Best,HM Jumping Jack,None,Intermediate,Quadriceps,Strength,Body Only
Good,HM Jumping Knee-Up,None,Intermediate,Quadriceps,Strength,Body Only
Best,HM Jumping Rope,None,Intermediate,Quadriceps,Strength,Body Only
Good,HM Right Calf-Spike Sumo Pulse,None,Intermediate,Quadriceps,Strength,Body Only
Good,HM Reverse Lunge with Kick,None,Intermediate,Quadriceps,Strength,Body Only
Good,HM Left Knee-Up,None,Intermediate,Quadriceps,Strength,Body Only
Good,HM Left-Leg Lunge And Kick-Out,None,Intermediate,Quadriceps,Strength,Body Only
Good,HM Mountain Pose,None,Intermediate,Quadriceps,Strength,Body Only
Good,HM Butt Kickers,None,Intermediate,Quadriceps,Strength,Body Only
Best,HM Right-Leg Lunge And Kick-Out,None,Intermediate,Quadriceps,Strength,Body Only
Good,HM Sumo Get-Up,None,Intermediate,Quadriceps,Strength,Body Only
Bad,AM Jump Squat,"The jump squat is an explosive bodyweight exercise targeting the quads, hamstrings, and glutes. It is also a serious cardiovascular challenge when done for reps. It can be performed as a power exercise to build jumping power, or in any fat-loss or athleticism-focused workout.",Intermediate,Quadriceps,Strength,Body Only
Good,AM Bodyweight Squat,"The bodyweight squat is a fundamental exercise that strengthens the quads, glutes, and hamstrings. It can be performed as part of a dynamic warm-up, for time or reps during a workout, or for hip and spine mobility any time.",Intermediate,Quadriceps,Strength,Body Only
Best,High knees sprawl drill,"The high knees sprawl drill is a full-body, cardio and strength-focused exercise. It can be performed for reps or time in a fast-paced circuit or other workout.",Intermediate,Quadriceps,Strength,Body Only
Bad,UP Bulgarian Split Squat,"The dumbbell Bulgaria split squat is a single-leg exercise targeting the quads, glutes, and hamstrings.",Intermediate,Quadriceps,Strength,Body Only
Good,UN Forward Lunge,None,Intermediate,Quadriceps,Strength,Body Only
Best,UN Front Foot Elevated Split Squat,None,Intermediate,Quadriceps,Strength,Body Only
Bad,UNS Half-Kneeling Hip Flexor Stretch,None,Intermediate,Quadriceps,Strength,Body Only
Bad,UNS Low Depth Jump,None,Intermediate,Quadriceps,Strength,Body Only
Good,UNS Forward-To-Reverse Lunge,None,Intermediate,Quadriceps,Strength,Body Only
Good,Holman Towel Squat Thrust,None,Intermediate,Quadriceps,Strength,Body Only
Bad,Holman Towel Alternating Prisoner Squat,None,Intermediate,Quadriceps,Strength,Body Only
Bad,Holman Towel Alternating Lateral Lunge,None,Intermediate,Quadriceps,Strength,Body Only
Good,Holman Squat Pull-Through Jump,None,Intermediate,Quadriceps,Strength,Body Only
Good,Holman 180 Jump,None,Intermediate,Quadriceps,Strength,Body Only
Bad,Holman Foot-Elevated Knee-Up to Squat,None,Intermediate,Quadriceps,Strength,Body Only
Best,Holman Feet-Elevated Squat Thrust,None,Intermediate,Quadriceps,Strength,Body Only
Best,Holman Hands-Elevated Lunge Jump,None,Intermediate,Quadriceps,Strength,Body Only
Best,Holman Hands-Elevated Jack to Split Jump,None,Intermediate,Quadriceps,Strength,Body Only
Best,Holman Hands-Elevated Wide Squat Thrust,None,Intermediate,Quadriceps,Strength,Body Only
Good,Holman Hands-Elevated Squat Thrust to Split Jack,None,Intermediate,Quadriceps,Strength,Body Only
Good,Holman Squat Jump,None,Intermediate,Quadriceps,Strength,Body Only
Bad,Holman Squat Pulse,None,Intermediate,Quadriceps,Strength,Body Only
Bad,Holman Jump-Out Push-Up,None,Intermediate,Quadriceps,Strength,Body Only
Good,Holman Alternating Forward Lunge,None,Intermediate,Quadriceps,Strength,Body Only
Best,Holman Burpee to Jump,None,Intermediate,Quadriceps,Strength,Body Only
Best,Holman Pilates Single-Leg Stretch,None,Intermediate,Quadriceps,Strength,Body Only
Good,Holman Alternating Reverse Prisoner Lunge,None,Intermediate,Quadriceps,Strength,Body Only
Good,Holman Narrow-Wide Squat Jump to 180 Jump,None,Intermediate,Quadriceps,Strength,Body Only
Best,Holman 180 Jump to Lunge,None,Intermediate,Quadriceps,Strength,Body Only
Bad,Holman Imaginary Jump Rope,None,Intermediate,Quadriceps,Strength,Body Only
Bad,Holman Fast Feet with Hands Up,None,Intermediate,Quadriceps,Strength,Body Only
Bad,Holman Hands-Elevated Alternating Lunge Jump,None,Intermediate,Quadriceps,Strength,Body Only
Bad,Holman Right Split Lunge,None,Intermediate,Quadriceps,Strength,Body Only
Best,Holman Left Split Lunge,None,Intermediate,Quadriceps,Strength,Body Only
Good,Holman Plyometric Jump,None,Intermediate,Quadriceps,Strength,Body Only
Bad,Holman Quad Touch Jump,None,Intermediate,Quadriceps,Strength,Body Only
Bad,Holman Skate,None,Intermediate,Quadriceps,Strength,Body Only
Best,Holman Lunge Jump,None,Intermediate,Quadriceps,Strength,Body Only
Bad,Holman Flying Squat Thrust,None,Intermediate,Quadriceps,Strength,Body Only
Bad,Holman 90-Degree Jump,None,Intermediate,Quadriceps,Strength,Body Only
Best,Holman Half Jack to 180 Jump,None,Intermediate,Quadriceps,Strength,Body Only
Good,Holman Quick Feet to Quad Touch Jump,None,Intermediate,Quadriceps,Strength,Body Only
Best,Holman Squat Thrust to Push-Up to Super Woman,None,Intermediate,Quadriceps,Strength,Body Only
Good,Holman Plyometric Jump to 180 Jump,None,Intermediate,Quadriceps,Strength,Body Only
Bad,Holman Standing Heel Click to Hands Down Heel Click,None,Intermediate,Quadriceps,Strength,Body Only
Best,Holman Burpee to 180 Jump,None,Intermediate,Quadriceps,Strength,Body Only
Bad,Holman Traveling Low Jack to Belly Touch,None,Intermediate,Quadriceps,Strength,Body Only
Best,Holman Flying Squat Thrust to Shoulder Tap,None,Intermediate,Quadriceps,Strength,Body Only
Good,Holman Squat Jump to Alternating Side Lunge Jump,None,Intermediate,Quadriceps,Strength,Body Only
Bad,Holman Low Squat with Low Diagonal Dumbbell Punch,None,Intermediate,Quadriceps,Strength,Body Only
Good,Holman Right Leg Hop to Right Reverse Lunge,None,Intermediate,Quadriceps,Strength,Body Only
Bad,Holman Left Leg Hop to Left Reverse Lunge,None,Intermediate,Quadriceps,Strength,Body Only
Bad,Holman Burpee to Open Stance,None,Intermediate,Quadriceps,Strength,Body Only
Good,Holman Diagonal Squat Thrust to Renegade Forward Punch,None,Intermediate,Quadriceps,Strength,Body Only
Best,Holman Bear Crawl,None,Intermediate,Quadriceps,Strength,Body Only
Good,Holman Bear Crawl to Donkey Kick,None,Intermediate,Quadriceps,Strength,Body Only
Good,Holman Bear Crawl to Froggy Push-Up,None,Intermediate,Quadriceps,Strength,Body Only
Best,Holman Bear Crawl to Shoulder Tap,None,Intermediate,Quadriceps,Strength,Body Only
Best,Holman Burpee to Tuck Jump,None,Intermediate,Quadriceps,Strength,Body Only
Best,Holman Burpee to Flying Squat Thrust to Tuck Jump,None,Intermediate,Quadriceps,Strength,Body Only
Best,Holman Forward Lunge to Reverse Lunge,None,Intermediate,Quadriceps,Strength,Body Only
Best,Holman Renegade Lunge Jump,None,Intermediate,Quadriceps,Strength,Body Only
Good,Holman Squat Jump to Lunge Jump,None,Intermediate,Quadriceps,Strength,Body Only
Bad,Holman Prisoner Reverse Lunge,None,Intermediate,Quadriceps,Strength,Body Only
Good,Holman Wide-to-Narrow Squat Jump,None,Intermediate,Quadriceps,Strength,Body Only
Best,Holman Donkey Run,None,Intermediate,Quadriceps,Strength,Body Only
Bad,Holman Weighted Wide-to-Narrow Squat Jump,None,Intermediate,Quadriceps,Strength,Body Only
Bad,Holman Wide-to-Narrow Donkey Kick,None,Intermediate,Quadriceps,Strength,Body Only
Good,Holman Mule Kick,None,Intermediate,Quadriceps,Strength,Body Only
Good,Holman Goal Post to Squat,None,Intermediate,Quadriceps,Strength,Body Only
Good,Holman Frogger Squat to Heel Click,None,Intermediate,Quadriceps,Strength,Body Only
Best,Holman Stair Sprint,None,Intermediate,Quadriceps,Strength,Body Only
Best,Holman Stair Bear Crawl,None,Intermediate,Quadriceps,Strength,Body Only
Good,Holman Burpee to Flying Squat Thrust,None,Intermediate,Quadriceps,Strength,Body Only
Best,Holman Flying Squat Thrust to Push-Up,None,Intermediate,Quadriceps,Strength,Body Only
Bad,Holman Foot-Elevated Step-To-Lunge,None,Intermediate,Quadriceps,Strength,Body Only
Best,Holman Split Lunge,None,Intermediate,Quadriceps,Strength,Body Only
Good,Holman Stair Climb,None,Intermediate,Quadriceps,Strength,Body Only
Bad,Holman Burpee to Flying Jack,None,Intermediate,Quadriceps,Strength,Body Only
Good,Holman Right Reverse Lunge,None,Intermediate,Quadriceps,Strength,Body Only
Best,Holman Left Reverse Lunge,None,Intermediate,Quadriceps,Strength,Body Only
Bad,Holman Squat Tap to Hop,None,Intermediate,Quadriceps,Strength,Body Only
Good,Holman Squat Tap to Jump-Forward-Jump-Back,None,Intermediate,Quadriceps,Strength,Body Only
Bad,Holman Squat Hip Drive,None,Intermediate,Quadriceps,Strength,Body Only
Best,Holman Alternating Double Lunge Hop,None,Intermediate,Quadriceps,Strength,Body Only
Bad,Holman Right Reverse Lunge to Front Kick,None,Intermediate,Quadriceps,Strength,Body Only
Bad,Holman Right Leg Forward Lunge Hop,None,Intermediate,Quadriceps,Strength,Body Only
Best,Holman Right Squat Thrust,None,Intermediate,Quadriceps,Strength,Body Only
Best,Holman Left Reverse Lunge to Front Kick,None,Intermediate,Quadriceps,Strength,Body Only
Best,Holman Left Leg Forward Lunge Hop,None,Intermediate,Quadriceps,Strength,Body Only
Best,Holman Left Side Diagonal Burpee,None,Intermediate,Quadriceps,Strength,Body Only
Best,Holman Left Squat Thrust,None,Intermediate,Quadriceps,Strength,Body Only
Bad,Holman Wide Squat Thrust,None,Intermediate,Quadriceps,Strength,Body Only
Best,Holman Alternating Single-Leg Hop to Squat to 180 Jump,None,Intermediate,Quadriceps,Strength,Body Only
Bad,Holman Right Lunge Hop to Chest Press,None,Intermediate,Quadriceps,Strength,Body Only
Best,Holman Left Lunge Hop to Overhead Press,None,Intermediate,Quadriceps,Strength,Body Only
Bad,Holman 180 Jump Hop Forward Hop Back,None,Intermediate,Quadriceps,Strength,Body Only
Good,Holman Right Split Squat,None,Intermediate,Quadriceps,Strength,Body Only
Good,Holman Left Split Squat,None,Intermediate,Quadriceps,Strength,Body Only
Good,Holman Double Squat Pulse to 180 Jump,None,Intermediate,Quadriceps,Strength,Body Only
Good,Holman Towel Left Side Squat,None,Intermediate,Quadriceps,Strength,Body Only
Good,Holman Alternating Lunge Jump,None,Intermediate,Quadriceps,Strength,Body Only
Best,Holman Lunge Jump to Squat Jump,None,Intermediate,Quadriceps,Strength,Body Only
Good,Holman Burpee with Belly Touch,None,Intermediate,Quadriceps,Strength,Body Only
Bad,Bootstrapper squat,"The bootstrapper squat is a movement that improves mobility, muscular strength, and flexibility in the hips and hamstrings. It is usually performed as part of a dynamic warm-up for the lower body to mobilize the hips and improve squat form.",Intermediate,Quadriceps,Strength,Body Only
Best,Total Fitness Broad Jump,"The broad jump is an explosive lower-body exercise. It is a common way to measure explosive hip and lower-body strength in athletes. The more explosive you are, the farther you'll be able to jump.",Intermediate,Quadriceps,Strength,Body Only
Good,Total Fitness Lateral Lunge,"The lateral lunge is a lower-body bodyweight movement that works the quads, glutes, and hamstrings. It can also be performed holding dumbbells or other weights. It is often performed for reps as part of a dynamic warm-up or mobility routine but can also work in a circuit or other workouts.",Intermediate,Quadriceps,Strength,Body Only
Bad,Lateral shuffle,"The lateral shuffle is a common exercise in sports training and gym classes. It involves taking steps to one side and then steps to the other side. It can be performed as part of a circuit for athletes of any level, but is also a great movement for beginners.",Intermediate,Quadriceps,Strength,Body Only
Good,Total Fitness Skip,"The skip is an exercise that builds power and explosiveness in the legs. It's commonly performed by children and in gym classes, but is also great for working the legs and hip flexors, making it a favorite warm-up for athletes who need to explode vertically.",Intermediate,Quadriceps,Strength,Body Only
Good,Total Fitness Spider Lunge,"The spider lunge stretch is a lower-body stretch targeting the hips, groin, and quads. It can be part of a dynamic warm-up or mobility work performed anytime.",Intermediate,Quadriceps,Strength,Body Only
Good,Spider lunge stretch,"The spider lunge stretch is a lower-body stretch targeting the hips, groin, and quads. It can be part of a dynamic warm-up or mobility work performed anytime.",Intermediate,Quadriceps,Strength,Body Only
Bad,Spider lunge with T-rotation,"The spider lunge with T-rotation is an exercise that produces a deep stretch in the glutes and hamstrings while also rotating and mobilizing the thoracic spine region. It is a great movement to include in a dynamic warm-up, or as mobility work anytime.",Intermediate,Quadriceps,Strength,Body Only
Good,Standing quad stretch,"The standing quad stretch is a simple exercise designed to stretch the quadriceps, the big muscles that cover most of the thighs. This is a static stretch, meaning it’s usually performed by holding the stretched position for a certain length of time.",Intermediate,Quadriceps,Strength,Body Only
Bad,Vertical jump,"The vertical jump is an explosive lower-body exercise that is a common way to measure explosive hip and lower-body strength in athletes. The more explosive you are, the higher you'll be able to jump.",Intermediate,Quadriceps,Strength,Body Only
Best,King Maker Burpee,"The burpee is a high-intensity exercise that recruits the entire body to build strength and aerobic capacity. It is common in CrossFit workouts and group fitness classes, but can also be performed for time or reps in any fat-loss or athleticism-focused circuit or workout.",Intermediate,Quadriceps,Strength,Body Only
Bad,King Maker Explosive High Jump,"The tuck jump is a vertical jump, an explosive lower-body exercise that is a common way to measure explosive hip and lower-body strength in athletes. The more explosive you are, the higher you'll be able to jump.",Intermediate,Quadriceps,Strength,Body Only
Good,Muscle Beach Skip,None,Intermediate,Quadriceps,Strength,Body Only
Best,Muscle Beach Broad Jump,None,Intermediate,Quadriceps,Strength,Body Only
Bad,Muscle Beach Sprint,None,Intermediate,Quadriceps,Strength,Body Only
Bad,Muscle Beach Front Kick,None,Intermediate,Quadriceps,Strength,Body Only
Best,Muscle Beach Side Kick,None,Intermediate,Quadriceps,Strength,Body Only
Good,Muscle Beach Spin Kick,None,Intermediate,Quadriceps,Strength,Body Only
Good,Muscle Beach Freestyle Kick,None,Intermediate,Quadriceps,Strength,Body Only
Best,MetaBurn Alternating Curtsy Lunge To Squat,None,Intermediate,Quadriceps,Strength,Body Only
Bad,MetaBurn Alternating Curtsy Lunge With High Knee,None,Intermediate,Quadriceps,Strength,Body Only
Good,MetaBurn Alternating Diagonal Sprawl,None,Intermediate,Quadriceps,Strength,Body Only
Good,MetaBurn Alternating Lateral Sprawl,None,Intermediate,Quadriceps,Strength,Body Only
Bad,MetaBurn Curtsy Lunge,None,Intermediate,Quadriceps,Strength,Body Only
Good,MetaBurn Frogger,None,Intermediate,Quadriceps,Strength,Body Only
Good,MetaBurn High Knee Rotation,None,Intermediate,Quadriceps,Strength,Body Only
Bad,MetaBurn Side-To-Side Lunge,None,Intermediate,Quadriceps,Strength,Body Only
Good,MetaBurn Star Jump,None,Intermediate,Quadriceps,Strength,Body Only
Bad,MetaBurn Tuck Jump With Knee Slap,None,Intermediate,Quadriceps,Strength,Body Only
Good,MetaBurn Lateral Bounding Hop,None,Intermediate,Quadriceps,Strength,Body Only
Best,MetaBurn Double Lunge,None,Intermediate,Quadriceps,Strength,Body Only
Bad,Robertson Sprinter Step-Up,None,Intermediate,Quadriceps,Strength,Body Only
Good,FYR2 Front Kick-Through,None,Intermediate,Quadriceps,Strength,Body Only
Good,Lunge high-knee clap,"The lunge high-knee clap is a full-body, cardio-based exercise with emphasis on the lower body. It includes a clap under the front leg to make the movement more powerful and strict. It can be performed either for time or reps and is a great inclusion in a fat-loss or athleticism-focused circuit workout.",Intermediate,Quadriceps,Strength,Body Only
Good,FYR2 Plyo Split Squat,None,Intermediate,Quadriceps,Strength,Body Only
Good,FYR2 Reverse Burpee,None,Intermediate,Quadriceps,Strength,Body Only
Best,FYR2 Reverse Burpee to Regular Burpee,None,Intermediate,Quadriceps,Strength,Body Only
Good,FYR2 Reverse Burpee Tuck Jump,None,Intermediate,Quadriceps,Strength,Body Only
Bad,FYR2 Sprawlee,None,Intermediate,Quadriceps,Strength,Body Only
Good,FYR2 Squat Hold,None,Intermediate,Quadriceps,Strength,Body Only
Best,FYR2 Squat Jump,None,Intermediate,Quadriceps,Strength,Body Only
Good,FYR2 Squat Pulse,None,Intermediate,Quadriceps,Strength,Body Only
Best,Sprinter burpee,The sprinter burpee is an explosive version of the burpee exercise that adds a sprinter jump to the top of each rep. It can be performed for time or reps in any fat-loss or athleticism-focused circuit or workout.,Intermediate,Quadriceps,Strength,Body Only
Good,Shuttle run training,"Shuttle run training is an athletic conditioning drill that’s great for developing speed and power, as well as changing direction. It’s a favorite of football and basketball players, but it can also be great conditioning work for lifters and athletes of all ability levels.",Intermediate,Quadriceps,Strength,Body Only
Bad,Medicine ball ninja,"The medicine ball ninja is a dynamic medicine ball movement that challenges both the upper and lower body, while also elevating the heart rate. It's a great movement to include in medicine ball or bodyweight circuit training to increase fatigue and burn serious calories while hammering the muscles of the legs.",Intermediate,Quadriceps,Plyometrics,Medicine Ball
Bad,FYR Air Ball Plus Medicine Ball Jumping Sprawl,"The medicine ball air ball to jumping sprawl is a series of bodyweight and medicine ball movement strung together into a single sequence. They collectively target virtually every muscle in the body, as well as seriously challenging the cardiovascular system. It can be a single-movement workout if done for high reps, or part of a larger circuit workout.",Intermediate,Quadriceps,Strength,Medicine Ball
Bad,Medicine ball cowboy squat,"The medicine ball cowboy squat is an explosive exercise targeting the lower body, although several upper-body muscles play important supporting roles. The move involves performing jumping squats while holding a medicine ball overhead. It's commonly performed as part of a bodyweight and medicine ball circuit focused on fat loss or athleticism.",Intermediate,Quadriceps,Strength,Medicine Ball
Good,Medicine ball jumping jill,"The medicine ball jumping jill is an explosive medicine ball exercise that is similar to a jumping jack but performed holding a medicine ball between the hands. It can be performed for time or reps in a dynamic warm-up or fat-loss or conditioning circuit, usually paired with other bodyweight or medicine ball movements.",Intermediate,Quadriceps,Strength,Medicine Ball
Good,Alternate Leg Diagonal Bound,None,Beginner,Quadriceps,Plyometrics,None
Good,Sit Squats,None,Beginner,Quadriceps,Stretching,None
Bad,Frog Hops,None,Beginner,Quadriceps,Stretching,None
Bad,Dumbbell lateral hop to sprint,"The dumbbell lateral hop to sprint is a multi-part explosive exercise combining weighted hops with weighted sprinting. Adding dumbbells adds a challenge to the core and shoulders. Because balance can be a challenge, it is usually performed with relatively light weights, often as a component of fat-loss or athletic training.",Intermediate,Quadriceps,Plyometrics,None
Bad,Smith machine lunge sprint,"The Smith machine lunge sprint is a lower-body power exercise performed with the bar of a Smith machine on the back. It is similar to an alternating jump lunge or ""scissor lunge,"" but with added weight. The contained bar of the Smith machine makes it safer and less of a balance challenge than using a free weight.",Intermediate,Quadriceps,Strength,None
Bad,Sissy squat,"The sissy squat is a bodyweight squat variation that involves letting the knees travel far over the toes, placing an extreme stretch on the quads. This movement targets the quad muscles directly and can be performed in partial or full ranges of motion based on knee health and pain.",Intermediate,Quadriceps,Strength,None
Good,Wall ball toss,"The wall ball toss is an explosive full-body exercise utilizing a medicine ball. It involves squatting down, then explosively pressing a weighted ball into the air and catching it on a bounce off of a vertical surface. It is common in CrossFit workouts and can be performed for time or reps.",Intermediate,Quadriceps,Plyometrics,Exercise Ball
Bad,Bosu Ball Squat,None,Beginner,Quadriceps,Strength,Exercise Ball
Best,Exercise ball Bulgarian split squat,"The exercise ball Bulgarian split squat is an exercise that builds the quads, hamstrings, and glutes one leg at a time. The exercise ball is used to support the trailing shin and foot. Due to the balance challenge, this version of the split squat is usually performed for moderate to high reps with body weight only or light weights in the hands. If balance is a problem, you can stick the ball in the corner of a room while performing the exercise.",Intermediate,Quadriceps,Strength,Exercise Ball
Good,Internal Rotation with Band,None,Beginner,Shoulders,Strength,Bands
Good,Band Pull Apart,"The band pull-apart is an exercise targeting the upper back muscles, including the trapezius, rear delts, and rhomboids. The band creates dynamic tension, allowing you to really focus on contracting these muscles, making it a great activation drill prior to upper-body lifting.",Intermediate,Shoulders,Strength,Bands
Good,Back Flyes - With Bands,None,Beginner,Shoulders,Strength,Bands
Good,Lateral Raise - With Bands,None,Beginner,Shoulders,Strength,Bands
Good,Shoulder Press - With Bands,None,Beginner,Shoulders,Strength,Bands
Bad,External Rotation with Band,None,Beginner,Shoulders,Strength,Bands
Bad,FYR Band Pull-Apart,None,Intermediate,Shoulders,Strength,Bands
Bad,HM Lateral Raise,None,Intermediate,Shoulders,Strength,Bands
Bad,Rusin Banded Over-And-Back,None,Intermediate,Shoulders,Strength,Bands
Bad,Rusin Banded Face Pull,None,Intermediate,Shoulders,Strength,Bands
Bad,UP Band Pull-Apart,None,Intermediate,Shoulders,Strength,Bands
Best,Jordan Shallow Band-Resisted Thread the Needle,None,Intermediate,Shoulders,Strength,Bands
Good,30 Shoulders Seated Banded Barbell Shoulder Press,None,Intermediate,Shoulders,Strength,Bands
Bad,Band shoulder press,"The band shoulder press is a deltoid exercise and an alternative to the classic dumbbell shoulder press. The dynamic tension of the band forces the core to stabilize the body and more closely matches the strength curve of the shoulder press. It can be performed in low reps, such as 5-8 reps per set, to build shoulder strength, or for higher reps to build muscle and for conditioning. It can work as the main focus of a shoulder day but is also popular as an accessory movement to the bench press or barbell military press.",Intermediate,Shoulders,Strength,Bands
Best,Band lateral raise,"The band lateral raise is a shoulder exercise that targets the medial or middle head of the deltoid muscle. It's a variation of the dumbbell lateral raise, a staple strength-training move. The band lateral raise is a great option for warm-up or accessory work on upper-body training days. The dynamic tension of the band provides constant tension and matches the strength curve of the movement. It is usually performed for moderate to high reps, at least 8-12 reps, as part of the upper-body or shoulder-focused portion of a workout.",Intermediate,Shoulders,Strength,Bands
Good,Band upright row,"The band upright row is a popular movement for building stronger and bigger traps and shoulders and similar to the dumbbell upright row. Many lifters combine this move with either their back or shoulder workout, since it involves both body parts. Using the band provides dynamic resistance and is easier on the shoulder than using a barbell. It is generally performed for moderate to high reps, such as 8-12 reps per set or more.",Intermediate,Shoulders,Strength,Bands
Best,Staggered-stance band shoulder press,"The staggered-stance band shoulder press is a deltoid exercise and a variation of the band shoulder press. The dynamic tension of the band forces the core to stabilize the body, and the staggered-stance provides more stability and relieves tension on the back. It can be performed in low reps, such as 5-8 reps per set, to build shoulder strength, or for higher reps to build muscle and for conditioning. It can work as the main focus of a shoulder day but is also popular as an accessory movement to the bench press or barbell military press.",Intermediate,Shoulders,Strength,Bands
Bad,Single-arm banded landmine press,"The single-arm banded landmine press is an upper-body exercise that uses an angled barbell anchored at floor level in a landmine device. It can also be performed by sticking a barbell in the corner of a room, preferably in a towel to protect the walls. The band adds constant tension and dynamic resistance to the exercise. The movement focuses primarily on the muscles of the shoulders or deltoids and can be trained in traditional muscle and strength-focused rep ranges or for higher reps.",Intermediate,Shoulders,Strength,Bands
Bad,Band front raise rear fly row combo,"The band front raise rear fly row combo is a combination of three different shoulder exercises to build and strengthen the anterior, middle deltoids, and posterior portions of the shoulders. It requires a continuous loop band to provide constant, dynamic tension throughout the movement. In addition to the front and rear delts, this exercise works the arms, chest, back, and core, making it a great time-efficient shoulder burnout or accessory movement on an upper-body day.",Intermediate,Shoulders,Strength,Bands
Best,Jordan Shallow Foam Roller Thoracic Extension,None,Intermediate,Shoulders,Strength,Foam Roll
Bad,Jordan Shallow Thread the Needle (with Foam Roller),None,Intermediate,Shoulders,Strength,Foam Roll
Best,Clean and press,"The clean and press is a full-body lift comprised of two movements: the clean, where the bar is pulled from the floor and caught in the front rack position in three pulls or phases, followed by the overhead press. Decades ago, it was contested in the Olympics. Today, it remains a worthy centerpiece of a power and strength training program, and has full-body benefits when done for low reps as well as moderate to high reps.",Intermediate,Shoulders,Strength,Barbell
Best,Clean and jerk,"The clean and jerk is a full-body lift that is one of two contested lifts in Olympic weightlifting competitions. It is comprised of two movements: the clean, where the bar is pulled from the floor and caught in the front rack position in three pulls or phases, followed by the jerk overhead. The clean and jerk hits every muscle from head to toe and can be the centerpiece of a lifting program. It is also popular in CrossFit and athletic training programs. It is usually performed in low rep ranges, focusing on power and movement quality.",Intermediate,Shoulders,Olympic Weightlifting,Barbell
Best,Military press,"The military press is a compound movement used to build size and strength in the shoulders. It was once contested as a fourth powerlift, but is rarely competed anymore. However, being able to press a significant weight overhead remains a popular marker of upper-body strength. The military press can be trained as a strength lift or in traditional muscle-building rep ranges as part of full-body, shoulder-focused, or upper-body training.",Intermediate,Shoulders,Strength,Barbell
Best,Seated barbell shoulder press,"The seated barbell shoulder press is a classic exercise for building muscle and strength in the shoulders. The triceps also play a significant role in pressing the barbell overhead. Performing the movement seated reduces help from the lower body and decreases the risk of overextending the lumbar spine during the movement. This press variation can be the primary pressing movement on an upper-body or shoulder day, or an effective accessory movement later in a workout.",Intermediate,Shoulders,Strength,Barbell
Best,Snatch-Grip Behind-The-Neck Overhead Press,None,Beginner,Shoulders,Strength,Barbell
Best,Standing Bradford press,"The standing Bradford press is an obscure yet effective shoulder exercise that alternates front presses with behind-the-neck presses. It can be used as a warm-up for other press variations on a shoulder day, or as a muscle-building movement on its own in a shoulder or upper-body focused workout. It is usually performed for relatively high reps, such as 8-15 reps per set or higher, or just to the point of fatigue.",Intermediate,Shoulders,Strength,Barbell
Best,Barbell Shoulder Press,"The seated barbell shoulder pressis a classic exercise for building muscle and strengthening the shoulders, particularly but not exclusively the front heads. The triceps also play a significant roles in pressing the barbell overhead.",Intermediate,Shoulders,Strength,Barbell
Best,Barbell rear delt bent-over row,"The barbell rear delt bent-over row is a movement used to target the shoulders as well as the upper-back muscles. It is performed with lighter weights than a traditional barbell bent-over row, and is usually performed for higher reps, such as 8-15 reps per set, as part of a back or upper-body workout.",Intermediate,Shoulders,Strength,Barbell
Good,Barbell upright row,The barbell upright row is a barbell exercise that builds stronger and bigger traps. Many lifters combine this move with either their back or shoulder workout since it involves both body parts.,Intermediate,Shoulders,Strength,Barbell
Good,Bradford/Rocky Presses,None,Beginner,Shoulders,Strength,Barbell
Good,Lying rear delt fly,"The lying rear delt fly is an upper-body exercise that targets the rear deltoid of the shoulder. By performing the movement lying face down on a bench, it eliminates momentum from the rest of the body. This movement is usually performed for moderate to high reps, such as 8-12 reps per set or more, as part of the upper-body or shoulder-focused portion of a workout.",Intermediate,Shoulders,Strength,Barbell
Good,Machine Shoulder (Military) Press,The machine shoulder press is an upper body exercise targeting the deltoids.,Intermediate,Shoulders,Strength,Barbell
Good,Standing Barbell Press Behind Neck,"The standing behind-the-head press is a classic shoulder exercise that was used widely during bodybuilding's professed Golden Era. In addition to the deltoids, it also works the trapezius and triceps muscles. It may not be a good choice for some people's shoulders, depending on their injury history. It can be trained in strength-focused rep ranges, but is more commonly trained in moderate to high reps, such as 8-15 reps per set.",Intermediate,Shoulders,Strength,Barbell
Good,Barbell front raise,"The barbell front raise is an upper-body isolation exercise that targets the shoulders. It is usually performed for moderate to high reps, such as 8-12 reps or higher, as part of the shoulder-focused part of any workout.",Intermediate,Shoulders,Strength,Barbell
Good,Overhead bar front raise,"The overhead bar front raise is an exercise targeting the muscles of the traps (trapezius), especially the upper traps, as well as the front or anterior shoulders. It can also be performed with a weight plate or dumbbell, providing a neutral grip that may be more shoulder-friendly for some lifters. Overhead raises are most common for high reps (at least 8-12 reps per set or higher) on a shoulder, trap, or other upper-body-focused muscle-building day.",Intermediate,Shoulders,Strength,Barbell
Good,Incline barbell shoulder protraction,"The incline barbell shoulder protraction is an upper-body movement that targets strength and mobility in the scapula or shoulder blades. This can help increase pressing strength and prevent injury. It also helps develop the serratus anterior, an often-neglected muscle around the ribcage that can aid in shoulder health and upper-body muscle definition. Because it targets such small muscles, this exercise is usually performed with light weight for high reps, such as 8-12 reps per set or more.",Intermediate,Shoulders,Strength,Barbell
Good,Behind-the-head push-press,The behind-the-head push-press is an overhead press variation in which the barbell starts in the back rack position and is pushed overhead with assistance from the lower body. It is most often seen in training for Olympic weightlifting. It can be part of a barbell complex or performed for low reps focusing on power and movement quality.,Intermediate,Shoulders,Olympic Weightlifting,Barbell
Bad,Rack Delivery,None,Beginner,Shoulders,Olympic Weightlifting,Barbell
Bad,Smith Incline Shoulder Raise,None,Beginner,Shoulders,Strength,Barbell
Bad,Tall Muscle Snatch,None,Beginner,Shoulders,Olympic Weightlifting,Barbell
Bad,Axle Clean And Press,None,Beginner,Shoulders,Strongman,Barbell
Bad,Jerk Balance,None,Beginner,Shoulders,Olympic Weightlifting,Barbell
Bad,Seated EZ-bar shrug,"The seated EZ-bar shrug is an exercise targeting the trapezius muscle, that V-shaped muscle that forms a triangle where the shoulders meet the neck. It is usually performed for moderate to high reps during an upper-body or shoulders and traps-focused workout.",Intermediate,Shoulders,Strength,Barbell
Bad,Paul Carter Barbell Seated Military Press,"The seated barbell shoulder pressis a classic exercise for building muscle and strengthening the shoulders, particularly but not exclusively the front heads. The triceps also play a significant roles in pressing the barbell overhead.",Intermediate,Shoulders,Strength,Barbell
Bad,TBS Barbell Military Press,"The military press is a compound movement used to build size and strength in the shoulders. It was once contested as a fourth powerlift, but is rarely competed anymore. However, being able to press a significant weight overhead remains a popular marker of upper-body strength. The military press can be trained as a strength lift or in traditional muscle-building rep ranges as part of full-body, shoulder-focused, or upper-body training.",Intermediate,Shoulders,Strength,Barbell
Good,Incline Front Barbell Raise - Gethin Variation,"The incline face-down bar front raise is an upper-body exercise targeting the shoulders. Because it is performed face down on an angled bench, it has a greater range of motion than standing or upright-seated raises and hits the shoulders from a different angle. Raise variations are usually performed for moderate to high reps, such as 8-12 reps per set or more, as part of upper-body or shoulder-focused training.",Intermediate,Shoulders,Strength,Barbell
Best,Barbell Front Raise - Gethin Variation,"The barbell front raise is an upper-body isolation exercise that targets the shoulders. It is usually performed for moderate to high reps, such as 8-12 reps or higher, as part of the shoulder-focused part of any workout.",Intermediate,Shoulders,Strength,Barbell
Best,Single-arm barbell lateral raise,"The single-arm barbell lateral raise is an isolation exercise targeting the shoulders. It is more challenging than using a dumbbell and has an instability component that may make the deltoid muscles work harder. It is generally performed one side at a time for moderate to high reps, such as 8-15 reps per set, as part of a shoulder-focused workout.",Intermediate,Shoulders,Strength,Barbell
Bad,AM Upright Row,The barbell upright row is a barbell exercise that builds stronger and bigger traps. Many lifters combine this move with either their back or shoulder workout since it involves both body parts.,Intermediate,Shoulders,Strength,Barbell
Best,AM Barbell Shoulder Press,"The standing barbell shoulder press is a compound movement used to build size and strength in the shoulders. The shoulder press can be trained as a strength lift or in traditional muscle-building rep ranges as part of full-body, shoulder-focused, or upper-body training.",Intermediate,Shoulders,Strength,Barbell
Best,Standing barbell shoulder press,"The standing barbell shoulder press is a compound movement used to build size and strength in the shoulders. The shoulder press can be trained as a strength lift or in traditional muscle-building rep ranges as part of full-body, shoulder-focused, or upper-body training.",Intermediate,Shoulders,Strength,Barbell
Best,King Maker Barbell Thruster,"The barbell thruster is a full-body exercise that incorporates both squatting and pressing in one functional movement. It's especially common in contemporary CrossFit workouts, but also in general strength training. The barbell is usually cleaned into place first, but it could be performed taken from a squat rack in a front-rack position. The thruster can be performed in traditional strength-focused rep ranges to build strength in the press, or in higher reps for full-body conditioning.",Intermediate,Shoulders,Strength,Barbell
Bad,Single-arm incline cable cross-over,"The single-arm incline cable cross-over is an isolation movement that uses a cable stack and a bench to target the upper part of the pectoral muscles. Working the chest one side at a time allows you to focus on balance between the sides of your chest and really feel the chest muscles contracting. It is common in upper-body and chest-focused muscle-building workouts, often in combination with other presses or flyes to target the chest from different angles.",Intermediate,Shoulders,Strength,Barbell
Good,Barbell bear complex,"The barbell bear complex is a series of barbell lifts that run together in a single sequence: a barbell power clean, front squat, push-press, back squat, and another push-press from behind the neck. It trains the entire body for both building strength and improving conditioning. It is often performed for rounds, either with or without rest between rounds.",Intermediate,Shoulders,Strength,Barbell
Good,30 Shoulders Barbell Shrug,None,Intermediate,Shoulders,Strength,Barbell
Best,30 Shoulders Incline Face-Up Straight-Bar Front Raise,None,Intermediate,Shoulders,Strength,Barbell
Bad,30 Shoulders Seated Dumbbell Shoulder Press,None,Intermediate,Shoulders,Strength,Barbell
Bad,30 Shoulders Standing Behind-The-Head Shoulder Press,None,Intermediate,Shoulders,Strength,Barbell
Bad,30 Shoulders Standing Barbell Press,None,Intermediate,Shoulders,Strength,Barbell
Good,FYR2 Wide Overhead Press,None,Intermediate,Shoulders,Strength,Barbell
Best,Single-arm kettlebell push-press,"The single-arm kettlebell push-press is a popular kettlebell movement that involves performing a press with help from the muscles of the lower body. It is preceded by a clean at the start of each set, and optionally you can perform a clean between each rep. It can be trained in traditional strength or muscle-building rep ranges, in circuit or fat-loss training, or as part of a larger kettlebell combination or complex.",Intermediate,Shoulders,Strength,Kettlebells
Best,Two-Arm Kettlebell Military Press,None,Beginner,Shoulders,Strength,Kettlebells
Best,Alternating Kettlebell Press,None,Beginner,Shoulders,Strength,Kettlebells
Best,Single-arm kettlebell snatch,"The single-arm kettlebell snatch is a kettlebell exercise that involves lifting a kettlebell overhead in a single motion. It is popular as a full-body strength and conditioning movement, but it's also competed for reps in Russian-style girevoy sport. A ""snatch test"" of max reps in 5 or 10 minutes is also a common measurement of conditioning in kettlebell training. It can be performed from the ground or with a swing",Intermediate,Shoulders,Strength,Kettlebells
Good,Single-arm kettlebell clean and jerk,"The single-arm kettlebell clean and jerk is a popular kettlebell movement that is performed both in an exercise setting and competitively as a part of Russian-style girevoy sport. It differs from a clean and push-press in that the lifter ""dips"" under the weight rather than simply using the legs to help push the weight up. Each rep of a clean and jerk is preceded by a clean at the start of each set. It can be trained in traditional strength or muscle-building rep ranges, in circuit or fat-loss training, or as part of a larger kettlebell combination or complex.",Intermediate,Shoulders,Strength,Kettlebells
Good,Kettlebell pirate ship,"The kettlebell pirate ship is a rotational shoulder and core-focused kettlebell movement. It demands the lifter raise the kettlebell to the side in both directions, emphasizing core strength in the transverse abdominis and obliques in particular. It is best learned with a light weight, using controlled movements in both directions.",Intermediate,Shoulders,Strength,Kettlebells
Good,Two-Arm Kettlebell Clean,None,Beginner,Shoulders,Strength,Kettlebells
Good,Double Kettlebell Push Press,"The double-kettlebell push-press is a popular kettlebell movement that involves performing a press with help from the muscles of the lower body. It is preceded by a double clean at the start of each set, and optionally you can perform a clean between each rep. It can be trained in traditional strength or muscle-building rep ranges, in circuit or fat-loss training, or as part of a larger kettlebell combination or complex.",Intermediate,Shoulders,Strength,Kettlebells
Good,Kettlebell Seated Press,None,Beginner,Shoulders,Strength,Kettlebells
Good,Double Kettlebell Jerk,None,Beginner,Shoulders,Strength,Kettlebells
Good,Kettlebell Arnold Press,None,Beginner,Shoulders,Strength,Kettlebells
Bad,Double-kettlebell windmill,"The double-kettlebell windmill is an advanced kettlebell exercise emphasizing core strength and shoulder and hip mobility and stability. Because it involves holding one weight overhead while holding another under the torso, it builds strength across the core and stability in the shoulders. It doesn't work well in a metcon or conditioning setting, and shouldn't be performed under intense fatigue.",Intermediate,Shoulders,Strength,Kettlebells
Bad,One-Arm Kettlebell Split Snatch,None,Beginner,Shoulders,Strength,Kettlebells
Bad,One-Arm Kettlebell Para Press,None,Beginner,Shoulders,Strength,Kettlebells
Bad,One-Arm Kettlebell Split Jerk,None,Beginner,Shoulders,Strength,Kettlebells
Bad,One-Arm Kettlebell Military Press To The Side,None,Beginner,Shoulders,Strength,Kettlebells
Bad,One-Arm Kettlebell Jerk,None,Beginner,Shoulders,Strength,Kettlebells
Bad,Double Kettlebell Snatch,None,Beginner,Shoulders,Strength,Kettlebells
Bad,Two-Arm Kettlebell Jerk,None,Beginner,Shoulders,Strength,Kettlebells
Good,FYR Kettlebell Power Clean,"The kettlebell power clean is an explosive kettlebell exercise where the lifter pulls the weight to shoulder level with a slight swing between the legs. It is often used as a drill to teach kettlebell clean technique, but is also a valuable power exercise in its own right. It can be performed in low rep ranges for strength or higher rep ranges for technique practice or muscle growth.",Intermediate,Shoulders,Strength,Kettlebells
Best,Kettlebell upright row,"The kettlebell upright row is an exercise targeting the muscles of the traps (trapezius), as well as the posterior muscles of the shoulders or deltoid muscles. It is common as a light- or moderate-weight accessory movement in upper-body or shoulder training, usually in rep ranges of 8-12 or more. It may not be appropriate for some people, depending on their shoulder health.",Intermediate,Shoulders,Strength,Kettlebells
Bad,Kettlebell upright row and press,"The kettlebell upright row and press is a combination of two popular kettlebell movements in a single sequence. This combination can be performed for time or for reps, often as circuit-style training for conditioning or fat loss, or in a kettlebell complex or flow.",Intermediate,Shoulders,Strength,Kettlebells
Best,Single-arm kettlebell thruster,"The single-arm kettlebell thruster is a popular kettlebell movement that combines a kettlebell front squat with a kettlebell press. It is preceded by a clean at the start of each set, and you can perform a clean between each rep if you choose. It can be trained in traditional strength or muscle-building rep ranges, in circuit or fat-loss training, or as part of a kettlebell combination or complex.",Intermediate,Shoulders,Strength,Kettlebells
Good,Double-kettlebell shoulder press,"The double-kettlebell shoulder press is a popular movement in strength and muscle-focused kettlebell workouts. Each set is started by cleaning the weights up to the rack position. The weights can optionally be re-cleaned between each rep, which is known as a clean and press. The double press can be trained in traditional strength or muscle-growth rep ranges (e.g., 5x5 or 8-12 reps per set), or in circuit-style fat-loss training or kettlebell complexes.",Intermediate,Shoulders,Strength,Kettlebells
Good,Double-kettlebell push-press,"The double-kettlebell push-press is a popular kettlebell movement that involves performing a press with help from the muscles of the lower body. It is preceded by a double clean at the start of each set, and optionally you can perform a clean between each rep. It can be trained in traditional strength or muscle-building rep ranges, in circuit or fat-loss training, or as part of a larger kettlebell combination or complex.",Intermediate,Shoulders,Strength,Kettlebells
Good,HM Kettlebell Windmill,None,Intermediate,Shoulders,Strength,Kettlebells
Good,HM Kettlebell Z-Press,None,Intermediate,Shoulders,Strength,Kettlebells
Bad,Taylor Half-Kneeling Kettlebell Halo,None,Intermediate,Shoulders,Strength,Kettlebells
Good,Taylor Towel Kettlebell Farmer's Walk,None,Intermediate,Shoulders,Strength,Kettlebells
Good,FYR2 Double-Kettlebell Alternating Press,None,Intermediate,Shoulders,Strength,Kettlebells
Bad,FYR2 Double-Kettlebell Thruster,None,Intermediate,Shoulders,Strength,Kettlebells
Best,FYR2 Half-Kneeling Kettlebell Clean,None,Intermediate,Shoulders,Strength,Kettlebells
Bad,FYR2 Kettlebell Clean and Press,None,Intermediate,Shoulders,Strength,Kettlebells
Bad,FYR2 Kettlebell High Pull to Overhead Press,None,Intermediate,Shoulders,Strength,Kettlebells
Best,FYR2 Kettlebell Swing Clean and Press,None,Intermediate,Shoulders,Strength,Kettlebells
Good,FYR2 Single-Arm Kettlebell Press,None,Intermediate,Shoulders,Strength,Kettlebells
Best,FYR2 Ascending-Rep High-Pull-Press Complex,None,Intermediate,Shoulders,Strength,Kettlebells
Best,Dumbbell front raise to lateral raise,"The dumbbell front raise to lateral raise is a dumbbell complex that combines two exercises that build and strengthen the middle deltoids and the anterior deltoids of the shoulders. It is usually performed one rep of each movement at a time, although you could perform more reps of each, or increase the reps in successive rounds (e.g., 1 rep in round 1, 2 reps in round 2, etc.). No matter how you perform it, it targets both the anterior and medial deltoids, making it a great time-efficient shoulder burnout or accessory movement on an upper-body day.",Intermediate,Shoulders,Strength,Dumbbell
Best,Single-arm palm-in dumbbell shoulder press,"The single-arm palm-in dumbbell shoulder press builds the shoulder muscles but with two major differences from the standard dumbbell shoulder press. It's done one arm at a time and the wrist stays neutral throughout the movement. It can be performed standing or seated. A single dumbbell press can be pursued as a strength goal, or trained in traditional muscle-building rep ranges such as 8-15 reps per set or more.",Intermediate,Shoulders,Strength,Dumbbell
Best,Standing palms-in shoulder press,"The standing palms-in shoulder press is a dumbbell exercise targeting the shoulders. It can be performed in strength-focused rep ranges, such as 5-8 reps per set, or for higher reps to build muscle or for conditioning.",Intermediate,Shoulders,Strength,Dumbbell
Best,Seated Dumbbell Press,"The seated dumbbell shoulder pressis an exercise for building muscle and strengthening the shoulders, particularly but not exclusively the front heads. The triceps also assist. Some lifters feel that using dumbbells versus a barbell reduced injury risk.",Intermediate,Shoulders,Strength,Dumbbell
Best,Standing dumbbell shoulder press,"The standing dumbbell shoulder press is a classic deltoid-building exercise that is common in gyms around the world. Performing the move standing up as opposed to seated allows more weight to be used and taxes the core more than seated presses. The standing press is worthy of being the main movement in a muscle-building shoulder workout, but is also a great strength movement and accessory for the bench press.",Intermediate,Shoulders,Strength,Dumbbell
Best,Single-arm lateral raise,"The single-arm lateral raise is a shoulder exercise that targets the medial or middle head of the deltoid muscle. It's a staple strength-training move and is a great option for accessory work on upper-body training days. Hold on to a post for balance, or do it free-standing to challenge core strength and stability. It is usually performed for moderate to high reps, at least 8-12 reps per side, as part of the upper-body or shoulder-focused portion of a workout.",Intermediate,Shoulders,Strength,Dumbbell
Best,Power Partials,None,Beginner,Shoulders,Strength,Dumbbell
Best,Incline dumbbell reverse fly,"The incline dumbbell reverse fly is an upper-body exercise targeting the posterior or rear deltoids, as well as the postural muscles of the upper back. Because it targets such small muscles, this exercise is usually performed with light weight for high reps, such as 10-15 reps per set or more.",Intermediate,Shoulders,Strength,Dumbbell
Best,Overhead dumbbell front raise,"The overhead dumbbell front raise takes the dumbbell front raise one step further, extending the motion all the way above the head. In addition to the shoulders, it activates and strengthens the muscles of the traps and upper back. It is usually performed for moderate to high reps, such as 8-15 reps or more. It can be part of a dynamic upper-body warm-up, performed as a muscle-building upper-body movement, or as a burnout movement on shoulder day.",Intermediate,Shoulders,Strength,Dumbbell
Best,Seated dumbbell shoulder press,"The seated dumbbell shoulder press is a popular exercise for building muscle and strength in the shoulders. The triceps also work hard in this lift. Many lifters find using dumbbells to be more comfortable and shoulder-friendly for this press variation than a barbell. This can be the primary pressing movement on an upper-body or shoulder day, or an effective accessory movement later in a workout.",Intermediate,Shoulders,Strength,Dumbbell
Best,Alternating standing shoulder press,"The alternating standing shoulder press is a popular dumbbell exercise targeting the shoulders. It can be performed in strength-focused rep ranges, such as 5-8 reps per set, or for higher reps to build muscle or for conditioning.",Intermediate,Shoulders,Strength,Dumbbell
Best,Single-arm incline rear delt raise,"The single-arm incline rear delt raise is an upper-body exercise targeting the posterior deltoids or shoulder muscles, as well as the postural muscles of the upper back. Training each side independently can help correct imbalances in size, strength, and shoulder stability. Because it targets such small muscles, this exercise is usually performed with light weight for high reps, such as 10-15 reps per set or more.",Intermediate,Shoulders,Strength,Dumbbell
Best,Alternating dumbbell front raise,"The alternating dumbbell front raise is a single-joint exercise targeting the shoulder muscles, particularly the front or anterior deltoids. Performing the movement one shoulder at a time gives a momentary rest to each side while the other is working, potentially allowing you to do more reps during each set. It is usually performed for moderate to high reps, at least 8-12 reps per set, as part of an upper-body or shoulder-focused workout.",Intermediate,Shoulders,Strength,Dumbbell
Best,Alternating Deltoid Raise,The dumbbell front raise to lateral raise combines two exercises that build and strengthen the middle deltoids and the anterior deltoids of the shoulders.,Intermediate,Shoulders,Strength,Dumbbell
Best,Single-dumbbell front raise,"The single-dumbbell front raise is an isolation movement that targets the shoulders. In particular, it focuses on the anterior or front head of the deltoid muscles. By performing it with one dumbbell at a time, you can focus on each shoulder muscle independently and try to address muscular imbalances between shoulders. This movement is usually performed for moderate to high reps, at least 8-12 reps per set, as part of an upper-body or shoulder-focused workout.",Intermediate,Shoulders,Strength,Dumbbell
Best,Arnold press,"Named after the iconic bodybuilder and movie star, the Arnold press adds rotation to a classic shoulder press. It allows the hands to rotate naturally, while also hitting all three heads of the deltoids in one motion. It is usually performed for moderate to high reps, such as 8-12 reps or more, as part of the upper-body or shoulder-focused portion of a workout.",Intermediate,Shoulders,Strength,Dumbbell
Best,Single-arm standing shoulder press,"The single-arm standing shoulder press is a popular exercise to build size and strength the shoulders and triceps. Most lifters find they can go heavier (per arm) on this movement than if they are pressing two dumbbells simultaneously, making it an effective strength movement as well as a muscle-building movement in higher reps.",Intermediate,Shoulders,Strength,Dumbbell
Best,Dumbbell front raise,"The dumbbell front raise is a single-joint exercise targeting the shoulder muscles, particularly the front or anterior deltoids. It is usually performed for moderate to high reps, at least 8-12 reps per set, as part of an upper-body or shoulder-focused workout.",Intermediate,Shoulders,Strength,Dumbbell
Best,Bent-over dumbbell rear delt row,"The bent-over dumbbell rear delt row is a popular upper-body exercise that targets the muscles on the backside of the shoulder joint, specifically the medial and rear heads of the deltoid. Since pressing movements build the front and (to a lesser degree) side deltoid heads, this move is often done to promote balanced shoulder development. It is usually performed for high reps, such as 10-15 reps per set or more, as part of a shoulder or upper-body workout.",Intermediate,Shoulders,Strength,Dumbbell
Best,Incline dumbbell front raise,"The incline dumbbell front raise is an upper-body exercise targeting the shoulders. Because it is performed face down on an angled bench, it has a greater range of motion than standing or upright-seated raises and hits the shoulders from a different angle. Raise variations are usually performed for moderate to high reps, such as 8-12 reps per set or more, as part of upper-body or shoulder-focused training.",Intermediate,Shoulders,Strength,Dumbbell
Best,Side Lateral Raise,"The dumbbell lateral raise is an upper body isolation exercise for building shoulder strength and muscle. It's a staple strength training move and is a great option for accessory work on upper body training days. This exercise particularly focuses on the lateral or medial head of the deltoid, making them appear wider and more developed.",Intermediate,Shoulders,Strength,Dumbbell
Best,Dumbbell external shoulder rotation,"The dumbbell external shoulder rotation is a lightweight dumbbell exercise intended to maintain the health of the shoulder joints, including the rotator cuffs. It is often used as a warm-up or prehab for a shoulder or chest-focused workout with lots of pressing.",Intermediate,Shoulders,Strength,Dumbbell
Best,Single-arm incline lateral raise,"The single-arm incline lateral raise is an exercise targeting the lateral or medial head of the shoulder muscles. It is performed lying sideways on an incline bench set to around 45 degrees, which helps to increase the range of motion in the lift and enforce strict form. Because it targets such small muscles, this exercise is usually performed with light weight for high reps, such as 8-12 reps per set or more.",Intermediate,Shoulders,Strength,Dumbbell
Good,Seated rear delt fly,"The seated rear delt fly is an upper-body exercise that targets the real deltoid of the shoulder. By performing the movement seated, it eliminates momentum from the rest of the body. This movement is usually performed for moderate to high reps, such as 8-12 reps per set or more, as part of the upper-body or shoulder-focused portion of a workout.",Intermediate,Shoulders,Strength,Dumbbell
Good,Dumbbell Raise,None,Beginner,Shoulders,Strength,Dumbbell
Good,Seated Side Lateral Raise,"The seated dumbbell lateral raiseis an iconic exercise for developing the shoulders. If you’ve ever worked out with weights, chances are you’ve done this move at some point. Proper execution is paramount to avoid injury.",Intermediate,Shoulders,Strength,Dumbbell
Good,Dumbbell Lying Rear Lateral Raise,"The incline dumbbell reverse fly is an upper-body exercise targeting the posterior or rear deltoids, as well as the postural muscles of the upper back. Because it targets such small muscles, this exercise is usually performed with light weight for high reps, such as 10-15 reps per set or more.",Intermediate,Shoulders,Strength,Dumbbell
Good,Head-on-bench dumbbell rear delt raise,"The head-on-bench dumbbell rear delt raise is an exercise targeting the posterior shoulder muscles, or rear deltoids. This variation of the bent-over rear delt raise often helps to better isolate this area of the shoulder. Because it targets such small muscles, this exercise is usually performed with light weight for high reps, such as 10-15 reps per set or more.",Intermediate,Shoulders,Strength,Dumbbell
Good,Cuban press,"The Cuban press is an exercise that targets the muscles of the shoulders, rotator cuff, and upper back. It combines a shoulder external rotation with a dumbbell press, training multiple muscles and motions in a single sequence. It can be performed standing, or as a more difficult variation face-down on an incline bench. It is usually performed with relatively light weight as part of a dynamic warm-up for upper-body lifting.",Intermediate,Shoulders,Strength,Dumbbell
Good,Reverse Flyes With External Rotation,None,Beginner,Shoulders,Strength,Dumbbell
Good,Single-arm side lying rear fly,"The single-arm side lying rear fly is an upper-body exercise that targets the rear deltoid of the shoulder. By performing the movement lying on a bench, it eliminates momentum from the rest of the body. This movement is usually performed for moderate to high reps, such as 8-12 reps per set or more, as part of the upper-body or shoulder-focused portion of a workout.",Intermediate,Shoulders,Strength,Dumbbell
Good,Single-arm dumbbell upright row,"The single-arm dumbbell upright row is a popular movement for building stronger and bigger traps and shoulders. Many lifters combine this move with either their back or shoulder workout, since it involves both body parts. It is generally performed for moderate to high reps, such as 8-12 reps per set or more.",Intermediate,Shoulders,Strength,Dumbbell
Good,Dumbbell Scaption,None,Beginner,Shoulders,Strength,Dumbbell
Good,See-Saw Press (Alternating Side Press),None,Beginner,Shoulders,Strength,Dumbbell
Good,Dumbbell Incline Shoulder Raise,None,Beginner,Shoulders,Strength,Dumbbell
Bad,Single-arm half-kneeling shoulder press,"The single-arm half-kneeling shoulder press is a popular exercise to target the deltoid muscles while also developing strength and stability in the core and hips. Balance can be a challenge, which is one reason why this movement is generally trained lighter than standing single-arm shoulder presses. The half-kneeling press can be used as an accessory lift for the shoulder press or bench press, or simply as a technique to make shoulder presses stricter and more athletic.",Intermediate,Shoulders,Strength,Dumbbell
Bad,Dumbbell Clean And Jerk,None,Beginner,Shoulders,Strength,Dumbbell
Best,Dumbbell shoulder press with body rotation,"The dumbbell shoulder press with body rotation is a twist on the traditional dumbbell shoulder press. Rather than pressing straight overhead, you twist your torso and hips to the side during each rep. It hits the deltoid muscles just like a shoulder press, but adds a challenge to the core, hips, and back muscles. Due to the potential balance challenge of twisting and pressing at the same time, it is commonly performed with light to moderate weights.",Intermediate,Shoulders,Strength,Dumbbell
Best,Dumbbell Fix Dumbbell Military Press,None,Intermediate,Shoulders,Strength,Dumbbell
Good,Dumbbell Fix Standing Dumbbell Arnold Press,None,Intermediate,Shoulders,Strength,Dumbbell
Good,Dumbbell Fix Dumbbell Single-Arm Snatch,None,Intermediate,Shoulders,Strength,Dumbbell
Good,Paul Carter Rear-Delt Fly,"The seated rear delt fly is an upper-body exercise that targets the real deltoid of the shoulder. By performing the movement seated, it eliminates momentum from the rest of the body. This movement is usually performed for moderate to high reps, such as 8-12 reps per set or more, as part of the upper-body or shoulder-focused portion of a workout.",Intermediate,Shoulders,Strength,Dumbbell
Good,FYR Dumbbell Shoulder Press,The standing dumbbell shoulder press is a classic deltoid-builder (especially the front deltoids) that’s ubiquitous in gyms around the world. Performing the move standing up as opposed to seated allows for more weight to be used.,Intermediate,Shoulders,Strength,Dumbbell
Best,FYR Single-Arm Dumbbell Press,"The single-arm standing shoulder press builds shoulder muscle but with two major differences from the standard seated dumbbell shoulder press. It’s done one arm at a time, as well as standing, which may allow more weight to be used.",Intermediate,Shoulders,Strength,Dumbbell
Best,FYR Dumbbell Tempo L-Raise,"The dumbbell lateral raise is an upper body isolation exercise for building shoulder strength and muscle. It's a staple strength training move and is a great option for accessory work on upper body training days. This exercise particularly focuses on the lateral or medial head of the deltoid, making them appear wider and more developed.",Intermediate,Shoulders,Strength,Dumbbell
Good,Dumbbell seesaw shoulder press,"The dumbbell seesaw shoulder press is an exercise targeting the deltoids and triceps. The difference between this movement and the alternating shoulder press is that both dumbbells keep moving throughout each rep, rather than having one weight be stationary while the other moves. This piston-style pressing increases time under tension and may allow you to complete more total reps than with alternating reps.",Intermediate,Shoulders,Strength,Dumbbell
Best,FYR Dumbbell front raise to lateral raise,The dumbbell front raise to lateral raise combines two exercises that build and strengthen the middle deltoids and the anterior deltoids of the shoulders.,Intermediate,Shoulders,Strength,Dumbbell
Good,FYR Dumbbell Arnold Press,"Named after the iconic bodybuilder/movie star, the Arnold press adds rotation to a classic shoulder press, hitting all three heads of the deltoids in one motion.",Intermediate,Shoulders,Strength,Dumbbell
Good,FYR Dumbbell Military Press to Dumbbell High Pull to V-up,None,Intermediate,Shoulders,Strength,Dumbbell
Best,FYR Dumbbell Thruster,"The dumbbell thruster, which begins with a squat and ends with an overhead press, works the entire body at once in a single fluid motion. This exercise is often performed with kettlebells, but dumbbells work great, too.",Intermediate,Shoulders,Strength,Dumbbell
Bad,Dumbbell hang snatch,"The dumbbell hang snatch is an explosive exercise that builds full-body power and targets the muscles of the hips, back, and shoulders. Performing the movement from the hang position, rather than from the ground, emphasizes explosive hip and upper-body power. It can be performed for low reps with a focus on power and speed, or for higher reps to build muscle or as part of a metabolic conditioning circuit.",Intermediate,Shoulders,Strength,Dumbbell
Best,Surfer sprawl,"The surfer sprawl is an explosive bodyweight exercise that targets multiple muscle groups across the upper and lower body. It is similar to a burpee, but instead of jumping at the top, you end in a ""surfer position,"" alternating sides with each rep. It can be performed for time or reps in any fat-loss or athleticism-focused circuit or workout. The surfer position offers a unique way to challenge the body by staying in a low position rather than standing up after the plank.",Intermediate,Shoulders,Strength,Dumbbell
Good,Dumbbell clean and press,"The dumbbell clean and press is a full-body movement that targets both the lower and upper body. The clean utilizes the muscles of the hips, legs, glutes, back, and biceps, while the press utilizes the shoulders and triceps. It can be trained in low to moderate reps for strength, or for higher reps, such as 8-12 reps per set or more, for muscle building or metabolic conditioning.",Intermediate,Shoulders,Strength,Dumbbell
Best,Standing One-Arm Shoulder Press - Gethin Variation,"The single-arm standing shoulder press builds shoulder muscle but with two major differences from the standard seated dumbbell shoulder press. It’s done one arm at a time, as well as standing, which may allow more weight to be used.",Intermediate,Shoulders,Strength,Dumbbell
Bad,Incline Front Dumbbell Raise - Gethin Variation,The incline dumbbell front raise is an isolation exercise targeting the shoulders,Intermediate,Shoulders,Strength,Dumbbell
Bad,Dumbbell lateral raise,"The dumbbell lateral raise is a shoulder exercise that targets the medial or middle head of the deltoid muscle. It's a staple strength-training move and is a great option for accessory work on upper-body training days. It is usually performed for moderate to high reps, at least 8-12 reps, as part of the upper-body or shoulder-focused portion of a workout.",Intermediate,Shoulders,Strength,Dumbbell
Best,Incline Rear-Delt Fly - Gethin Variation,"The incline dumbbell reverse fly is an upper-body exercise targeting the posterior or rear deltoids, as well as the postural muscles of the upper back. Because it targets such small muscles, this exercise is usually performed with light weight for high reps, such as 10-15 reps per set or more.",Intermediate,Shoulders,Strength,Dumbbell
Best,Incline Bench Rear Dumbbell Fly - Gethin Variation,"The incline dumbbell reverse fly is an upper-body exercise targeting the posterior or rear deltoids, as well as the postural muscles of the upper back. Because it targets such small muscles, this exercise is usually performed with light weight for high reps, such as 10-15 reps per set or more.",Intermediate,Shoulders,Strength,Dumbbell
Bad,Dumbbell front raise and press,"The dumbbell front raise and press combines two upper-body moves into one challenging sequence targeting the deltoid muscles. It's a simple way to boost your heart rate while getting a good upper-body pump, and is a natural fit in time-efficient upper-body or circuit training.",Intermediate,Shoulders,Strength,Dumbbell
Bad,Rotator cuff warm-up,"The rotator cuff warm-up is a simple exercise targeting the rotator cuffs through weighted shoulder external rotation. It's a classic way to warm up the shoulder prior to sports or training, as well as a common rehab movement. The rotator cuffs are a notorious injury-prone structure in the shoulders of Major League pitchers and other athletes. This is a movement most commonly done for moderate to high reps, such as 8-12 reps or more per set.",Intermediate,Shoulders,Strength,Dumbbell
Good,Seated Lateral Raise - Gethin Variation,"The seated dumbbell lateral raiseis an iconic exercise for developing the shoulders. If you’ve ever worked out with weights, chances are you’ve done this move at some point. Proper execution is paramount to avoid injury.",Intermediate,Shoulders,Strength,Dumbbell
Best,Single-arm dumbbell arc row,"The single-arm dumbbell arc row is an exercise for building the latissimus dorsi, or lat, muscles of the back. This variation has more of an arcing shape than the traditional single-arm dumbbell row, which may increase the mind-muscle connection and hit the back from a different angle. You probably won't be able to go as heavy on this as on a traditional row.",Intermediate,Shoulders,Strength,Dumbbell
Bad,Incline Rear Delt Raises - Gethin Variation,"The incline dumbbell reverse fly is an upper-body exercise targeting the posterior or rear deltoids, as well as the postural muscles of the upper back. Because it targets such small muscles, this exercise is usually performed with light weight for high reps, such as 10-15 reps per set or more.",Intermediate,Shoulders,Strength,Dumbbell
Bad,Incline Dumbbell Y Raise,None,Intermediate,Shoulders,Strength,Dumbbell
Best,HM Bent-Over Rear-Delt Fly,None,Intermediate,Shoulders,Strength,Dumbbell
Good,HM Dumbbell Shoulder Press,None,Intermediate,Shoulders,Strength,Dumbbell
Best,HM Single-Leg Overhead Dumbbell Press,None,Intermediate,Shoulders,Strength,Dumbbell
Best,6 Way Shoulder Raise,None,Intermediate,Shoulders,Strength,Dumbbell
Good,Seated dumbbell lateral raise,"The seated dumbbell lateral raise is an exercise that targets the shoulder muscles, particularly the medial or middle head of the deltoids. Performing it on a bench helps enforce strict form and eliminate swinging or using momentum to move the weights. Lateral raise variations are usually performed for moderate to high reps, such as 8-12 reps per set or more, as part of the upper-body or shoulder-focused portion of a workout.",Intermediate,Shoulders,Strength,Dumbbell
Bad,AM Dumbbell Shoulder Press,"The seated dumbbell shoulder pressis an exercise for building muscle and strengthening the shoulders, particularly but not exclusively the front heads. The triceps also assist. Some lifters feel that using dumbbells versus a barbell reduced injury risk.",Intermediate,Shoulders,Strength,Dumbbell
Bad,AM Dumbbell Side Raise,"The dumbbell lateral raise is an upper body isolation exercise for building shoulder strength and muscle. It's a staple strength training move and is a great option for accessory work on upper body training days. This exercise particularly focuses on the lateral or medial head of the deltoid, making them appear wider and more developed.",Intermediate,Shoulders,Strength,Dumbbell
Best,AM Front Raise,"The alternating dumbbell front raise is an isolation movement that targets the shoulders. By using one arm at a time, you can use more weight than when you use both arms at once. Bodybuilders use this exercise to zero in on the front shoulders, but the simple movement also makes it great for people new to lifting weights.",Intermediate,Shoulders,Strength,Dumbbell
Best,UP Dumbbell Lateral Raise,"The dumbbell lateral raise is an upper body isolation exercise for building shoulder strength and muscle. It's a staple strength training move and is a great option for accessory work on upper body training days. This exercise particularly focuses on the lateral or medial head of the deltoid, making them appear wider and more developed.",Intermediate,Shoulders,Strength,Dumbbell
Best,UP Seated Dumbbell Overhead Press,"The seated dumbbell shoulder pressis an exercise for building muscle and strengthening the shoulders, particularly but not exclusively the front heads. The triceps also assist. Some lifters feel that using dumbbells versus a barbell reduced injury risk.",Intermediate,Shoulders,Strength,Dumbbell
Best,AA Incline Bench Dumbbell Reverse Fly,None,Intermediate,Shoulders,Strength,Dumbbell
Bad,CM Forward Shoulder Press,None,Intermediate,Shoulders,Strength,Dumbbell
Bad,Dumbbell Halo,None,Intermediate,Shoulders,Strength,Dumbbell
Bad,Standing Dumbbell Scap Raise,None,Intermediate,Shoulders,Strength,Dumbbell
Good,Holman Overhead Press,None,Intermediate,Shoulders,Strength,Dumbbell
Best,Holman Slow Weighted Half Jack to Overhead Press,None,Intermediate,Shoulders,Strength,Dumbbell
Good,Holman Slow Arnold Press,None,Intermediate,Shoulders,Strength,Dumbbell
Bad,Holman Boat Arnold Press with Feet Push-Out,None,Intermediate,Shoulders,Strength,Dumbbell
Best,Holman Dumbbell Hip Drive to Overhead Press,None,Intermediate,Shoulders,Strength,Dumbbell
Bad,Holman Squat Thrust to Alternating Renegade Triceps Press,None,Intermediate,Shoulders,Strength,Dumbbell
Bad,Holman Cheer Press,None,Intermediate,Shoulders,Strength,Dumbbell
Best,Holman Left Arm Press with Right Arm Hold,None,Intermediate,Shoulders,Strength,Dumbbell
Good,Holman Right Arm Press with Left Arm Hold,None,Intermediate,Shoulders,Strength,Dumbbell
Good,Holman Left Front Raise with Right Hold,None,Intermediate,Shoulders,Strength,Dumbbell
Best,Holman Right Front Raise with Left Hold,None,Intermediate,Shoulders,Strength,Dumbbell
Best,Holman Alternating Front Raise to Side Raise,None,Intermediate,Shoulders,Strength,Dumbbell
Best,Holman Heavy Right Arm Overhead Press,None,Intermediate,Shoulders,Strength,Dumbbell
Best,Holman Heavy Left Arm Overhead Press,None,Intermediate,Shoulders,Strength,Dumbbell
Good,Holman Right Arm Heavy Overhead Press,None,Intermediate,Shoulders,Strength,Dumbbell
Best,Holman Right Diagonal Lunge to Overhead Press,None,Intermediate,Shoulders,Strength,Dumbbell
Best,Holman Left Arm Heavy Overhead Press,None,Intermediate,Shoulders,Strength,Dumbbell
Bad,Holman Weighted Palms-In Overhead Press,None,Intermediate,Shoulders,Strength,Dumbbell
Best,Dumbbell racked carry,"The dumbbell racked carry involves carrying dumbbells for time or distance, while holding them close to the shoulders in a front-racked position. Similar to a dumbbell farmer's carry, it can be a challenging finisher to any workout, or work well in fat-loss circuit training or as an accessory movement to heavy lifts like the deadlift.",Intermediate,Shoulders,Strength,Dumbbell
Bad,Dumbbell clean and push-press,"The dumbbell clean and push-press is a full-body movement that targets both the lower and upper body. The clean utilizes the muscles of the hips, legs, glutes, back, and biceps, while the push-press utilizes the shoulders and triceps. It differs from the clean and press in that the push-press allows you to use lower-body momentum to power through the most difficult part of the press. It can be trained in low to moderate reps for strength, or for higher reps, such as 8-12 reps per set or more, for muscle building or metabolic conditioning.",Intermediate,Shoulders,Strength,Dumbbell
Bad,Total Fitness Dumbbell Farmer's Carry,"The dumbbell farmer's walk or carry is an exercise with roots in competitive strongman training, but which is also popular in CrossFit and functional training. It can be a challenging finisher to any workout, or work well in fat-loss circuit training or as an accessory movement to heavy lifts like the deadlift.",Intermediate,Shoulders,Strength,Dumbbell
Bad,Single-arm dumbbell racked carry,"The single-arm dumbbell racked carry involves carrying a single dumbbell for time or distance, while holding it close to the shoulders in a front-racked position. Similar to a dumbbell farmer's carry, it can be a challenging finisher to any workout, or work well in fat-loss circuit training or as an accessory movement to heavy lifts like the deadlift.",Intermediate,Shoulders,Strength,Dumbbell
Best,Jordan Shallow Dumbbell Pull-Over,None,Intermediate,Shoulders,Strength,Dumbbell
Bad,King Maker Dumbbell Lateral Raise,"The dumbbell lateral raise is an upper body isolation exercise for building shoulder strength and muscle. It's a staple strength training move and is a great option for accessory work on upper body training days. This exercise particularly focuses on the lateral or medial head of the deltoid, making them appear wider and more developed.",Intermediate,Shoulders,Strength,Dumbbell
Best,Dumbbell shadow boxing,"Dumbbell shadow boxing is a more advanced version of a popular conditioning exercise. By adding a pair of lightweight dumbbells, you can greatly increase the challenge to both the shoulders and cardiovascular system.",Intermediate,Shoulders,Strength,Dumbbell
Good,King Maker Dumbbell Farmer's Carry,"The dumbbell farmer's walk or carry is an exercise with roots in competitive strongman training, but which is also popular in CrossFit and functional training. It can be a challenging finisher to any workout, or work well in fat-loss circuit training or as an accessory movement to heavy lifts like the deadlift.",Intermediate,Shoulders,Strength,Dumbbell
Bad,King Maker Dumbbell Shrug,"The standing dumbbell shrug is a popular movement to build and strengthen the trapezius muscles. It’s a often trained on a bodybuilding-style shoulder or back training day, but can also work well in full-body or strength-focused training.",Intermediate,Shoulders,Strength,Dumbbell
Best,30 Shoulders Alternating Dumbbell Front Raise,None,Intermediate,Shoulders,Strength,Dumbbell
Best,30 Shoulders Bent-Over Dumbbell Reverse Fly,None,Intermediate,Shoulders,Strength,Dumbbell
Bad,30 Shoulders Dumbbell Front Raise,None,Intermediate,Shoulders,Strength,Dumbbell
Bad,30 Shoulders Dumbbell Lateral Raise,None,Intermediate,Shoulders,Strength,Dumbbell
Good,30 Shoulders Dumbbell Shrug,None,Intermediate,Shoulders,Strength,Dumbbell
Best,30 Shoulders Incline Face-Down Dumbbell Reverse Fly,None,Intermediate,Shoulders,Strength,Dumbbell
Bad,30 Shoulders Seated Dumbbell Front Raise,None,Intermediate,Shoulders,Strength,Dumbbell
Bad,30 Shoulders Seated Dumbbell Side Raise,None,Intermediate,Shoulders,Strength,Dumbbell
Bad,30 Shoulders Neutral-Grip Arnold Press,None,Intermediate,Shoulders,Strength,Dumbbell
Best,30 Shoulders Standing Dumbbell Upright Row,None,Intermediate,Shoulders,Strength,Dumbbell
Bad,MetaBurn 3-Way Shoulder Raise,None,Intermediate,Shoulders,Strength,Dumbbell
Good,MetaBurn Dumbbell Overhead Press,None,Intermediate,Shoulders,Strength,Dumbbell
Bad,MetaBurn Single-Leg Arnold Press,None,Intermediate,Shoulders,Strength,Dumbbell
Bad,RG Forward-Leaning Dumbbell Upright Row,None,Intermediate,Shoulders,Strength,Dumbbell
Best,RG Alternating Seated Dumbbell Lateral Raise,None,Intermediate,Shoulders,Strength,Dumbbell
Bad,RG Seated Dumbbell Shoulder Press,None,Intermediate,Shoulders,Strength,Dumbbell
Bad,FYR2 Dumbbell Clean and Jerk,None,Intermediate,Shoulders,Strength,Dumbbell
Bad,FYR2 Dumbbell Cross-Body Front Raise,None,Intermediate,Shoulders,Strength,Dumbbell
Best,FYR2 Dumbbell Front Raise,None,Intermediate,Shoulders,Strength,Dumbbell
Bad,FYR2 Dumbbell Lateral Raise,None,Intermediate,Shoulders,Strength,Dumbbell
Best,FYR2 Lateral Raise Hold,None,Intermediate,Shoulders,Strength,Dumbbell
Good,FYR2 Seesaw Dumbbell Military Press,None,Intermediate,Shoulders,Strength,Dumbbell
Bad,FYR2 Single-Dumbbell Halo,None,Intermediate,Shoulders,Strength,Dumbbell
Best,FYR2 Single-Dumbbell Overhead Press,None,Intermediate,Shoulders,Strength,Dumbbell
Best,Car driver,"The car driver is a variation of the plate front raise exercise where the lifter holds a weight plate in front of them and twists it from side to side, similar to a steering wheel. It targets the muscles of the shoulders, the front or anterior deltoids in particular, but is also challenging to the core and upper-back muscles. It can provide variety in a shoulder-focused muscle-building workout or as part of an upper-body or full-body circuit.",Intermediate,Shoulders,Strength,Other
Best,Arnold press,"Named after the iconic bodybuilder and movie star, the Arnold press adds rotation to a classic shoulder press. It allows the hands to rotate naturally, while also hitting all three heads of the deltoids in one motion. It is usually performed for moderate to high reps, such as 8-12 reps or more, as part of the upper-body or shoulder-focused portion of a workout.",Intermediate,Shoulders,Strength,Dumbbell
Best,Front Plate Raise,"The plate front raise is a variation of the dumbbell front raise where the lifter holds a weight plate between two hands, rather than using a dumbbell, barbell, or other weight. It can provide variety in a shoulder-focused muscle-building workout, or as part of an upper body or full-body circuit.",Intermediate,Shoulders,Strength,Other
Best,Battle ropes,"Battle ropes are an explosive training tool that involves moving the rope in waves with the other end of the rope anchored at ground level. There are many different types of waves, but the most common is alternating waves with the left and right hands. The battle ropes can be performed for short bursts as power training, for longer durations as cardiovascular training, or as a component of a conditioning or fat-loss circuit.",Intermediate,Shoulders,Strength,Other
Good,Seated rear delt fly,"The seated rear delt fly is an upper-body exercise that targets the real deltoid of the shoulder. By performing the movement seated, it eliminates momentum from the rest of the body. This movement is usually performed for moderate to high reps, such as 8-12 reps per set or more, as part of the upper-body or shoulder-focused portion of a workout.",Intermediate,Shoulders,Strength,Dumbbell
Good,Circus Bell,None,Beginner,Shoulders,Strongman,Other
Good,Landmine Linear Jammer,"The linear jammer is an explosive pressing movement performed using an angled barbell anchored at floor level in a landmine device. It can also be performed by sticking a barbell in the corner of a room, preferably in a towel to protect the walls. The linear jammer involves pressing the weight into the air, then catching it with the other hand. The movement focuses primarily on the muscles of the shoulders or deltoids. It can be trained in traditional muscle and strength-focused rep ranges, for lower reps with a focus on explosive pressing power, or for higher reps.",Intermediate,Shoulders,Strength,Other
Good,Crucifix,None,Beginner,Shoulders,Strongman,Other
Bad,Bar shoulder extension stretch,The bar shoulder extension stretch is a technique to increase overhead mobility (known as shoulder flexion) and thoracic extension with the help of a bar or other stable object. It is often used as part of a warm-up before upper-body training.,Beginner,Shoulders,Stretching,Other
Bad,Chair Upper Body Stretch,None,Beginner,Shoulders,Stretching,Other
Bad,Sled Reverse Flye,None,Intermediate,Shoulders,Strength,Other
Bad,Plate shoulder circle big to small,"The plate shoulder circle big to small is an exercise targeting the shoulder complex. Typically, this is considered a warm-up move rather than a working exercise. It warms up the shoulder joint and works small and hard-to-attack muscles such as the rotator cuff group.",Intermediate,Shoulders,Strength,Other
Bad,Sled Overhead Backward Walk,None,Beginner,Shoulders,Strength,Other
Bad,Log Lift,None,Beginner,Shoulders,Strongman,Other
Bad,Standing suspended rear delt fly,"The standing suspended rear delt fly is a bodyweight movement targeting the shoulders and upper back using a suspension strap system or gymnastic rings. It can be performed for time or reps as part of a dynamic warm-up for an upper-body strength workout, or in the workout itself either in traditional muscle-building rep ranges or for higher reps.",Intermediate,Shoulders,Strength,Other
Bad,Waiter's carry,"The waiter's carry is a type of loaded carry that targets the core, shoulders, and upper back. A weight is raised overhead with a single arm before the lifter begins walking in that position. It resembles a waiter carrying a tray overhead—hence the name. It can be performed for time or distance.",Intermediate,Shoulders,Strength,Other
Bad,Towel dumbbell front raise,The towel dumbbell front raise is a variation of the dumbbell front raise that involves hanging a dumbbell from a towel held in the hands. It could also be performed with a kettlebell or weight plate. It can provide variety in a shoulder-focused muscle-building workout or as part of an upper-body or full-body circuit.,Intermediate,Shoulders,Strength,Other
Best,Reach-roll-lift combo,"The reach-roll-lift combo is a mobility drill for the upper back and shoulders. It can be part of a dynamic warm-up for upper-body workouts, or as postural training anytime.",Intermediate,Shoulders,Stretching,Other
Best,Upright Row - Gethin Variation,The barbell upright row is a barbell exercise that builds stronger and bigger traps. Many lifters combine this move with either their back or shoulder workout since it involves both body parts.,Intermediate,Shoulders,Strength,Other
Best,Squat Press Shoulder Press - Gethin Variation,None,Intermediate,Shoulders,Strength,Other
Best,Plate lateral raise,"The plate lateral raise is an exercise targeting the side heads of the shoulder muscles or deltoids. It closely resembles the more popular dumbbell lateral raise, but is performed with light plates, making the movement slightly more difficult. It is usually performed for moderate to high reps as part of a shoulder or upper-body workout.",Intermediate,Shoulders,Strength,Other
Bad,Standing Military Press - Gethin Variation,"The military press is a compound movement used to build size and strength in the shoulders. It was once contested as a fourth powerlift, but is rarely competed anymore. However, being able to press a significant weight overhead remains a popular marker of upper-body strength. The military press can be trained as a strength lift or in traditional muscle-building rep ranges as part of full-body, shoulder-focused, or upper-body training.",Intermediate,Shoulders,Strength,Other
Bad,Bent-over plate rear delt raise,"The bent-over plate rear delt raise is an exercise targeting the rear heads of the shoulders, or deltoids. You can also use dumbbells or other light weights for a similar effect. This movement is usually performed as part of a dynamic warm-up or as a high-rep burnout movement on a shoulder or back day.",Intermediate,Shoulders,Strength,Other
Good,Single-arm landmine press,"The single-arm landmine press is an upper-body exercise that uses an angled barbell anchored at floor level in a landmine device. It can also be performed by sticking a barbell in the corner of a room, preferably in a towel to protect the walls. The angle of a landmine press is usually somewhere between an incline press and a military press, and the movement focuses primarily on the muscles of the shoulders or deltoids. It can be trained in traditional muscle and strength-focused rep ranges or for higher reps.",Intermediate,Shoulders,Strength,Other
Bad,Plate front raise,"The plate front raise is a variation of the front raise where the lifter holds a weight plate between two hands, rather than using a dumbbell, barbell, or other weight. It can provide variety in a shoulder-focused muscle-building workout or as part of an upper-body or full-body circuit.",Intermediate,Shoulders,Strength,Other
Good,Holman Slow Overhead Press,None,Intermediate,Shoulders,Strength,Other
Best,30 Shoulders Plate Front Raise,None,Intermediate,Shoulders,Strength,Other
Bad,Single-arm landmine push-press,"The single-arm landmine push-press is an explosive upper-body exercise that uses an angled barbell anchored at floor level in a landmine device. It can also be performed by sticking a barbell in the corner of a room, preferably in a towel to protect the walls. The angle of a landmine press is usually somewhere between an incline press and a military press, and the movement focuses primarily on the muscles of the shoulders or deltoids. It can be trained in traditional muscle and strength-focused rep ranges or for higher reps.",Intermediate,Shoulders,Strength,Other
Best,Single-arm cable front raise,"The single-arm cable front raise is an isolation exercise targeting the anterior and medial deltoids or shoulder muscles. The single-arm version of this movement allows you to focus on each side independently. Because grip will be a limitation, it is usually performed for moderate to high reps, at least 8-12 reps per set, as part of an upper-body or shoulder-focused workout.",Intermediate,Shoulders,Strength,Cable
Best,Cable Internal Rotation,None,Beginner,Shoulders,Strength,Cable
Best,Seated face pull,"The seated face pull is a cable exercise targeting the shoulder muscles, particularly the rear delts, and the muscles of the upper back. This can help build healthier shoulders and posture, and increase shoulder stability. It is usually performed for moderate to high reps as part of a dynamic warm-up for an upper-body workout or in the main part of a shoulder-focused workout.",Intermediate,Shoulders,Strength,Cable
Best,Single-arm bent-over cable rear delt fly,"The single-arm bent-over cable rear delt fly is an exercise targeting the rear deltoids. It is a great way to isolate this area of the shoulder and attack each side independently. It is usually performed for moderate to high reps, at least 8-12 reps per set, as part of an upper-body or shoulder-focused workout.",Intermediate,Shoulders,Strength,Cable
Best,Seated cable shoulder press,"The seated cable shoulder press is a multijoint machine-based exercise that focuses on the deltoid or shoulder muscles, as well as the triceps. It's most common in muscle-building workouts and rep ranges, usually 8-12 reps or more.",Intermediate,Shoulders,Strength,Cable
Good,Standing face pull,"The standing face pull is an isolation exercise primarily targeting the rear deltoids, traps, and upper back. It is most often performed with a rope attachment.",Intermediate,Shoulders,Strength,Cable
Good,Standing cable rear delt row,"The standing cable rear delt row primarily targets the rear deltoids. This movement also hits the traps, rhomboids, and biceps. It is usually performed for moderate to high reps, at least 8-12 reps per set, as part of an upper-body or shoulder-focused workout.",Intermediate,Shoulders,Strength,Cable
Good,Standing Low-Pulley Deltoid Raise,"The single-arm cable lateral raise is an isolation exercise targeting the shoulders, specifically the medial deltoid. This movement also hits the traps and upper back, and allows you to focus on each side independently. Because grip is a limitation, it is usually performed for moderate to high reps, like at least 8-12 reps per set, as part of an upper body or shoulders-focused workout.",Intermediate,Shoulders,Strength,Cable
Good,Standing crossed-cable rear delt fly,"The standing crossed-cable rear delt fly is an isolation exercise for the rear deltoids. It is usually performed for moderate to high reps, at least 8-12 reps per set, as part of an upper-body or shoulder-focused workout.",Intermediate,Shoulders,Strength,Cable
Good,Cable Shoulder Press,None,Beginner,Shoulders,Strength,Cable
Good,Alternating Cable Shoulder Press,None,Beginner,Shoulders,Strength,Cable
Good,Cable Seated Lateral Raise,None,Intermediate,Shoulders,Strength,Cable
Good,Single-arm lying cable front raise,"The single-arm lying cable front raise is an isolation exercise for the shoulders, performed lying on the back, either on a bench or the ground, and lifting the cable over the torso one arm at a time. This movement is usually performed for moderate to high reps for a burn and pump as part of a shoulder-focused workout.",Intermediate,Shoulders,Strength,Cable
Good,Lying cable front raise,"The lying cable front raise is an isolation exercise for the shoulders, particularly the front deltoids. It is performed lying on the back, either on a bench or the ground, with the cable lifted over the torso. This movement is usually performed for moderate to high reps for a burn and pump as part of a shoulder-focused workout.",Intermediate,Shoulders,Strength,Cable
Good,Cable Rear Delt Fly - Gethin Variation,"The standing crossed-cable rear delt fly is an isolation exercise for the rear deltoids. It is usually performed for moderate to high reps, at least 8-12 reps per set, as part of an upper-body or shoulder-focused workout.",Intermediate,Shoulders,Strength,Cable
Bad,One-Arm Cable Side Raise - Gethin Variation,"The single-arm cable lateral raise is an isolation exercise targeting the shoulders, specifically the medial deltoid. This movement also hits the traps and upper back, and allows you to focus on each side independently. Because grip is a limitation, it is usually performed for moderate to high reps, like at least 8-12 reps per set, as part of an upper body or shoulders-focused workout.",Intermediate,Shoulders,Strength,Cable
Good,Rope Face Pull - Gethin Variation,"The standing face pull is an isolation exercise primarily targeting the rear deltoids, traps, and upper back. It is most often performed with a rope attachment.",Intermediate,Shoulders,Strength,Cable
Best,Lying cable lateral raise,"The lying cable lateral raise is an isolation exercise that targets the medial or middle deltoid muscle of the shoulders. It is most common in muscle-building shoulder or upper-body workouts, usually in higher rep ranges of at least 8-12 reps per set.",Intermediate,Shoulders,Strength,Cable
Best,Cable seated row,"The cable seated row is a popular exercise to train the muscles of the upper back, including the lats (latissimus dorsi), traps, rhomboids, and rear deltoids, using a cable stack. It also targets the biceps to a lesser degree. The cable row can work well in a variety of rep ranges but is most popular in muscle-building workouts or as an accessory movement for strength workouts.",Intermediate,Shoulders,Strength,Cable
Good,Single-arm cable lateral raise,"The single-arm cable lateral raise is an isolation exercise targeting the shoulders, specifically the medial deltoid. This movement also hits the traps and upper back and allows you to focus on each side independently. Because grip is a limitation, it is usually performed for moderate to high reps, at least 8-12 reps per set, as part of an upper-body or shoulder-focused workout.",Intermediate,Shoulders,Strength,Cable
Bad,UP Cable Face Pull,"The standing face pull is an isolation exercise primarily targeting the rear deltoids, traps, and upper back. It is most often performed with a rope attachment.",Intermediate,Shoulders,Strength,Cable
Good,AA Cable Leaning Side Raise,None,Intermediate,Shoulders,Strength,Cable
Good,30 Shoulders Bent-Over Low Cable Reverse Fly,None,Intermediate,Shoulders,Strength,Cable
Good,30 Shoulders Cable Rope Face Pull,None,Intermediate,Shoulders,Strength,Cable
Bad,30 Shoulders Cable Straight-Bar Front Raise,None,Intermediate,Shoulders,Strength,Cable
Bad,30 Shoulders Cable Straight-Bar Upright Row,None,Intermediate,Shoulders,Strength,Cable
Good,30 Shoulders High Cable Reverse Fly,None,Intermediate,Shoulders,Strength,Cable
Best,30 Shoulders Single-Arm Bent-Over Cable Reverse Fly,None,Intermediate,Shoulders,Strength,Cable
Best,30 Shoulders Single-Arm Cable Front Raise,None,Intermediate,Shoulders,Strength,Cable
Best,30 Shoulders Single-Arm Leaning Cable Lateral Raise,None,Intermediate,Shoulders,Strength,Cable
Good,RG 3-Way Single-Arm Rear Delt Cable Fly,None,Intermediate,Shoulders,Strength,Cable
Good,RG Single-Arm Cross-Body Cable Front Raise,None,Intermediate,Shoulders,Strength,Cable
Best,Smith machine shoulder press,"The Smith machine shoulder press is a machine-based exercise targeting the deltoid muscles. The Smith machine mimics a barbell but provides more stability. This movement can be programmed in low reps for strength or higher reps for muscle and strength endurance. It is often performed for moderate to high reps, such as 8-12 reps per set or more, as part of a shoulder or upper-body focused workout.",Intermediate,Shoulders,Strength,Machine
Best,Machine shoulder press,"The machine shoulder press is a machine-based exercise targeting the deltoid muscles. It approximates the motion of a free-weight shoulder press, but uses a selectorized weight-stack or plate-loaded machine. Many such machines also allow you to choose between different grips and grip widths. Machine shoulder presses are often done for moderate to high reps, such as 8-12 reps per set or more, as part of the upper-body or shoulder-focused portion of a workout.",Intermediate,Shoulders,Strength,Machine
Good,Reverse Machine Flyes,"The machine rear delt fly is an exercise targeting the rear head of the shoulder muscle or deltoids, as well as the muscles of the upper back. It's sort of the reverse of the machine chest fly, and is sometimes performed on the same machine, but facing the opposite direction. Because it targets such small muscles, this exercise is usually performed with light weight for high reps, such as 10-15 reps per set or more.",Intermediate,Shoulders,Strength,Machine
Good,Single-arm Smith machine upright row,"The single-arm Smith machine upright row is an upper-body exercise targeting the muscles of the traps and shoulders. This movement is often performed for moderate to high reps, such as 8-12 reps per set or more, as part of an upper-body or shoulder-focused workout.",Intermediate,Shoulders,Strength,Machine
Good,Machine Lateral Raise,None,Intermediate,Shoulders,Strength,Machine
Bad,Smith machine behind-the-neck press,"The Smith machine behind-the-neck press is a machine-based exercise targeting the deltoids. The Smith machine mimics a barbell but provides more stability. This movement can be programmed in low reps for strength or higher reps for muscle and strength endurance. It is often performed for moderate to high reps, such as 8-12 reps per set or more, as part of a shoulder or upper-body focused workout.",Intermediate,Shoulders,Strength,Machine
Best,Smith Machine Behind-The-Neck Press - Gethin Variation,"The Smith machine behind-the-neck press is a machine-based exercise targeting the deltoids. The Smith machine mimics a barbell but provides more stability. This movement can be programmed in low reps for strength or higher reps for muscle and strength endurance. It is often performed for moderate to high reps, such as 8-12 reps per set or more, as part of a shoulder or upper-body focused workout.",Intermediate,Shoulders,Strength,Machine
Bad,30 Shoulders Leg Press Shoulder Press,None,Intermediate,Shoulders,Strength,Machine
Bad,30 Shoulders Machine Shoulder Press,None,Intermediate,Shoulders,Strength,Machine
Good,30 Shoulders Pec-Deck Reverse Fly,None,Intermediate,Shoulders,Strength,Machine
Good,30 Shoulders Smith Machine Behind-The-Head Press,None,Intermediate,Shoulders,Strength,Machine
Good,30 Shoulders Smith Machine Shoulder Press,None,Intermediate,Shoulders,Strength,Machine
Best,Handstand push-up,"The handstand push-up is an exercise targeting the shoulders, although other muscles assist in the completion of the reps. It is common in both CrossFit workouts and advanced bodyweight or calisthenics training. Given the degree of difficulty, beginners will need to progress to this move.",Intermediate,Shoulders,Strength,Body Only
Good,Upward Stretch,None,Intermediate,Shoulders,Stretching,Body Only
Good,Shoulder Circles,None,Intermediate,Shoulders,Stretching,Body Only
Good,Cross-body shoulder stretch,"The cross-body shoulder stretch targets increased flexibility in the shoulders. It is a common inclusion in upper-body dynamic warm-ups prior to training or sports, but can also be performed anytime to ""limber up"" the upper body.",Intermediate,Shoulders,Stretching,Body Only
Bad,Arm circle,"The arm circle is a non-weighted exercise targeting the shoulders. It involves extending your arms to the sides and drawing small circles in the air with your hands. It is common in warm-ups for both training and athletics, and is often performed simply until someone feels a burn, rather than for a set amount of reps.",Intermediate,Shoulders,Stretching,Body Only
Bad,Seated Front Deltoid,None,Beginner,Shoulders,Stretching,Body Only
Bad,Shoulder Raise,None,Intermediate,Shoulders,Stretching,Body Only
Bad,Hand Stand Push-Up,"The handstand push-up is an exercise targeting the shoulders, although other muscles assist in the completion of the reps. It is common in both CrossFit workouts and advanced bodyweight or calisthenics training. Given the degree of difficulty, beginners will want to progress to this move.",Intermediate,Shoulders,Strength,Body Only
Bad,Wall walk,"The wall walk is a challenging exercise that works the entire body. From a push-up position, the hands walk back as the feet walk up the wall, then the whole movement is reversed. This is not for beginners, who will need to progress to this exercise.",Intermediate,Shoulders,Strength,Body Only
Bad,Return Push from Stance,None,Intermediate,Shoulders,Plyometrics,Body Only
Bad,Wall shoulder tap,"The wall shoulder tap is a bodyweight shoulder exercise that is a popular movement for gymnasts, cheerleaders, and other athletes who need to spend a lot of time in dynamic handstand movements. Beginning in a handstand position with toes touching the wall, one hand is raised to touch the opposing shoulder. This continues in alternating fashion for the duration of the set.",Intermediate,Shoulders,Strength,Body Only
Bad,Bear crawl shoulder tap,"The bear crawl shoulder tap is a variation of the bear crawl that involves touching the opposing shoulder while in a static bear crawl hold. It adds an extra coordination and core challenge to an already intense full-body movement that targets the cardiovascular system as well as a wide range of muscle groups. It can be done as a full-body warm-up, or as part of a bodyweight circuit or flow.",Intermediate,Shoulders,Strength,Body Only
Bad,Shadow boxing,"Shadow boxing is an exercise typically used in combat sports and fighting. However, it can also make a great cardio session for anyone to implement in a fast-paced circuit or as active rest. It is usually performed for time or rounds.",Intermediate,Shoulders,Cardio,Body Only
Bad,Bear crawl fire feet,"Bear crawl fire feet is a variation of the bear crawl that involves running in place while in a static bear crawl hold. It adds an extra coordination and full-body challenge to an already intense full-body movement that targets the cardiovascular system as well as a wide range of muscle groups. It can be done as a full-body warm-up, or as part of a bodyweight circuit or flow.",Intermediate,Shoulders,Cardio,Body Only
Bad,Wall sprawl,"The wall sprawl is a bodyweight exercise targeting the shoulders, although numerous other muscles are recruited to complete the exercise. From an all-fours position, you kick up onto the wall, then back down. It's a serious cardiovascular challenge that is usually performed as part of a fat-loss or athleticism-focused workout.",Intermediate,Shoulders,Plyometrics,Body Only
Bad,Bent Over Shoulder Y,"The lying rear delt Y works the shoulders, specifically the rear heads. The range of motion differs from the lying rear delt fly. At the midpoint, the arms and torso form a Y—hence the name.",Intermediate,Shoulders,Stretching,Body Only
Best,Shoulder L,"The bent-over shoulder rotation is an upper-body exercise that helps strengthen the muscles around the rotator cuff for a stable shoulder joint. It is usually performed as part of a dynamic warm-up for the shoulders. It can be performed with body weight, light dumbbells or weight plates, or bands.",Intermediate,Shoulders,Strength,Body Only
Best,Shoulder Dislocation Stretch-Dowel,None,Intermediate,Shoulders,Stretching,Body Only
Bad,TBS Inverted Row,"The Smith machine inverted row is a bodyweight exercise targeting the muscles of the lats (latissimus dorsi) and upper back, using the bar of the Smith machine to hang and pull from. You can change the bar height to customize the difficulty level and desired angle of the row. This variation is usually performed for moderate to high reps, such as 8-12 reps per set or more.",Intermediate,Shoulders,Strength,Body Only
Good,PVC Shoulder Stretch,None,Intermediate,Shoulders,Stretching,Body Only
Best,Shoulder T,"The bent-over plate rear delt raise is an exercise targeting the rear heads of the shoulders, aka deltoids. You can also use dumbbells or other light weights for a similar effect. This movement is usually performed as part of a dynamic warm-up, or as a high-rep burnout movement on a shoulder or back day.",Intermediate,Shoulders,Stretching,Body Only
Bad,HM Arm Circle,None,Intermediate,Shoulders,Strength,Body Only
Good,HM Shoulder Stretch,None,Intermediate,Shoulders,Stretching,Body Only
Good,HM Shoulder Stretch on Floor,None,Intermediate,Shoulders,Stretching,Body Only
Best,HM Shoulder Tap,None,Intermediate,Shoulders,Stretching,Body Only
Good,HM Hand-On-Wall Stretch,None,Intermediate,Shoulders,Strength,Body Only
Best,HM Jumping Arm Circle,None,Intermediate,Shoulders,Strength,Body Only
Good,Kipping Clapping Pull-Up,None,Intermediate,Shoulders,Strength,Body Only
Bad,Holman Kneeling Overhead Press to Donkey Kick,None,Intermediate,Shoulders,Strength,Body Only
Good,Floor angel,The floor angel is a stretch targeting shoulder mobility and activation of the shoulder stabilizer muscles. It also targets a range of postural muscles in the upper back.,Intermediate,Shoulders,Strength,Body Only
Bad,Shoulder extension stretch,"The shoulder extension stretch is focused on bringing more flexibility to the shoulder joint. It increases range of motion in shoulder extension, or moving the arms behind the back. It can be performed as part of a warm-up or mobility and flexibility work post-workout or anytime.",Intermediate,Shoulders,Strength,Body Only
Good,Backward Medicine Ball Throw,None,Beginner,Shoulders,Plyometrics,Medicine Ball
Bad,Medicine ball scoop throw,"The medicine ball scoop throw is an explosive exercise targeting the abdominals and hips. It can be performed for lower reps with a focus on power or for higher reps with a focus on fat loss and conditioning. It begins in a semi-squat position holding a medicine ball, which then gets ""scooped"" up and thrown overhead in one continuous movement.",Intermediate,Shoulders,Plyometrics,Medicine Ball
Bad,Standing Two-Arm Overhead Throw,None,Beginner,Shoulders,Plyometrics,Medicine Ball
Good,Incline face-down bar front raise,"The incline face-down bar front raise is an upper-body exercise targeting the shoulders. Because it is performed face down on an angled bench, it has a greater range of motion than standing or upright-seated raises and hits the shoulders from a different angle. Raise variations are usually performed for moderate to high reps, such as 8-12 reps per set or more, as part of upper-body or shoulder-focused training.",Intermediate,Shoulders,Strength,E-Z Curl Bar
Good,Incline anti-gravity shoulder press,"The incline anti-gravity shoulder press is an upper-body exercise targeting the shoulders and upper back. It works the rear delts and upper-back muscles isometrically to hold the weight up, while dynamically training the lateral and front delts. Because of the challenge of holding the weight up, this press variation is usually performed with relatively light weights for moderate reps, such as 8-12 reps per set or more, as part of upper-body or shoulder training.",Intermediate,Shoulders,Strength,E-Z Curl Bar
Good,30 Shoulders EZ-Bar Front Raise,None,Intermediate,Shoulders,Strength,E-Z Curl Bar
Good,Side Wrist Pull,None,Beginner,Shoulders,Stretching,None
Bad,Elbow Circles,None,Beginner,Shoulders,Stretching,None
Bad,Kneeling Arm Drill,None,Beginner,Shoulders,Plyometrics,None
Good,Bent-over shoulder rotation,"The bent-over shoulder rotation is an upper-body exercise that helps strengthen the muscles around the rotator cuff for a stable shoulder joint. It is usually performed as part of a dynamic warm-up for the shoulders. It can be performed with body weight, light dumbbells or weight plates, or bands.",Intermediate,Shoulders,Strength,Exercise Ball
Bad,Band overhead triceps press,"The band overhead triceps press is a dynamic arm exercise utilizing a looped exercise band. It could also be performed with an exercise band with handles. It targets the triceps muscles and can be performed for time or reps, either in traditional muscle-building rep ranges such as 12-15 reps per set, or higher rep ranges such as 30, 50, or more.",Intermediate,Triceps,Strength,Bands
Best,Band overhead triceps extension,"The band overhead triceps extension is a single-joint exercise focused on the triceps that uses the dynamic resistance of the band. The overhead position of the arms targets the long head of the triceps. Many lifters save this move for last in their triceps workout, performing it for moderate to high reps, such as 8-12 reps or more per set.",Intermediate,Triceps,Strength,Bands
Best,Band straight-arm pull-down,"The band straight-arm pull-down is a non-gym or at home variation of the straight-arm lat pull-down performed using a cable stack machine. It can either be performed in an athletic upright stance, or slightly bent over. It both stretches and contracts the muscles of the lats (latissimus dorsi) as well as providing additional activation to the other upper back muscles and the core. Because the triceps are also isometrically involved in the movement, it is usually performed for higher reps, such as 8-15 reps or more.",Intermediate,Triceps,Strength,Bands
Bad,Band skullcrusher,The band skullcrusher is a variation of the popular bench exercise targeting the triceps muscles. It is usually performed for moderate to high reps as part of an upper-body or arm-focused workout.,Intermediate,Triceps,Strength,Bands
Best,Single-arm band kick-back,"The single-arm band kick-back is an isolation exercise that targets the triceps. This is a common burnout move performed for moderate to high reps, such as 8-12 reps per set or more, as part of an upper-body or arm-focused workout.",Intermediate,Triceps,Strength,Bands
Best,Incline EZ-bar skullcrusher,The incline EZ-bar skullcrusher is a popular exercise targeting the triceps muscles. The incline angle helps to target the long head of the triceps in particular. This exercise is usually performed for moderate to high reps as part of an upper-body or arm-focused workout.,Intermediate,Triceps,Strength,Barbell
Best,Decline Close-Grip Bench To Skull Crusher,None,Beginner,Triceps,Strength,Barbell
Best,Bench Press - Powerlifting,None,Intermediate,Triceps,Powerlifting,Barbell
Best,Behind-the-head skullcrusher,"The behind-the-head skullcrusher is a variation on a triceps exercise that has been a staple of bodybuilders for decades. In this version, instead of the bar coming down lightly to the forehead, the bar tracks over the top of the head without touching it. Skullcrushers are usually performed for moderate to high reps, such as 8-12 reps per set or more, as part of an upper-body or arm-focused workout. If a straight bar is uncomfortable for your wrists or elbows, try using an angled EZ-bar.",Intermediate,Triceps,Strength,Barbell
Best,Standing barbell overhead triceps extension,"The standing barbell overhead triceps extension is an isolation movement targeting the triceps. The overhead position targets the long head of the triceps in particular. This movement is generally performed for moderate to high reps as part of the arms-focused portion of a workout. If holding a straight bar bothers the wrists or elbows, it can alternately be performed with an EZ-bar or neutral-grip bar.",Intermediate,Triceps,Strength,Barbell
Good,Reverse-grip bench press,"The reverse-grip bench press is a popular barbell exercise targeting the chest, triceps, and forearms. The main difference between this exercise and the standard bench press is that the grip is underhand, not overhand. This helps target both the upper chest and the triceps. This lift can feel awkward at first, so go light and don't be afraid to use a spotter.",Intermediate,Triceps,Strength,Barbell
Good,Bench Press with Chains,None,Beginner,Triceps,Powerlifting,Barbell
Good,Floor Press,None,Beginner,Triceps,Powerlifting,Barbell
Good,One Arm Floor Press,None,Beginner,Triceps,Strength,Barbell
Good,Pin Presses,None,Beginner,Triceps,Powerlifting,Barbell
Bad,JM Press With Bands,None,Beginner,Triceps,Strength,Barbell
Bad,JM Press,None,Beginner,Triceps,Strength,Barbell
Bad,Floor Press with Chains,None,Beginner,Triceps,Powerlifting,Barbell
Bad,Reverse Band Bench Press,None,Beginner,Triceps,Powerlifting,Barbell
Good,Decline Barbell Triceps Extension - Gethin Variation,The decline EZ-bar skullcrusher is an upper body isolation exercise targeting the triceps.,Intermediate,Triceps,Strength,Barbell
Best,AM Skullcrusher,"The EZ-bar skullcrusher is a popular exercise targeting the triceps muscles. The EZ-bar is used more often than a straight bar. As for the name, that’s worst-case scenario. The bar should actually come down behind the head. It is usually performed for moderate to high reps as part of an upper body or arms-focused workout. No need to chase a 1RM on this move!",Intermediate,Triceps,Strength,Barbell
Bad,30 Arms Close-Grip Bench Press,None,Intermediate,Triceps,Strength,Barbell
Best,30 Arms Barbell Skullcrusher,None,Intermediate,Triceps,Strength,Barbell
Good,FYR2 Sprawl Over Kettlebell,None,Intermediate,Triceps,Strength,Kettlebells
Best,Dumbbell floor press,"The dumbbell floor press is a multijoint pressing exercise performed lying on the floor. It can be performed either with the knees bent or flat. The floor press limits the range of motion you would achieve with a regular dumbbell bench press, but still targets the chest, triceps, and anterior delts. This allows you to press more weight than in a dumbbell bench press, and perhaps put less stress on the shoulders.",Intermediate,Triceps,Powerlifting,Dumbbell
Best,Seated triceps press,"The seated triceps press is a popular arm-building exercise that targets the triceps with a single dumbbell held by both hands, extending it up behind your head. While you can go surprisingly heavy on this movement, it is usually performed for moderate to high reps, such as 8-12 reps per set or more, as part of the upper-body or arm-focused portion of a workout. If you're going heavy, having someone help get the weight into position is a good idea.",Intermediate,Triceps,Strength,Dumbbell
Best,Tricep Dumbbell Kickback,The single-arm triceps kick-back is an isolation move from a bent-over position used to increase size and strength of the triceps.,Intermediate,Triceps,Strength,Dumbbell
Best,Standing Dumbbell Triceps Extension,None,Intermediate,Triceps,Strength,Dumbbell
Best,Double-arm triceps kick-back,"The double-arm triceps kick-back is a popular movement to increase size and strength of the triceps. It is usually performed for moderate to high reps, at least 8-12 reps, as part of an upper-body or arm-focused workout.",Intermediate,Triceps,Strength,Dumbbell
Best,Single-arm dumbbell triceps extension,"The single-arm dumbbell triceps extension is a popular exercise targeting the triceps one side at a time. It targets all three heads of the triceps, but when performed with the arm overhead, it can be especially effective at building the long head of the triceps. This exercise is usually performed for moderate to high reps, at least 8-12 reps per set, as part of the upper-body or arm-focused portion of a workout.",Intermediate,Triceps,Strength,Dumbbell
Best,Decline Dumbbell Triceps Extension,None,Beginner,Triceps,Strength,Dumbbell
Good,Dumbbell skullcrusher,"The dumbbell skullcrusher is a triceps exercise that has been a staple of bodybuilders for decades. Skullcrushers are usually performed for moderate to high reps, such as 8-12 reps per set or more, as part of an upper-body or arm-focused workout.",Intermediate,Triceps,Strength,Dumbbell
Good,One Arm Pronated Dumbbell Triceps Extension,None,Beginner,Triceps,Strength,Dumbbell
Good,One Arm Supinated Dumbbell Triceps Extension,None,Beginner,Triceps,Strength,Dumbbell
Good,Seated Bent-Over Two-Arm Dumbbell Triceps Extension,None,Beginner,Triceps,Strength,Dumbbell
Good,Tate Press,None,Beginner,Triceps,Strength,Dumbbell
Good,Standing Bent-Over One-Arm Dumbbell Triceps Extension,The single-arm triceps kick-back is an isolation move from a bent-over position used to increase size and strength of the triceps.,Intermediate,Triceps,Strength,Dumbbell
Good,Seated Bent-Over One-Arm Dumbbell Triceps Extension,None,Beginner,Triceps,Strength,Dumbbell
Good,Dumbbell Tricep Extension -Pronated Grip,None,Beginner,Triceps,Strength,Dumbbell
Bad,V-sit with overhead triceps extension,"The V-sit with overhead triceps extension is a hybrid movement that trains the abdominal and triceps muscles simultaneously. It can address multiple muscle groups in a time-efficient muscle-building or circuit-style workout, while also providing a cardiovascular challenge.",Intermediate,Triceps,Strength,Dumbbell
Bad,PJR Pull-Over,None,Intermediate,Triceps,Strength,Dumbbell
Good,Paul Carter Dumbbell Kick-Back,The single-arm triceps kick-back is an isolation move from a bent-over position used to increase size and strength of the triceps.,Intermediate,Triceps,Strength,Dumbbell
Best,Single-arm dumbbell skullcrusher,"The single-arm dumbbell skullcrusher is a triceps exercise that has been a staple of bodybuilders for decades. Skullcrushers are usually performed for moderate to high reps, such as 8-12 reps per set or more, as part of an upper-body or arms-focused workout.",Intermediate,Triceps,Strength,Dumbbell
Best,Dumbbells-together incline bench press,"The dumbbells-together incline bench press is an exercise targeting the pectoral muscles, particularly the upper pecs. Squeezing the dumbbells together forces the chest muscles to work hard during the entire press. This press variation is usually performed for moderate to high reps, such as 8-12 reps per set or more, as part of upper-body or chest-focused training.",Intermediate,Triceps,Strength,Dumbbell
Good,Incline dumbbell overhead triceps extension,The incline dumbbell overhead triceps extension is a popular exercise targeting the triceps muscles. The incline angle helps to target the long head of the triceps in particular. This exercise is usually performed for moderate to high reps as part of an upper-body or arm-focused workout.,Intermediate,Triceps,Strength,Dumbbell
Good,Dumbbell Crush Press,None,Intermediate,Triceps,Strength,Dumbbell
Good,Holman Hovering Renegade Triceps Press,None,Intermediate,Triceps,Strength,Dumbbell
Good,Holman Heavy Triceps Press to Overhead Press,None,Intermediate,Triceps,Strength,Dumbbell
Bad,Total Fitness Close-Grip Dumbbell Press,"The close-grip dumbbell bench press puts a spin on a mainstay of workout enthusiasts worldwide. It’s a classic move for building a bigger, stronger chest. The difference here is that the dumbbells are held closer together.",Intermediate,Triceps,Strength,Dumbbell
Bad,Dumbbell row to triceps kick-back,"The dumbbell row to triceps kick-back is a dumbbell complex that combines two movements that collectively target the muscles of the lats (latissimus dorsi), upper back, and triceps. It also isometrically targets the core, hamstrings, and glutes. It is usually performed one rep of each movement at a time, although you could perform more reps of each, or increase the reps in successive rounds (e.g., 1 rep in round 1, 2 reps in round 2, etc.). No matter how you structure the sets and reps, it is a time-efficient way to hit two crucial upper-body muscles in any workout.",Intermediate,Triceps,Strength,Dumbbell
Best,Rolling triceps press,"The rolling triceps press is a dynamic triceps exercise that is popular as a bench press accessory movement among powerlifters. It can be done in traditional muscle-building rep ranges, such as 8-12 reps per set, or for very high reps of 50-100 reps per set to boost triceps size and strength. It can be performed on a bench or on the floor if a bench is unavailable.",Intermediate,Triceps,Strength,Dumbbell
Best,MetaBurn Skullcrusher to Ab Crunch,None,Intermediate,Triceps,Strength,Dumbbell
Bad,FYR2 Single-Dumbbell Triceps Extension,None,Intermediate,Triceps,Strength,Dumbbell
Good,30 Arms Overhead Dumbbell Triceps Extension,None,Intermediate,Triceps,Strength,Dumbbell
Good,30 Arms Dumbbell Skullcrusher,None,Intermediate,Triceps,Strength,Dumbbell
Bad,30 Arms Dumbbell Kick-Back,None,Intermediate,Triceps,Strength,Dumbbell
Bad,30 Arms BFR Dumbbell Kick-Back,None,Intermediate,Triceps,Strength,Dumbbell
Best,Dumbbell saw triceps skullcrusher,"The dumbbell saw triceps skullcrusher is a variation of the classic skullcrusher triceps exercise that has been a staple of bodybuilders for decades. It combines a dumbbell skullcrusher with a dumbbell shoulder press. It is usually performed for moderate to high reps, such as 8-12 reps per set or more, as part of an upper-body or arm-focused workout.",Intermediate,Triceps,Strength,Dumbbell
Good,Chain Handle Extension,None,Beginner,Triceps,Powerlifting,Other
Bad,Sled Overhead Triceps Extension,None,Beginner,Triceps,Strength,Other
Bad,Body Triceps Press Using Flat Bench,The bodyweight triceps press is an arm movement that involves performing overhead presses in a face-down position on a Smith machine or other raised bar. It is a surprisingly difficult movement that hammers all three heads of the triceps and can easily be scaled upward or downward in difficulty by moving the bar.,Intermediate,Triceps,Strength,Other
Bad,Suspended Triceps Press,None,Beginner,Triceps,Strength,Other
Best,Seated triceps push-down,The seated triceps push-down is a triceps exercise that is performed with a rope attachment. The seated position helps eliminate the use of momentum. It is usually performed for moderate to high reps as part of the arm-focused portion of a workout.,Intermediate,Triceps,Strength,Other
Best,Machine triceps extension-,"The machine triceps extension is a popular exercise to build size and strength in the triceps muscles. It approximates the motion of a free-weight skullcrusher, but uses a selectorized weight-stack or plate-loaded machine. Machine triceps extensions are often done for moderate to high reps, such as 8-12 reps per set or more, as part of the upper-body or arm-focused portion of a workout.",Intermediate,Triceps,Strength,Other
Best,Holman Overhead Weighted Triceps Press,None,Intermediate,Triceps,Strength,Other
Good,30 Arms Weighted Triceps Dip,None,Intermediate,Triceps,Strength,Other
Best,Cable V-bar push-down,"The cable V-bar push-down is a popular gym exercise for targeting the triceps. It utilizes an angled bar, which can allow you to move heavier weights more comfortably than a straight bar or rope. It is usually performed for moderate to high reps, such as 8-12 reps or more per set, as part of an upper-body or arm-focused workout.",Intermediate,Triceps,Strength,Cable
Best,Reverse Grip Triceps Pushdown,"The reverse-grip cable straight-bar push-down is a twist on the popular cable straight-bar push-down. The difference has to do with how the hands are positioned holding the bar: the palms facing up rather than down. Because grip will be a limiting factor, this movement is usually performed for moderate to high reps, such as 8-12 reps per set or higher.",Intermediate,Triceps,Strength,Cable
Best,Kneeling cable triceps extension,The kneeling cable triceps extension is a single-joint exercise meant to isolate the triceps muscles using a high pully on a cable stack and a bench. It can also be performed in a tall-kneeling stance from a low pully. It is most commonly used in muscle-building triceps or arm workouts.,Intermediate,Triceps,Strength,Cable
Best,Single-arm cable triceps extension,"The single-arm cable triceps extension is a single-joint isolation exercise for building the triceps. It involves driving a handle attached to a cable stack overhead to full extension. It is usually performed for moderate to high reps, such as 8-12 reps per set or more, as part of an upper-body or arm-focused workout.",Intermediate,Triceps,Strength,Cable
Best,Dip Machine,"The dip machine is a machine exercise that mimics a triceps dip, a bodyweight exercise performed on parallel bars or on a pull-up and dip station. It targets the triceps first, but also stretches and strengthens the chest and shoulders. Dips with a triceps focus are usually performed with an upright torso, the knees bent and crossed, and the arms close to the body. Dips can be performed for low reps for strength or higher reps for muscle growth.",Intermediate,Triceps,Strength,Cable
Best,Triceps Pushdown,"The cable V-bar push-down is a popular gym exercise for targeting the triceps. It utilizes an angled bar, which can allow you to move heavier weights more comfortably than a straight bar or rope. It is usually performed for moderate to high reps, such as 8-12 reps or more per set, as part of an upper-body or arm-focused workout.",Intermediate,Triceps,Strength,Cable
Best,Low cable overhead triceps extension,"The low cable overhead triceps extension is a single-joint isolation exercise for building the triceps. It involves lying on a bench and then driving the rope handle to full extension. It is usually performed for moderate to high reps, such as 8-12 reps per set or more, as part of an upper-body or arm-focused workout.",Intermediate,Triceps,Strength,Cable
Best,Lying cable triceps extension,The lying cable triceps extension is an isolation exercise performed lying on either a bench or the floor. This movement is usually performed for moderate to high reps for a burn and pump as part of an arm-focused workout.,Intermediate,Triceps,Strength,Cable
Good,Low Cable Triceps Extension,None,Beginner,Triceps,Strength,Cable
Good,Cable overhead triceps extension,"The cable overhead triceps extension is a cable exercise performed in a seated position, targeting the triceps muscles. While it hits all three heads of the triceps, the overhead position helps to target the long head in particular. The seated position helps eliminate the use of momentum. It is usually performed for moderate to high reps as part of the arm-focused portion of a workout.",Intermediate,Triceps,Strength,Cable
Good,Single-arm low cable triceps extension,"The single-arm low cable triceps extension is a single-joint isolation exercise for building the triceps. It involves driving a handle attached to a cable stack overhead to full extension. It is usually performed for moderate to high reps, such as 8-12 reps per set or more, as part of an upper-body or arm-focused workout.",Intermediate,Triceps,Strength,Cable
Good,Incline cable straight-bar triceps extension,"The incline cable straight-bar triceps extension is a single-joint arm exercise performed on an incline bench. This incline position offers a great stretch and range of motion, potentially targeting the long head of the triceps more than some other triceps exercises. It is usually performed for moderate to high reps as part of the arm-focused portion of a workout.",Intermediate,Triceps,Strength,Cable
Best,Paul Carter Overhead Rope Triceps Extension,"The rope overhead triceps extension is a single-joint exercise focused on the triceps and using a cable stack with a rope handle. The overhead position targets the long head of the triceps in particular. Many lifters save this move for last in their triceps workout, performing it for moderate to high reps, like at least 8-12 reps or higher.",Intermediate,Triceps,Strength,Cable
Bad,TBS Rope Cable Push-Down,"The cable rope push-down is a popular exercise targeting the triceps muscles. It's easy to learn and perform, making it a favorite for everyone from beginners to advanced lifters. It is usually performed for moderate to high reps, such as 8-12 reps or more per set, as part of an upper-body or arm-focused workout.",Intermediate,Triceps,Strength,Cable
Good,Single-arm cable triceps kick-back,"The single-arm cable triceps kick-back is an isolation exercise that targets the triceps. This is a common burnout move performed for moderate to high reps, such as 8-12 reps per set or more, as part of an upper-body or arm-focused workout.",Intermediate,Triceps,Strength,Cable
Best,Incline cable rope triceps extension,"The incline cable rope triceps extension is a single-joint arm exercise performed on an incline bench. This incline position offers a great stretch and range of motion, potentially targeting the long head of the triceps more than some other triceps exercises. It is usually performed for moderate to high reps as part of the arm-focused portion of a workout.",Intermediate,Triceps,Strength,Cable
Good,Reverse-grip cable straight-bar push-down,"The reverse-grip cable straight-bar push-down is a twist on the popular cable straight-bar push-down. The difference has to do with how the hands are positioned holding the bar: the palms facing up rather than down. Because grip will be a limiting factor, this movement is usually performed for moderate to high reps, such as 8-12 reps per set or higher.",Intermediate,Triceps,Strength,Cable
Good,Kneeling Cable Triceps Extension - Gethin Variation,"The kneeling cable triceps extension is an single-joint exercise meant to isolate the triceps muscles, using a high pully on a cable stack and a bench. It can also be performed in a tall-kneeling stance from a low pully. It is most commonly used in muscle-building triceps or overall arms workouts.",Intermediate,Triceps,Strength,Cable
Best,Cable Overhead Triceps Extension - Gethin Variation,The overhead triceps extension is an isolation exercise that is performed with a cable. It is usually performed for moderate to high reps as part of the arm-focused portion of a workout.,Intermediate,Triceps,Strength,Cable
Good,Reverse-Grip Cable Triceps Pushdown - Gethin Variation,"The reverse-grip cable straight-bar push-down is a twist on the popular cable straight-bar push-down. The difference has to do with how the hands are positioned holding the bar: the palms facing up rather than down. Because grip will be a limiting factor, this movement is usually performed for moderate to high reps, such as 8-12 reps per set or higher.",Intermediate,Triceps,Strength,Cable
Bad,Cable Triceps Extension - Gethin Variation,"The cable rope push-down is a popular exercise targeting the triceps muscles. It's easy to learn and perform, making it a favorite for everyone from beginners to advanced lifters. It is usually performed for moderate to high reps, such as 8-12 reps or more per set, as part of an upper-body or arm-focused workout.The cable rope push-down is a popular exercise targeting the triceps muscles. It's easy to learn and perform, making it a favorite for everyone from beginners to advanced lifters. It is usually performed for moderate to high reps, such as 8-12 reps or more per set, as part of an upper-body or arm-focused workout.",Intermediate,Triceps,Strength,Cable
Bad,Single-arm incline triceps extension,The single-arm incline triceps extension is a dumbbell exercise targeting the triceps. The incline angle helps to target the long head of the triceps in particular. This exercise is usually performed for moderate to high reps as part of an upper-body or arm-focused workout.,Intermediate,Triceps,Strength,Cable
Good,Triceps Overhead Extension with Rope - Gethin Variation,The overhead triceps extension is an isolation exercise that is performed with a cable. It is usually performed for moderate to high reps as part of the arm-focused portion of a workout.,Intermediate,Triceps,Strength,Cable
Bad,Cable rope push-down,"The cable rope push-down is a popular exercise targeting the triceps muscles. It's easy to learn and perform, making it a favorite for everyone from beginners to advanced lifters. It is usually performed for moderate to high reps, such as 8-12 reps or more per set, as part of an upper-body or arm-focused workout.",Intermediate,Triceps,Strength,Cable
Best,Cable straight-bar push-down,"The cable straight-bar push-down is a popular gym exercise for targeting the triceps. It is usually performed for moderate to high reps, such as 8-12 reps or more per set, as part of an upper-body or arm-focused workout.",Intermediate,Triceps,Strength,Cable
Bad,Straight-arm bar pull-down,"The straight-arm bar pull-down is a variation of the straight-arm lat pull-down performed using a cable stack machine. It can either be performed in an athletic upright stance, or slightly bent over. It both stretches and contracts the muscles of the lats (latissimus dorsi) as well as providing additional activation to the other upper back muscles and the core. Because the triceps are also isometrically involved in the movement, it is usually performed for higher reps, such as 8-15 reps or more.",Intermediate,Triceps,Strength,Cable
Good,AM Rope Triceps Pushdown,"The cable rope push-down is a popular exercise targeting the triceps muscles. It's easy to learn and perform, making it a favorite for everyone from beginners to advanced lifters. It is usually performed for moderate to high reps, such as 8-12 reps or more per set, as part of an upper-body or arm-focused workout.",Intermediate,Triceps,Strength,Cable
Best,AM Bar Triceps Push-Down,"The cable straight-bar push-down is a popular gym exercise for targeting the triceps. It is usually performed for moderate to high reps, such as 8-12 reps or more per set, as part of an upper-body or arm-focused workout.",Intermediate,Triceps,Strength,Cable
Bad,Rope overhead triceps extension,"The rope overhead triceps extension is a single-joint exercise focused on the triceps that uses a cable stack with a rope handle. The overhead position targets the long head of the triceps in particular. Many lifters save this move for last in their triceps workout, performing it for moderate to high reps, such as 8-12 reps or more per set.",Intermediate,Triceps,Strength,Cable
Bad,UP Rope Push-down,"The cable rope push-down is a popular exercise targeting the triceps muscles. It's easy to learn and perform, making it a favorite for everyone from beginners to advanced lifters. It is usually performed for moderate to high reps, such as 8-12 reps or more per set, as part of an upper-body or arm-focused workout.",Intermediate,Triceps,Strength,Cable
Best,UP Triceps Extension Straight-Bar Push-Down,"The cable straight-bar push-down is a popular gym exercise for targeting the triceps. It is usually performed for moderate to high reps, such as 8-12 reps or more per set, as part of an upper-body or arm-focused workout.",Intermediate,Triceps,Strength,Cable
Best,LD Cable One-Arm Upright Row,None,Intermediate,Triceps,Strength,Cable
Bad,30 Arms Underhand Cable Straight-Bar Push-Down,None,Intermediate,Triceps,Strength,Cable
Bad,30 Arms Single-Arm Reverse-Grip Cable Push-Down,None,Intermediate,Triceps,Strength,Cable
Best,30 Arms Cable V-Bar Push-Down,None,Intermediate,Triceps,Strength,Cable
Bad,30 Arms Cable Straight-Bar Push-Down,None,Intermediate,Triceps,Strength,Cable
Good,30 Arms Cable Rope Push-Down,None,Intermediate,Triceps,Strength,Cable
Good,30 Arms Cable Rope Overhead Triceps Extension,None,Intermediate,Triceps,Strength,Cable
Bad,BFR underhand straight-bar push-down,"The blood flow restriction (BFR) underhand straight-bar push-down is an arm movement that builds triceps size and strength using a cable stack, straight-bar grip, and blood flow restriction bands. It is popular in high-rep ""pump""-style arm workouts. The bands should be placed as high as possible on your arms, at a tightness of no greater than 8 on a scale of 10. Most BFR workouts recommend using a far lighter weight than usual, perhaps as low as 25-50 percent of a normal working weight.",Intermediate,Triceps,Strength,Cable
Best,BFR overhand straight-bar push-down,"The blood flow restriction (BFR) overhand straight-bar push-down is an arm movement that builds triceps size and strength using a cable stack, straight-bar grip, and blood flow restriction bands. It is popular in high-rep ""pump""-style arm workouts. The bands should be placed as high as possible on your arms, at a tightness of no greater than 8 on a scale of 10. Most BFR workouts recommend using a far lighter weight than usual, perhaps as low as 25-50 percent of a normal working weight.",Intermediate,Triceps,Strength,Cable
Bad,BFR cable rope push-down,"The blood flow restriction (BFR) cable rope push-down is an arm movement that builds triceps size and strength using a cable stack, rope grip, and blood flow restriction bands. It is popular in high-rep ""pump""-style arm workouts. The bands should be placed as high as possible on your arms, at a tightness of no greater than 8 on a scale of 10. Most BFR workouts recommend using a far lighter weight than usual, perhaps as low as 25-50 percent of a normal working weight.",Intermediate,Triceps,Strength,Cable
Good,Triceps Pressdown,None,Intermediate,Triceps,Strength,Cable
Good,Machine Triceps Extension,The machine triceps extension is an isolation exercise targeting the tricep muscles.,Intermediate,Triceps,Strength,Machine
Good,Smith machine end-grip shoulder press,"The Smith machine end-grip shoulder press is a machine-based exercise targeting the shoulder muscles. It is performed holding the end of the bar in the Smith machine on the outside of the rack. It is usually performed for moderate to high reps, such as 8-12 reps per set or more, as part of an upper-body or shoulder-focused workout.",Intermediate,Triceps,Strength,Machine
Best,Assist machine triceps push-down,"The assist machine triceps push-down is a triceps-focused exercise that is performed on an assisted pull-up or dip station. It is performed by pressing downward on the knee pad of the machine, against the resistance of the weight. It approximates the motion of a triceps cable rope push-down, but with open hands. This variation is often performed for moderate to high reps, such as 8-12 reps per set or more, as part of upper-body or arm-focused training.",Intermediate,Triceps,Strength,Machine
Bad,Smith machine close-grip bench press-,"The Smith machine close-grip bench press is a machine-based movement targeting the chest and triceps. The Smith machine mimics a barbell but provides more stability. This movement can be programmed in low reps for strength or higher reps for muscle and strength endurance. It is often performed for moderate to high reps, such as 8-12 reps per set or more, as part of a chest, arms, or upper-body focused workout.",Intermediate,Triceps,Strength,Machine
Bad,Machine Triceps Extension - Gethin Variation,The machine triceps extension is an isolation exercise targeting the tricep muscles.,Intermediate,Triceps,Strength,Machine
Good,Overhead Machine Triceps Extension - Gethin Variation,The machine triceps extension is an isolation exercise targeting the tricep muscles.,Intermediate,Triceps,Strength,Machine
Good,30 Arms Machine Triceps Dip,None,Intermediate,Triceps,Strength,Machine
Best,Triceps dip,"The triceps dip is a bodyweight exercise performed on parallel bars or on a pull-up and dip station. It targets the triceps first, but also stretches and strengthens the chest and shoulders. Dips with a triceps focus are usually performed with an upright torso, the knees bent and crossed, and the arms close to the body. Dips can be performed for low reps for strength or higher reps for muscle growth.",Intermediate,Triceps,Strength,Body Only
Best,Weighted bench dip,The weighted bench dip is a highly effective exercise for building the triceps. The resistance comes from a combination of body weight and added weight—usually a weight plate.,Intermediate,Triceps,Strength,Body Only
Best,Push-Ups - Close Triceps Position,"The close push-up is an upper-body exercise that targets the chest, triceps, and shoulders. The close hand position places more emphasis on the triceps.",Intermediate,Triceps,Strength,Body Only
Best,Parallel Bar Dip,"The triceps dip is a bodyweight exercise performed on parallel bars or on a pull-up and dip station. It targets the triceps first, but also stretches and strengthens the chest and shoulders. Dips with a triceps focus are usually performed with an upright torso, the knees bent and crossed, and the arms close to the body. Dips can be performed for low reps for strength or higher reps for muscle growth.",Intermediate,Triceps,Strength,Body Only
Best,Ring dip,"The ring dip is an upper-body strength exercise performed on gymnastic rings. It targets the muscles of the chest, triceps, and shoulders, but is also quite taxing to the core. It is generally considered to be more difficult than dips performed on parallel bars. It is common in gymnastics training and CrossFit workouts, but is also a simple way to make dips more challenging for any strength athlete.",Intermediate,Triceps,Strength,Body Only
Best,Feet-elevated bench dip,"The feet-elevated bench dip is a popular bodyweight exercise for building the triceps, chest, and shoulders. Elevating the feet brings more chest and shoulder into the movement, but also allows for extra weight on the hips. If these bother your shoulders, try performing them between two benches or chairs rather than on a single bench.",Intermediate,Triceps,Strength,Body Only
Good,Bodyweight triceps press,The bodyweight triceps press is an arm movement that involves performing overhead presses in a face-down position on a Smith machine or other raised bar. It is a surprisingly difficult movement that hammers all three heads of the triceps and the difficulty can easily be scaled up or down by moving the bar.,Intermediate,Triceps,Strength,Body Only
Good,Standing Towel Triceps Extension,None,Beginner,Triceps,Strength,Body Only
Bad,Tricep Side Stretch,None,Intermediate,Triceps,Stretching,Body Only
Bad,Triceps Stretch,None,Intermediate,Triceps,Stretching,Body Only
Bad,Overhead Triceps,None,Beginner,Triceps,Stretching,Body Only
Bad,Russian Bar Dip,"The Russian dip is a chest-and-triceps building exercise that resembles the chest dip, albeit with a twist that makes it even harder and more taxing.",Intermediate,Triceps,Strength,Body Only
Bad,Straight-arm plank with kick-back,"The straight-arm plank with kick-back is a hybrid movement that trains the abdominal and triceps muscles simultaneously. It can address multiple muscle groups in a time-efficient muscle-building or circuit-style workout, while also providing an additional cardiovascular challenge.",Intermediate,Triceps,Strength,Body Only
Best,TBS Dip,The triceps dip is a machine version of an exercise that many lifters perform using parallel bars or two parallel benches. The machine is found in many gyms.,Intermediate,Triceps,Strength,Body Only
Best,Bench Dips - Gethin Variation,"The bench dip is a highly effective exercise for building the triceps. The resistance comes from the body itself, rather than weight.",Intermediate,Triceps,Strength,Body Only
Good,Banded dip,"The banded dip is a bodyweight exercise targeting the chest, triceps, and shoulders. This variation utilizes an exercise band to help support the lifter in the bottom part of the movement. This makes pushing out of the hole easier, and may combat the shoulder pain that some lifters feel when they perform dips. The top of the movement receives less help from the band, putting more stress on the triceps.",Intermediate,Triceps,Strength,Body Only
Best,Bench Dip - Gethin Variation,"The bench dip is a highly effective exercise for building the triceps. The resistance comes from the body itself, rather than weight.",Intermediate,Triceps,Strength,Body Only
Best,HM Chair Dip,None,Intermediate,Triceps,Strength,Body Only
Good,Bench dip,"The bench dip is a highly effective exercise for building the triceps. The resistance comes from the body itself, rather than added weight.",Intermediate,Triceps,Strength,Body Only
Bad,Holman Step Triceps Dip,None,Intermediate,Triceps,Strength,Body Only
Best,Holman Chair Triceps Dip,None,Intermediate,Triceps,Strength,Body Only
Best,Bodyweight Triceps Rope Press,None,Intermediate,Triceps,Strength,Body Only
Best,Holman Heavy Triceps Overhead Press,None,Intermediate,Triceps,Strength,Body Only
Bad,Holman Couch Triceps Dip,None,Intermediate,Triceps,Strength,Body Only
Bad,FYR2 Triceps Push-Up,None,Intermediate,Triceps,Strength,Body Only
Best,30 Arms Triceps Dip,None,Intermediate,Triceps,Strength,Body Only
Best,30 Arms Close-Grip Push-Up,None,Intermediate,Triceps,Strength,Body Only
Bad,30 Arms BFR Close-Grip Push-Up,None,Intermediate,Triceps,Strength,Body Only
Good,Supine Chest Throw,None,Beginner,Triceps,Plyometrics,Medicine Ball
Best,Decline EZ-bar skullcrusher,"The decline EZ-bar skullcrusher is a popular exercise targeting the triceps muscles. The angle of the bench creates a greater range of motion than flat bench skullcrushers, as well as targeting the lateral head of the muscle. This exercise is usually performed for moderate to high reps as part of an upper-body or arm-focused workout.",Intermediate,Triceps,Strength,E-Z Curl Bar
Best,EZ-Bar Skullcrusher,"The EZ-bar skullcrusher is a popular exercise targeting the triceps muscles. The EZ-bar is used more often than a straight bar. As for the name, that’s worst-case scenario. The bar should actually come down behind the head. It is usually performed for moderate to high reps as part of an upper body or arms-focused workout. No need to chase a 1RM on this move!",Intermediate,Triceps,Strength,E-Z Curl Bar
Good,EZ-bar skullcrusher-,"The EZ-bar skullcrusher is a popular exercise targeting the triceps muscles. Contrary to what the name implies, the bar should actually come down behind the head. It is usually performed for moderate to high reps as part of an upper-body or arms-focused workout.",Intermediate,Triceps,Strength,E-Z Curl Bar
Good,Lying Close-Grip Barbell Triceps Press To Chin,None,Beginner,Triceps,Strength,E-Z Curl Bar
Bad,EZ-Bar Skullcrusher - Gethin Variation,"The EZ-bar skullcrusher is a popular exercise targeting the triceps muscles. The EZ-bar is used more often than a straight bar. As for the name, that’s worst-case scenario. The bar should actually come down behind the head. It is usually performed for moderate to high reps as part of an upper body or arms-focused workout. No need to chase a 1RM on this move!",Intermediate,Triceps,Strength,E-Z Curl Bar
Best,TBS Skullcrusher,"The EZ-bar skullcrusher is a popular exercise targeting the triceps muscles. The EZ-bar is used more often than a straight bar. As for the name, that’s worst-case scenario. The bar should actually come down behind the head. It is usually performed for moderate to high reps as part of an upper body or arms-focused workout. No need to chase a 1RM on this move!",Intermediate,Triceps,Strength,E-Z Curl Bar
Bad,30 Arms EZ-Bar Skullcrusher,None,Intermediate,Triceps,Strength,E-Z Curl Bar
